isin,name,ticker,size,asset_class,currency,domicile_country,hedged,dividends,ter,number_of_holdings,index,symbol,Fund size,Volatility,1 year,3 year,5 year
BG9000011163,Expat Bulgaria SOFIX UCITS ETF,BGX,4.0,equity,BGN,Bulgaria,False,Accumulating,1.3,10.0,SOFIX,BGX.DE,EUR 8 m,16.36%,+21.43%,+70.00%,+93.18%
BGCROEX03189,Expat Croatia CROBEX UCITS ETF,ECDC,0.0,equity,EUR,Bulgaria,False,Accumulating,1.38,12.0,CROBEX,ECDC.DE,EUR 0 m,12.29%,+17.39%,+77.63%,+68.75%
BGCZPX003174,Expat Czech PX UCITS ETF,CZX,0.0,equity,EUR,Bulgaria,False,Accumulating,1.38,7.0,PX,CZX.DE,EUR 1 m,17.20%,+21.93%,+96.55%,+128.00%
BGGRASE06174,Expat Greece ASE UCITS ETF,GRX,0.0,equity,EUR,Bulgaria,False,Accumulating,1.38,20.0,FTSE ATHEX Composite,GRX.DE,EUR 0 m,19.36%,+26.62%,+89.32%,+124.14%
BGHUBUX01189,Expat Hungary BUX UCITS ETF,HUBE,0.0,equity,EUR,Bulgaria,False,Accumulating,1.38,15.0,BUX,HUBE.DE,EUR 1 m,24.37%,+41.28%,+144.44%,+75.00%
BGMACMB06181,Expat Macedonia MBI10 UCITS ETF,MKK1,0.0,equity,EUR,Bulgaria,False,Accumulating,1.38,7.0,MBI10,MKK1.DE,EUR 0 m,8.37%,-7.75%,+47.83%,+46.01%
BGPLWIG04173,Expat Poland WIG20 UCITS ETF,PLX,0.0,equity,EUR,Bulgaria,False,Accumulating,1.38,18.0,WIG 20,PLX.DE,EUR 1 m,19.82%,+25.93%,+92.45%,+37.84%
BGROBET05176,Expat Romania BET UCITS ETF,ROX,2.0,equity,EUR,Bulgaria,False,Accumulating,1.38,19.0,BET,ROX.DE,EUR 2 m,15.88%,+66.67%,+123.27%,+161.03%
BGSKSAX04187,Expat Slovakia SAX UCITS ETF,SK9A,0.0,equity,EUR,Bulgaria,False,Accumulating,1.38,1.0,SAX,SK9A.DE,EUR 0 m,16.10%,-13.73%,-24.14%,-47.62%
BGSLOBI02187,Expat Slovenia SBI TOP UCITS ETF,SLQX,3.0,equity,EUR,Bulgaria,False,Accumulating,1.38,7.0,SBI TOP,SLQX.DE,EUR 1 m,16.21%,+31.76%,+145.60%,+171.68%
BGSRBBE05183,Expat Serbia BELEX15 UCITS ETF,ESNB,0.0,equity,EUR,Bulgaria,False,Accumulating,1.38,3.0,BELEX15,ESNB.DE,EUR 0 m,10.27%,-2.22%,-7.37%,-8.33%
CH1390861313,Leonteq FuW Swiss 50 Index ETP EUR,FW50,,equity,EUR,Switzerland,False,Accumulating,0.72,,FuW Swiss 50,,EUR - m,12.90%,+9.29%,-,-
DE0005933923,iShares MDAX UCITS ETF (DE),EXS3,2337.0,equity,EUR,Germany,False,Accumulating,0.51,50.0,MDAX®,EXS3.BE,"EUR 1,658 m",18.17%,+7.90%,+22.03%,-2.96%
DE0005933931,iShares Core DAX® UCITS ETF (DE) EUR (Acc),EXS1,8706.0,equity,EUR,Germany,False,Accumulating,0.16,40.0,DAX®,EXS1.BE,"EUR 8,678 m",15.72%,+4.47%,+55.02%,+57.35%
DE0005933972,iShares TecDAX UCITS ETF (DE),EXS2,639.0,equity,EUR,Germany,False,Accumulating,0.51,30.0,TecDAX®,EXS2.BE,EUR 661 m,17.45%,+7.30%,+26.44%,+17.55%
DE000A0Q4R69,iShares DAX ESG UCITS ETF (DE),EXIA,116.0,equity,EUR,Germany,False,Accumulating,0.12,40.0,DAX® ESG Target,,EUR 123 m,15.72%,+5.07%,+54.92%,+55.53%
DE000A0Q4R85,iShares MSCI Brazil UCITS ETF (DE) USD (Acc),4BRZ,3643.0,equity,USD,Germany,False,Accumulating,0.31,45.0,MSCI Brazil,,"EUR 4,223 m",21.18%,+33.93%,+36.45%,+48.72%
DE000A2QP372,iShares EURO STOXX Banks 30-15 UCITS ETF (DE) EUR (Acc),EXI4,243.0,equity,EUR,Germany,False,Accumulating,0.52,29.0,EURO STOXX® Banks 30-15,,EUR 234 m,23.31%,+40.16%,+207.48%,-
DE000A2QP380,iShares EURO STOXX Select Dividend 30 UCITS ETF (DE) EUR (Acc),EXI0,29.0,equity,EUR,Germany,False,Accumulating,0.32,30.0,EURO STOXX® Select Dividend 30,,EUR 39 m,11.16%,+22.02%,+76.06%,-
DE000A2QP398,iShares STOXX Europe 600 Technology UCITS ETF (DE) EUR (Acc),EXH0,16.0,equity,EUR,Germany,False,Accumulating,0.39,27.0,STOXX® Europe 600 Technology,,EUR 21 m,22.45%,+16.61%,+39.59%,-
DE000A2QP4A8,iShares STOXX Europe 600 Automobiles & Parts UCITS ETF (DE) EUR (Acc),EXHG,10.0,equity,EUR,Germany,False,Accumulating,0.41,13.0,STOXX® Europe 600 Automobiles & Parts,,EUR 8 m,22.16%,-10.41%,-13.82%,-
DE000A2QP4B6,iShares STOXX Europe 600 UCITS ETF (DE) EUR (Acc),EXIE,849.0,equity,EUR,Germany,False,Accumulating,0.2,600.0,STOXX® Europe 600,,EUR 912 m,12.09%,+17.16%,+47.83%,-
DE000A2QP4C4,iShares Dow Jones Global Titans 50 UCITS ETF (DE) EUR (Acc),EXIF,4.0,equity,EUR,Germany,False,Accumulating,0.51,53.0,Dow Jones Global Titans 50,,EUR 7 m,12.65%,+34.83%,-,-
DE000ETFL011,Deka DAX UCITS ETF,EL4A,1715.0,equity,EUR,Germany,False,Accumulating,0.15,40.0,DAX®,EL4A.BE,"EUR 1,837 m",15.66%,+4.44%,+54.66%,+57.39%
DE000ETFL342,Deka MSCI Emerging Markets UCITS ETF ,EL40,170.0,equity,USD,Germany,False,Accumulating,0.65,,MSCI Emerging Markets,EL40.BE,EUR 241 m,16.68%,+46.57%,+72.83%,+44.57%
DE000ETFL441,Deka MDAX UCITS ETF,ELF1,396.0,equity,EUR,Germany,False,Accumulating,0.3,50.0,MDAX®,ELF1.BE,EUR 401 m,18.06%,+8.03%,+21.91%,-2.29%
DE000ETFL656,Deka STOXX Future Water ESG UCITS ETF ,EFQA,5.0,equity,EUR,Germany,False,Accumulating,0.55,,STOXX® Future Water ESG,,EUR 5 m,-,-,-,-
DE000ETFL664,Deka Europe Defense UCITS ETF ,D6RU,235.0,equity,EUR,Germany,False,Accumulating,0.4,,Solactive Europe Defense,,EUR 239 m,-,-,-,-
FR0007054358,Amundi EURO STOXX 50 II UCITS ETF Acc,LYSX,3923.0,equity,EUR,France,False,Accumulating,0.2,54.0,EURO STOXX® 50,LYSX.BE,"EUR 4,199 m",15.44%,+15.38%,+51.94%,+71.08%
FR0010261198,Amundi MSCI Europe UCITS ETF Acc,LYY5,611.0,equity,EUR,France,False,Accumulating,0.25,406.0,MSCI Europe,LYY5.BE,EUR 600 m,12.00%,+17.15%,+46.51%,+61.25%
FR0010342592,Amundi Nasdaq-100 Daily (2x) Leveraged UCITS ETF Acc,L8I7,1049.0,equity,EUR,France,False,Accumulating,0.6,,Nasdaq 100® Leverage (2x),L8I7.BE,"EUR 1,277 m",30.97%,+82.55%,+214.37%,+230.27%
FR0010361683,Amundi MSCI India Swap UCITS ETF EUR Acc,LYMD,1017.0,equity,EUR,France,False,Accumulating,0.85,,MSCI India,LYMD.BE,EUR 790 m,16.20%,-14.70%,+7.60%,+23.66%
FR0010375766,Amundi MSCI India Swap UCITS ETF USD Acc,NK4G,360.0,equity,USD,France,False,Accumulating,0.85,,MSCI India,NK4G.BE,EUR 196 m,15.60%,-15.20%,+7.69%,+23.28%
FR0010424135,Amundi EURO STOXX 50 Daily (-1x) Inverse UCITS ETF Acc,LSK7,32.0,equity,EUR,France,False,Accumulating,0.4,,EURO STOXX® 50 Short,LSK7.BE,EUR 41 m,15.56%,-11.31%,-26.60%,-39.51%
FR0010424143,Amundi EURO STOXX 50 Daily (-2x) Inverse UCITS ETF Acc,LSK8,26.0,equity,EUR,France,False,Accumulating,0.6,,EURO STOXX® 50 Short Leverage (-2x),LSK8.BE,EUR 24 m,32.09%,-25.00%,-54.55%,-71.52%
FR0010429068,Amundi MSCI Emerging Markets Swap II UCITS ETF EUR Acc,LYM7,904.0,equity,EUR,France,False,Accumulating,0.55,,MSCI Emerging Markets,LYM7.BE,"EUR 1,014 m",17.21%,+47.94%,+75.44%,+48.87%
FR0010435297,Amundi MSCI Emerging Markets Swap II UCITS ETF USD Acc,LNY4,122.0,equity,USD,France,False,Accumulating,0.55,,MSCI Emerging Markets,,EUR 168 m,16.50%,+47.34%,+75.97%,+48.72%
FR0010446146,Amundi FTSE MIB Daily (-1x) Inverse UCITS ETF Acc,BERMIB,24.0,equity,EUR,France,False,Accumulating,0.6,,FTSE MIB Short,BERMIB.MI,EUR 25 m,15.44%,-21.09%,-48.52%,-60.15%
FR0010446666,Amundi FTSE MIB Daily (-2x) Inverse UCITS ETF Acc,XBRMIB,35.0,equity,EUR,France,False,Accumulating,0.6,,FTSE MIB Short Leverage (-2x),XBRMIB.MI,EUR 32 m,40.29%,-42.86%,-78.08%,-87.88%
FR0010468983,Amundi EURO STOXX 50 Daily (2x) Leveraged UCITS ETF Acc,LYMZ,189.0,equity,EUR,France,False,Accumulating,0.4,,EURO STOXX® 50 Leverage (2x),LYMZ.BE,EUR 236 m,30.83%,+25.58%,+89.99%,+118.80%
FR0010591362,Amundi CAC 40 Daily (-1x) Inverse UCITS ETF Acc,LYMM,94.0,equity,EUR,France,False,Accumulating,0.4,,CAC 40® Short,LYMM.BE,EUR 87 m,13.98%,-5.28%,-9.35%,-30.15%
FR0010655704,Amundi CAC Transition Climat UCITS ETF,X13J,11.0,equity,EUR,France,False,Accumulating,0.25,69.0,CAC Transition Climat,X13J.BE,EUR 12 m,15.43%,+1.36%,+14.20%,+33.63%
FR0010655712,Amundi ETF DAX UCITS ETF DR,CG1G,1519.0,equity,EUR,France,False,Accumulating,0.1,40.0,DAX®,CG1G.BE,"EUR 1,423 m",15.67%,+4.50%,+55.23%,+57.72%
FR0010655746,Amundi IBEX 35 UCITS ETF Acc,AMES,359.0,equity,EUR,France,False,Accumulating,0.3,35.0,IBEX 35,AMES.DE,EUR 415 m,15.76%,+34.68%,+122.76%,+139.09%
FR0010717090,Amundi MSCI EMU High Dividend UCITS ETF UCITS ETF Acc,18M2,278.0,equity,EUR,France,False,Accumulating,0.3,50.0,MSCI EMU High Dividend Yield,,EUR 330 m,10.29%,+15.81%,+41.65%,+53.36%
FR0010755611,Amundi MSCI USA Daily (2x) Leveraged UCITS ETF Acc,18MF,975.0,equity,EUR,France,False,Accumulating,0.5,,MSCI USA Leveraged (2x),18MF.BE,"EUR 1,065 m",23.99%,+50.77%,+144.87%,+188.48%
FR0010756114,Amundi MSCI World Ex EMU UCITS ETF,ACM9,819.0,equity,EUR,France,False,Accumulating,0.35,,MSCI World ex EMU,ACM9.BE,EUR 933 m,10.30%,+24.32%,+64.71%,+84.07%
FR0010790980,Amundi Stoxx Europe 50 UCITS ETF,AE50,525.0,equity,EUR,France,False,Accumulating,0.15,,STOXX® Europe 50,AE50.BE,EUR 517 m,12.65%,+17.85%,+40.10%,+72.08%
FR0010821819,Amundi ETF MSCI Europe Ex EMU ESG Leaders UCITS ETF,540H,230.0,equity,EUR,France,False,Accumulating,0.3,109.0,MSCI Europe ex EMU ESG Leaders Select 5% Issuer Capped,,EUR 211 m,12.00%,+6.05%,+24.57%,+41.86%
FR0010869495,Amundi ShortDAX Daily (-2x) Inverse UCITS ETF Acc,LYQL,27.0,equity,EUR,France,False,Accumulating,0.6,,ShortDAX® Leverage (2x),LYQL.BE,EUR 23 m,33.44%,-9.09%,-56.52%,-66.89%
FR0010930644,Amundi Global Hydrogen UCITS ETF Acc,AMEE,286.0,equity,EUR,France,False,Accumulating,0.45,43.0,Bloomberg Hydrogen Screened,AMEE.BE,EUR 304 m,15.07%,+65.09%,+134.61%,+266.00%
FR0011036268,Amundi IBEX 35 Doble Inverso Diario (-2x) UCITS ETF Acc,2INVE,39.0,equity,EUR,France,False,Accumulating,0.6,,IBEX 35 Short Leverage (-2x),2INVE.MC,EUR 31 m,35.18%,-44.83%,-79.35%,-85.12%
FR0011042753,Amundi IBEX 35 Doble Apalancado Diario (2x) UCITS ETF Acc,IBEXA,78.0,equity,EUR,France,False,Accumulating,0.4,,IBEX 35 Leverage (2x),IBEXA.MC,EUR 91 m,31.58%,+67.81%,+312.31%,+327.62%
FR0011550177,BNP Paribas Easy S&P 500 UCITS ETF USD,ESAP,3323.0,equity,USD,France,False,Accumulating,0.14,,S&P 500®,,"EUR 3,824 m",11.56%,+25.01%,+69.94%,+98.56%
FR0011550185,BNP Paribas Easy S&P 500 UCITS ETF EUR,ESEE,3008.0,equity,EUR,France,False,Accumulating,0.14,,S&P 500®,ESEE.BE,"EUR 3,377 m",11.75%,+25.70%,+70.13%,+98.97%
FR0011550193,BNP Paribas Easy STOXX Europe 600 UCITS ETF,ETSZ,963.0,equity,EUR,France,False,Accumulating,0.18,,STOXX® Europe 600,ETSZ.BE,"EUR 1,063 m",12.06%,+17.08%,+47.28%,+59.88%
FR0011720911,Amundi MSCI China A UCITS ETF Acc,CNAA,139.0,equity,USD,France,False,Accumulating,0.35,384.0,MSCI China A,CNAA.BE,EUR 154 m,14.40%,+32.84%,+26.94%,-0.99%
FR0011758085,Amundi FTSE Italia PMI PIR 2020 UCITS ETF Acc,ITAMID,181.0,equity,EUR,France,False,Accumulating,0.4,74.0,FTSE Italia PIR PMI,ITAMID.MI,EUR 186 m,14.42%,+14.80%,+58.38%,+53.57%
FR0012399731,Amundi EURO STOXX 50 II UCITS ETF CHF Hedged Acc,MSEC,87.0,equity,CHF,France,True,Accumulating,0.2,54.0,EURO STOXX® 50 (CHF Hedged),,EUR 101 m,16.17%,+15.27%,+50.56%,+91.31%
FR0012399772,Amundi EURO STOXX 50 II UCITS ETF GBP Hedged Acc,NK4B,23.0,equity,GBP,France,True,Accumulating,0.2,54.0,EURO STOXX® 50 (GBP Hedged),,EUR 26 m,16.67%,+13.90%,+60.25%,+81.95%
FR0012399806,Amundi EURO STOXX 50 II UCITS ETF USD Hedged Acc,LYQ4,101.0,equity,USD,France,True,Accumulating,0.2,54.0,EURO STOXX® 50 (USD Hedged),LYQ4.BE,EUR 116 m,14.58%,+14.18%,+48.56%,+97.90%
FR0012739431,BNP Paribas Easy EURO STOXX 50 UCITS ETF,ETDD,732.0,equity,EUR,France,False,Accumulating,0.1,50.0,EURO STOXX® 50,ETDD.DE,EUR 789 m,15.47%,+15.83%,+52.37%,+72.29%
FR0013041530,BNP Paribas Easy S&P 500 UCITS ETF EUR Hedged,ESEH,1402.0,equity,EUR,France,True,Accumulating,0.14,,S&P 500® (EUR Hedged),ESEH.BE,"EUR 1,460 m",11.59%,+26.02%,+73.64%,+70.00%
FR0013209921,Amundi MSCI World Ex EMU SRI Climate Paris Aligned UCITS ETF Acc,WLDX,4.0,equity,USD,France,False,Accumulating,0.35,231.0,MSCI World ex EMU SRI Filtered PAB,WLDX.MI,EUR 4 m,11.50%,+12.16%,+36.97%,+51.21%
FR0013380607,Amundi CAC 40 UCITS ETF Acc,VOOP,856.0,equity,EUR,France,False,Accumulating,0.25,46.0,CAC 40®,VOOP.BE,"EUR 1,097 m",13.96%,+7.94%,+22.82%,+47.26%
FR0014002CH1,Amundi MSCI Water UCITS ETF Acc,WATC,102.0,equity,EUR,France,False,Accumulating,0.6,47.0,MSCI ACWI IMI Water Filtered,,EUR 65 m,11.15%,-1.19%,+25.81%,+32.34%
FR0014002IH8,Melanion Bitcoin Equities UCITS ETF,MBTC,10.0,equity,EUR,France,False,Accumulating,3.5,,Melanion Bitcoin Exposure,,EUR 11 m,62.33%,+47.59%,+207.22%,-
FR0014003FW1,Amundi MSCI World Climate Paris Aligned Umweltzeichen UCITS ETF ,PABV,367.0,equity,USD,France,False,Accumulating,0.25,826.0,MSCI World Climate Change Paris Aligned Low Carbon Select,,EUR 378 m,12.47%,+27.96%,+80.21%,-
FR0014003IY1,Amundi MSCI World Swap II UCITS ETF Acc,BUN1,461.0,equity,EUR,France,False,Accumulating,0.3,,MSCI World,,EUR 572 m,10.20%,+23.32%,+64.28%,-
FR0014003N93,Amundi MSCI World Swap II UCITS ETF EUR Hedged Acc,WLDHC,514.0,equity,EUR,France,True,Accumulating,0.3,,MSCI World (EUR Hedged),,EUR 550 m,10.23%,+24.03%,+68.55%,-
FR001400U5Q4,Amundi PEA Monde (MSCI World) UCITS ETF Acc,DCAM,520.0,equity,EUR,France,False,Accumulating,0.2,,MSCI World,DCAM.PA,EUR 966 m,10.17%,+23.09%,-,-
FR001400YYJ0,Finanzen.net MSCI World UCITS ETF Acc,FINZ,13.0,equity,USD,France,False,Accumulating,0.12,1321.0,MSCI World,,EUR 24 m,-,-,-,-
FR0014010HV4,Amundi MSCI World (2x) Leveraged UCITS ETF Acc,LVWC,93.0,equity,USD,France,False,Accumulating,0.6,,MSCI World Leveraged (2x),,EUR 93 m,-,-,-,-
IE00000EF730,iShares Europe Equity Enhanced Active UCITS ETF EUR (Acc),EUEE,554.0,equity,EUR,Ireland,False,Accumulating,0.25,235.0,iShares Europe Equity Enhanced Active,,EUR 560 m,12.11%,+18.10%,-,-
IE00002ZKAP0,Xtrackers Europe Equity Enhanced Active UCITS ETF 1C,XEEE,62.0,equity,EUR,Ireland,False,Accumulating,0.25,201.0,Xtrackers Europe Equity Enhanced Active,,EUR 71 m,12.21%,+15.65%,-,-
IE00004PGEY9,JPMorgan Eurozone Research Enhanced Index Equity (ESG) UCITS ETF EUR (acc),JREZ,555.0,equity,EUR,Ireland,False,Accumulating,0.25,110.0,JP Morgan Eurozone Research Enhanced Index Equity (ESG),,EUR 542 m,14.39%,+18.14%,+53.26%,-
IE0000902GT6,WisdomTree Megatrends UCITS ETF USD,WMGT,30.0,equity,USD,Ireland,False,Accumulating,0.5,724.0,WisdomTree Global Megatrends Equity,,EUR 53 m,17.85%,+51.72%,-,-
IE0000CRTTJ9,Amundi MSCI World ESG Broad Transition UCITS ETF EUR Hedged (Acc),LWCH,3.0,equity,EUR,Ireland,True,Accumulating,0.25,1143.0,MSCI World ESG Broad CTB Select (EUR Hedged),,EUR 3 m,-,-,-,-
IE0000EAPBT6,JPMorgan US Equity Premium Income Active UCITS ETF USD (acc),JEIA,25.0,equity,USD,Ireland,False,Accumulating,0.35,230.0,JPMorgan US Equity Premium Income Active,,EUR 35 m,9.00%,+5.62%,-,-
IE0000FCGYF9,Invesco S&P China A MidCap 500 Swap UCITS ETF Acc,C5ME,34.0,equity,USD,Ireland,False,Accumulating,0.35,,S&P China A MidCap 500,,EUR 40 m,19.40%,+66.21%,+71.63%,-
IE0000GXRR13,Ossiam Shiller Barclays CAPE® US Sector Screened UCITS ETF 1A/A (EUR),EUPD,89.0,equity,EUR,Ireland,False,Accumulating,0.75,166.0,Ossiam Shiller Barclays CAPE® US Sector Screened,,EUR 43 m,10.92%,+3.37%,-,-
IE0000H445G8,VanEck New China UCITS ETF A,CNIE,7.0,equity,USD,Ireland,False,Accumulating,0.6,100.0,MarketGrader New China ESG,,EUR 6 m,15.01%,+7.91%,+2.07%,-
IE0000LVTJ08,BNP Paribas Easy ESG Enhanced US UCITS ETF EUR Acc,LM9D,249.0,equity,EUR,Ireland,False,Accumulating,0.2,255.0,BNP Paribas Easy ESG Enhanced US,,EUR 404 m,11.97%,+26.58%,-,-
IE0000MMQ5M5,Xtrackers MSCI USA ESG UCITS ETF 2C - EUR Hedged,XZME,145.0,equity,EUR,Ireland,True,Accumulating,0.2,249.0,MSCI USA Low Carbon SRI Selection (EUR Hedged),,EUR 260 m,13.50%,+22.89%,+72.62%,-
IE0000P0RPE6,iShares World Equity High Income UCITS ETF USD (Acc),WINA,14.0,equity,USD,Ireland,False,Accumulating,0.35,317.0,iShares World Equity High Income,,EUR 16 m,8.62%,+21.98%,-,-
IE0000TZZ2B2,Invesco S&P 500 Equal Weight Swap UCITS ETF Acc,RSPS,759.0,equity,USD,Ireland,False,Accumulating,0.2,,S&P 500® Equal Weight,,EUR 902 m,11.77%,+16.31%,-,-
IE0000U24AJ9,Amundi MSCI USA SRI Climate Paris Aligned UCITS ETF Acc EUR Hedged,USRIH,190.0,equity,EUR,Ireland,True,Accumulating,0.2,90.0,MSCI USA SRI Filtered PAB (EUR Hedged),USRIH.MI,EUR 149 m,13.45%,+9.91%,+31.35%,+27.30%
IE0000UW95D6,JPMorgan Global Research Enhanced Index Equity (ESG) UCITS ETF EUR Hedged (acc),JRGE,831.0,equity,EUR,Ireland,True,Accumulating,0.25,667.0,JP Morgan Global Research Enhanced Index Equity (ESG) (EUR Hedged),,EUR 907 m,10.74%,+23.59%,+68.10%,-
IE0000VX9GN7,BNP Paribas Easy S&P 500 Scored and Screened UCITS ETF Acc,IN0A,125.0,equity,USD,Ireland,False,Accumulating,0.13,314.0,S&P 500 Scored & Screened,,EUR 164 m,11.28%,+27.56%,+69.21%,-
IE0000XTDDA8,Global X Artificial Intelligence UCITS ETF USD Accumulating,QAIU,38.0,equity,USD,Ireland,False,Accumulating,0.4,84.0,Indxx Artificial Intelligence,,EUR 66 m,18.36%,+61.29%,-,-
IE0000ZL1RD2,Global X AI Semiconductor & Quantum UCITS ETF USD Acc,C8PX,2.0,equity,USD,Ireland,False,Accumulating,0.35,36.0,Mirae Asset AI Semiconductor & Quantum,,EUR 18 m,-,-,-,-
IE0000ZVYDH0,Amundi MSCI ACWI SRI Climate Paris Aligned UCITS ETF DR - USD,WELA,102.0,equity,USD,Ireland,False,Accumulating,0.2,399.0,MSCI ACWI SRI Filtered PAB,,EUR 117 m,10.40%,+20.21%,+46.45%,-
IE000130VPV5,BNP Paribas Easy ESG Enhanced US UCITS ETF USD Acc,LM9A,30.0,equity,USD,Ireland,False,Accumulating,0.2,255.0,BNP Paribas Easy ESG Enhanced US,,EUR 57 m,12.02%,+26.65%,-,-
IE00016PSX47,Amundi MSCI World ESG Selection UCITS ETF Acc,MWOP,1789.0,equity,USD,Ireland,False,Accumulating,0.18,674.0,MSCI World ESG Selection P-Series 5% Issuer Capped,,"EUR 1,768 m",11.05%,+23.38%,+62.10%,+79.71%
IE00018LB0D8,Invesco S&P World Financials ESG UCITS ETF Acc,WF1E,4.0,equity,USD,Ireland,False,Accumulating,0.18,145.0,S&P Developed Ex-Korea LargeMidCap ESG Enhanced Financials,,EUR 4 m,11.18%,+10.17%,+75.17%,-
IE0001A541Y3,JPMorgan Japan Research Enhanced Index Equity (ESG) UCITS ETF JPY (acc),JJEJ,151.0,equity,JPY,Ireland,False,Accumulating,0.25,123.0,JP Morgan Japan Research Enhanced Index Equity (ESG),,EUR 208 m,19.20%,+27.33%,+56.57%,-
IE0001DKJVC2,Amundi MSCI World Minimum Volatility Advanced UCITS ETF Acc,WMMV,187.0,equity,USD,Ireland,False,Accumulating,0.25,262.0,MSCI World Minimum Volatility Advanced Target,,EUR 435 m,8.22%,+0.10%,-,-
IE0001FQFU60,Amundi MSCI World Momentum Advanced UCITS ETF Acc,WMSE,241.0,equity,USD,Ireland,False,Accumulating,0.25,180.0,MSCI World Momentum Advanced Target,,EUR 530 m,13.58%,+30.67%,-,-
IE0001GSQ2O9,Amundi MSCI World ESG Broad Transition UCITS ETF Acc,LWCR,1093.0,equity,EUR,Ireland,False,Accumulating,0.2,1143.0,MSCI World ESG Broad CTB Select,,"EUR 1,004 m",10.37%,+21.94%,-,-
IE0001J5A2T9,VanEck Circular Economy UCITS ETF A,REUS,12.0,equity,USD,Ireland,False,Accumulating,0.4,25.0,MVIS Global Circular Economy ESG,REUSA.MI,EUR 13 m,11.06%,+7.80%,+19.38%,-
IE0001JABD69,JPMorgan All Country Research Enhanced Index Equity Active UCITS ETF EUR Hedged (acc),JRWE,10.0,equity,EUR,Ireland,True,Accumulating,0.25,1032.0,JP Morgan All Country Research Enhanced Index Equity Active (EUR Hedged),,EUR 20 m,10.36%,+26.27%,-,-
IE0001JH5CB4,Xtrackers Europe Net Zero Pathway Paris Aligned UCITS ETF 1C,XEPA,6.0,equity,EUR,Ireland,False,Accumulating,0.15,306.0,Solactive ISS ESG Developed Markets Europe Net Zero Pathway,,EUR 7 m,12.70%,+11.30%,+32.29%,-
IE0001O9L5K4,ODDO BHF Global Equity Active UCITS ETF (Acc),OBGE,4.0,equity,EUR,Ireland,False,Accumulating,0.35,3917.0,ODDO BHF Global Equity Active,,EUR 5 m,-,-,-,-
IE0001QF56M0,KraneShares ICBCCS China S&P 500 UCITS ETF,CHIN,58.0,equity,USD,Ireland,False,Accumulating,0.55,,S&P China 500,CHIN.MI,EUR 65 m,16.10%,+25.40%,-,-
IE0001R850E1,First Trust SMID Rising Dividend Achievers UCITS ETF Class A Accumulation,FTGD,223.0,equity,USD,Ireland,False,Accumulating,0.6,181.0,Nasdaq US Small Mid Cap Rising Dividend Achievers,FTGD.BE,EUR 314 m,15.39%,+17.16%,-,-
IE0001TLQX55,Xtrackers S&P 500 GARP UCITS ETF 1C,XUGA,8.0,equity,USD,Ireland,False,Accumulating,0.25,100.0,S&P 500 GARP 100,,EUR 4 m,-,-,-,-
IE0001UQQ933,L&G Gerd Kommer Multifactor Equity UCITS ETF USD Accumulating,GERD,869.0,equity,USD,Ireland,False,Accumulating,0.45,4162.0,Solactive Gerd Kommer Multifactor Equity,,"EUR 1,195 m",9.08%,+25.28%,-,-
IE0001W4ZVM2,Fidelity US Equity Research Enhanced UCITS ETF EUR Hedged Acc,FUSE,,equity,EUR,Ireland,True,Accumulating,0.25,,Fidelity US Equity Research Enhanced (EUR Hedged),,EUR 103 m,-,-,-,-
IE0001YGXFO5,iShares MSCI World Climate Transition Aware UCITS ETF USD (Acc),WCTA,6.0,equity,USD,Ireland,False,Accumulating,0.2,767.0,MSCI World Transition Aware Select,,EUR 7 m,10.35%,+21.50%,-,-
IE0001ZFMLN7,iShares NASDAQ 100 Swap UCITS ETF USD (Acc),N100,284.0,equity,USD,Ireland,False,Accumulating,0.2,,Nasdaq 100®,,EUR 417 m,15.26%,+37.97%,-,-
IE00020O1MD6,comdirect S&P All World State Street UCITS ETF USD Unhedged (Acc),CD1,6.0,equity,USD,Ireland,False,Accumulating,0.4,,S&P Global Select Capped,,EUR 63 m,-,-,-,-
IE00023EZQ82,iShares Digital Entertainment and Education UCITS ETF USD (Acc),CBUN,62.0,equity,USD,Ireland,False,Accumulating,0.4,86.0,STOXX® Global Digital Entertainment and Education,,EUR 55 m,16.92%,+32.13%,+117.90%,-
IE0002A3VE77,Janus Henderson Pan European High Conviction Equity UCITS ETF EUR Acc.,JCEU,42.0,equity,EUR,Ireland,False,Accumulating,0.49,,Janus Henderson Pan European High Conviction Equity,,EUR 42 m,15.67%,+16.87%,-,-
IE0002DDYPW4,BNP Paribas Easy Alpha Enhanced World UCITS ETF EUR Acc,ESAK,18.0,equity,EUR,Ireland,False,Accumulating,0.13,,BNP Paribas Easy Alpha Enhanced World,,EUR 20 m,-,-,-,-
IE0002EI5AG0,Xtrackers S&P 500 Equal Weight UCITS ETF 2C EUR Hedged,XDEE,1162.0,equity,EUR,Ireland,True,Accumulating,0.3,503.0,S&P 500® Equal Weight (EUR Hedged),,"EUR 1,277 m",12.29%,+16.21%,+43.57%,-
IE0002EKOXU6,iShares Russell 1000 Value UCITS ETF USD (Acc),R1VL,337.0,equity,USD,Ireland,False,Accumulating,0.18,847.0,Russell 1000 Value UCITS 30/18 Capped,,EUR 481 m,10.72%,+23.78%,-,-
IE0002PG6CA6,VanEck Rare Earth and Strategic Metals UCITS ETF A,VVMX,951.0,equity,USD,Ireland,False,Accumulating,0.59,21.0,MVIS Global Rare Earth/Strategic Metals,,"EUR 1,291 m",36.85%,+166.67%,+16.25%,-
IE0002PGSLZ5,Xtrackers US Equity Enhanced Active UCITS ETF 1C,XEEU,158.0,equity,USD,Ireland,False,Accumulating,0.2,184.0,Xtrackers US Equity Enhanced Active,,EUR 479 m,11.78%,+26.84%,-,-
IE0002RPS3K2,Global X Hydrogen UCITS ETF USD Accumulating,HYCN,18.0,equity,USD,Ireland,False,Accumulating,0.5,19.0,Solactive Global Hydrogen,,EUR 64 m,47.70%,+299.73%,+73.39%,-
IE0002SCQ8X0,iShares MSCI Japan ESG Enhanced CTB UCITS ETF EUR Hedged (Acc),CEB3,66.0,equity,EUR,Ireland,True,Accumulating,0.18,174.0,MSCI Japan ESG Enhanced Focus CTB (EUR Hedged),,EUR 76 m,20.82%,+38.91%,-,-
IE0002THYAT9,UBS MSCI World ex Mega Cap UCITS ETF USD acc,WXMC,31.0,equity,USD,Ireland,False,Accumulating,0.12,1271.0,MSCI World Ex Mega Cap Specified,,EUR 8 m,-,-,-,-
IE0002VEN3U3,iShares MSCI World Swap UCITS ETF EUR Hedged (Acc),CEMA,92.0,equity,EUR,Ireland,True,Accumulating,0.12,,MSCI World (EUR Hedged),,EUR 98 m,11.17%,+24.46%,-,-
IE0002W8NB38,iShares MSCI USA Swap UCITS ETF USD (Acc),N810,2937.0,equity,USD,Ireland,False,Accumulating,0.05,,MSCI USA,,"EUR 4,540 m",11.71%,+24.96%,+73.35%,-
IE0002XFS025,Fidelity Global Quality Value UCITS ETF ACC-USD,FGLV,4.0,equity,USD,Ireland,False,Accumulating,0.3,296.0,Fidelity Global Quality Value,,EUR 5 m,9.68%,+22.60%,-,-
IE0002Y8CX98,WisdomTree Europe Defence UCITS ETF EUR Unhedged Acc,EUDF,4187.0,equity,EUR,Ireland,False,Accumulating,0.4,26.0,WisdomTree Europe Defence UCITS,,"EUR 4,563 m",28.14%,+3.84%,-,-
IE0002Z12PN9,Robeco 3D EM Equity UCITS ETF A USD,REM3,,equity,USD,Ireland,False,Accumulating,0.3,,Robeco 3D EM Equity,,EUR - m,17.32%,+53.23%,-,-
IE0002ZM3JI1,Xtrackers USA Net Zero Pathway Paris Aligned UCITS ETF 1C,XNUS,11.0,equity,USD,Ireland,False,Accumulating,0.1,334.0,Solactive ISS ESG United States Net Zero Pathway,,EUR 11 m,12.26%,+25.71%,+65.24%,-
IE00032YLFR3,BNP Paribas Easy Alpha Enhanced US UCITS ETF EUR Acc,ESAJ,17.0,equity,EUR,Ireland,False,Accumulating,0.1,,BNP Paribas Easy Alpha Enhanced US,,EUR 18 m,-,-,-,-
IE00035F1RO6,Swisscanto (IE) ESGen SDG Index Equity USA UCITS ETF ET USD,SWCSU,156.0,equity,USD,Ireland,False,Accumulating,0.29,,Swisscanto ESGeneration SDG USA,,EUR 175 m,13.73%,+38.66%,-,-
IE00036F4K40,Xtrackers MSCI Global SDG 3 Good Health UCITS ETF 1C,XDG3,23.0,equity,USD,Ireland,False,Accumulating,0.35,115.0,MSCI ACWI IMI SDG 3 Good Health and Well-being Select,,EUR 21 m,13.53%,+1.76%,+6.57%,-
IE0003A512E4,ARK Artificial Intelligence & Robotics UCITS ETF USD Accumulating,AAKI,296.0,equity,USD,Ireland,False,Accumulating,0.75,43.0,ARK Artificial Intelligence & Robotics,,EUR 298 m,28.10%,+44.12%,-,-
IE0003B4BV34,UBS MSCI USA Tech 125 Universal UCITS ETF USD acc,CSYU,33.0,equity,USD,Ireland,False,Accumulating,0.18,124.0,MSCI USA Tech 125 Universal,,EUR 33 m,16.37%,+35.06%,-,-
IE0003B6RHN4,JPMorgan Japan Research Enhanced Index Equity (ESG) UCITS ETF CHF Hedged (acc),JJEC,3.0,equity,CHF,Ireland,True,Accumulating,0.25,123.0,JP Morgan Japan Research Enhanced Index Equity (ESG) (CHF Hedged),,EUR 2 m,20.60%,+46.31%,+105.62%,-
IE0003BJ2JS4,WisdomTree Uranium and Nuclear Energy UCITS ETF USD Unhedged Acc,WNUC,241.0,equity,USD,Ireland,False,Accumulating,0.45,40.0,WisdomTree Uranium and Nuclear Energy UCITS,,EUR 298 m,37.94%,+77.00%,-,-
IE0003IT72N9,AXA IM ACT Biodiversity Equity UCITS ETF EUR Hedged Acc,ABIE,117.0,equity,EUR,Ireland,True,Accumulating,0.53,97.0,AXA IM ACT Biodiversity Equity (EUR Hedged),,EUR 6 m,12.76%,+19.89%,+45.80%,-
IE0003JSNHV9,JPMorgan Global Research Enhanced Index Equity SRI Paris Aligned UCITS ETF EUR (acc),JEGS,258.0,equity,EUR,Ireland,False,Accumulating,0.25,423.0,JP Morgan Global Research Enhanced Index Equity SRI Paris Aligned,,EUR 330 m,10.24%,+20.96%,-,-
IE0003NQ0IY5,Xtrackers MSCI World Quality ESG UCITS ETF 1C,XWEQ,129.0,equity,USD,Ireland,False,Accumulating,0.25,150.0,MSCI World Quality Low Carbon SRI Screened Select,,EUR 175 m,10.99%,+23.25%,-,-
IE0003R87OG3,Avantis Global Small Cap Value UCITS ETF USD Acc,AVWS,599.0,equity,USD,Ireland,False,Accumulating,0.39,,Avantis Global Small Cap Value,,EUR 839 m,13.24%,+34.02%,-,-
IE0003RA2ZR3,Invesco FTSE All Share Screened & Tilted UCITS ETF Acc,FASA,12.0,equity,GBP,Ireland,False,Accumulating,0.12,79.0,FTSE All-Share ex Investment Trusts ESG Climate Select,,EUR 12 m,11.86%,+10.36%,+37.44%,-
IE0003UN5CT1,JPMorgan Europe Research Enhanced Index Equity SRI Paris Aligned Active UCITS ETF EUR (acc),JESE,8.0,equity,EUR,Ireland,False,Accumulating,0.25,190.0,JP Morgan Europe Research Enhanced Index Equity SRI Paris Aligned Active,,EUR 17 m,13.06%,+15.94%,-,-
IE0003VC1PW8,UBS MSCI AC Asia ex Japan Selection UCITS ETF USD acc,AAXJSI,9.0,equity,USD,Ireland,False,Accumulating,0.3,403.0,MSCI AC Asia ex Japan Selection Low Carbon Select 5% Issuer Capped,,EUR 11 m,17.67%,+46.28%,-,-
IE0003WEWAX4,Franklin Future Of Health And Wellness UCITS ETF ,FOHW,2.0,equity,USD,Ireland,False,Accumulating,0.3,95.0,Solactive Sustainable Health and Wellness,,EUR 2 m,12.50%,+0.70%,-,-
IE0003XJA0J9,Amundi Prime All Country World UCITS ETF Acc,WEBN,1013.0,equity,USD,Ireland,False,Accumulating,0.07,2438.0,Solactive GBS Global Markets Large & Mid Cap,,"EUR 1,772 m",9.43%,+26.43%,-,-
IE0003Z9E2Y3,Global X Copper Miners UCITS ETF USD Accumulating,4COP,901.0,equity,USD,Ireland,False,Accumulating,0.55,39.0,Solactive Global Copper Miners,,"EUR 1,000 m",30.68%,+112.72%,+144.44%,-
IE0003ZXNJY5,iShares Global Timber & Forestry UCITS ETF USD (Acc),CEB9,3.0,equity,USD,Ireland,False,Accumulating,0.65,25.0,S&P Global Timber&Forestry,,EUR 4 m,16.01%,-10.66%,-7.36%,-
IE00041H4WT9,HANetf Future of Defence Screened UCITS ETF (Acc),ASWG,1.0,equity,USD,Ireland,False,Accumulating,0.49,49.0,VettaFi Future of Defence Screened,,EUR 6 m,-,-,-,-
IE000472H9T4,Xtrackers Nasdaq 100 Swap UCITS ETF - 1C,XNDQ,2.0,equity,USD,Ireland,False,Accumulating,0.18,,Nasdaq 100®,,EUR 4 m,-,-,-,-
IE0004993469,UBS MSCI USA ex Mega Cap UCITS ETF USD acc,UXMC,2.0,equity,USD,Ireland,False,Accumulating,0.12,526.0,MSCI USA Ex Mega Cap Specified,,EUR 2 m,-,-,-,-
IE0004CIQ1O4,Amundi MSCI World ESG Selection UCITS ETF EUR Hedged Acc,MWOS,123.0,equity,EUR,Ireland,True,Accumulating,0.2,674.0,MSCI World ESG Selection P-Series 5% Issuer Capped (EUR Hedged),,EUR 88 m,11.91%,+24.78%,-,-
IE0004HBJKG0,BNP Paribas Easy MSCI ACWI SRI S-Series PAB 5% Capped UCITS ETF EUR Acc,ESAB,15.0,equity,EUR,Ireland,False,Accumulating,0.2,1674.0,MSCI ACWI SRI S-Series PAB 5% Capped,,EUR 16 m,9.69%,+16.95%,-,-
IE0004I037N4,Franklin FTSE Emerging Markets UCITS ETF USD Capitalisation,EMGM,11.0,equity,USD,Ireland,False,Accumulating,0.11,1485.0,FTSE Emerging,,EUR 7 m,13.14%,+24.87%,-,-
IE0004J37T45,BNP Paribas Easy S&P 500 Scored and Screened UCITS ETF EUR Acc,IN0B,524.0,equity,EUR,Ireland,False,Accumulating,0.13,314.0,S&P 500 Scored & Screened,,EUR 532 m,11.29%,+27.41%,+69.12%,-
IE0004MFRED4,Xtrackers S&P 500 Equal Weight Scored & Screened UCITS ETF 1C,XZEW,1273.0,equity,USD,Ireland,False,Accumulating,0.17,279.0,S&P 500 Equal Weight Scored & Screened,,"EUR 1,226 m",11.69%,+19.62%,+43.15%,-
IE0004TFW0R5,Amundi MSCI USA ESG Leaders Extra UCITS ETF Acc EUR Hedged,MWOU,33.0,equity,EUR,Ireland,True,Accumulating,0.17,307.0,MSCI USA Select ESG Rating and Trend Leaders (EUR Hedged),,EUR 27 m,13.44%,+23.31%,-,-
IE0004U3TX15,L&G Metaverse UCITS ETF USD Acc,MTVR,8.0,equity,USD,Ireland,False,Accumulating,0.39,62.0,iStoxx Access Metaverse,,EUR 14 m,21.18%,+126.23%,+225.48%,-
IE0004X8KUG5,First Trust Vest U.S. Equity Buffer UCITS ETF - October Class A Accumulation,FOCT,1.0,equity,USD,Ireland,False,Accumulating,0.85,,First Trust Vest U.S. Equity Buffer,,EUR 2 m,-,-,-,-
IE0004YRJHW4,UBS MSCI Canada Universal UCITS ETF CAD acc,BCFD,115.0,equity,CAD,Ireland,False,Accumulating,0.33,69.0,MSCI Canada Universal Low Carbon Select 5% Issuer Capped,,EUR 239 m,12.62%,+25.63%,-,-
IE00050EGWG5,Xtrackers DJE US Equity Research UCITS ETF 1C,XDJU,68.0,equity,USD,Ireland,False,Accumulating,0.5,50.0,Xtrackers DJE US Equity Research,,EUR 88 m,12.36%,+18.38%,-,-
IE00050J4789,BNP Paribas Easy MSCI USA Small Cap Min TE UCITS ETF EUR Acc,ESAG,46.0,equity,EUR,Ireland,False,Accumulating,0.25,1442.0,MSCI USA Small Cap Select Filtered Min TE,,EUR 52 m,-,-,-,-
IE00053WDH64,Invesco Hydrogen Economy UCITS ETF Acc,HYDE,4.0,equity,USD,Ireland,False,Accumulating,0.6,63.0,WilderHill Hydrogen Economy,,EUR 9 m,21.15%,+110.26%,+50.26%,-
IE00058B19U6,Amundi S&P 500 Climate Paris Aligned UCITS ETF Acc EUR Hedged,PABH,429.0,equity,EUR,Ireland,True,Accumulating,0.25,270.0,S&P 500 Net Zero 2050 Paris-Aligned ESG+ (EUR Hedged),,EUR 321 m,12.36%,+19.06%,-,-
IE00058MW3M8,Amundi S&P 500 Screened UCITS ETF Acc EUR Hedged,S500H,1246.0,equity,EUR,Ireland,True,Accumulating,0.28,307.0,S&P 500 Scored & Screened+ (EUR Hedged),S500H.PA,"EUR 1,212 m",12.34%,+27.35%,-,-
IE00059GZ051,SPDR MSCI Resilient Future UCITS ETF USD Unhedged (Acc),SUST,4.0,equity,USD,Ireland,False,Accumulating,0.3,203.0,MSCI ACWI IMI Resilient Future Select 35/20 Capped,,EUR 4 m,-,-,-,-
IE0005B8WVT6,VanEck Sustainable Future of Food UCITS ETF A,VE6I,10.0,equity,USD,Ireland,False,Accumulating,0.45,35.0,MVIS Global Future of Food ESG,,EUR 11 m,11.56%,-10.27%,+8.67%,-
IE0005CH3U28,JPMorgan Active US Growth UCITS ETF USD (acc),JPGR,360.0,equity,USD,Ireland,False,Accumulating,0.5,102.0,JPMorgan Active US Growth,,EUR 344 m,14.80%,+18.73%,-,-
IE0005E47AH7,Xtrackers MSCI Global SDG 9 Industry Innovation & Infrastructure UCITS ETF 1C,SDG9,4.0,equity,USD,Ireland,False,Accumulating,0.35,89.0,"MSCI ACWI IMI SDG 9 Industry, Innovation and Infrastructure Select",,EUR 14 m,16.90%,+67.46%,+16.68%,-
IE0005E8B9S4,Amundi Russell 1000 Growth UCITS ETF Acc,MWOW,570.0,equity,USD,Ireland,False,Accumulating,0.19,363.0,Russell 1000® Growth,,EUR 577 m,14.88%,+24.07%,+83.80%,+112.52%
IE0005HNE843,WisdomTree Europe Value UCITS ETF EUR (Acc),VYEU,3.0,equity,EUR,Ireland,False,Accumulating,0.25,,WisdomTree Europe Value,,EUR 3 m,-,-,-,-
IE0005MWBFR7,JPMorgan Global Research Enhanced Index Equity (ESG) UCITS ETF EUR (acc),JGIE,90.0,equity,EUR,Ireland,False,Accumulating,0.25,667.0,JP Morgan Global Research Enhanced Index Equity (ESG),,EUR 69 m,9.93%,+22.40%,-,-
IE0005TF96I9,VanEck Medical Robotics and Bionic Engineering UCITS ETF A,CIB0,10.0,equity,USD,Ireland,False,Accumulating,0.55,25.0,MVIS Global Bionic Healthcare ESG,,EUR 9 m,16.29%,-17.10%,-21.58%,-
IE0005YK6564,HANetf Sprott Uranium Miners UCITS ETF Acc,U3O8,360.0,equity,USD,Ireland,False,Accumulating,0.85,35.0,North Shore Sprott Uranium Miners,,EUR 322 m,39.56%,+57.14%,+114.09%,-
IE00060Z4AE1,Nordea BetaPlus Enhanced Global Developed Sustainable Equity UCITS ETF USD (Acc),BPDE,,equity,USD,Ireland,False,Accumulating,0.25,,Nordea BetaPlus Enhanced Global Developed Sustainable Equity,,"EUR 1,168 m",-,-,-,-
IE000629MKR4,BNP Paribas Easy ESG Enhanced World UCITS ETF USD Acc,LM9B,9.0,equity,USD,Ireland,False,Accumulating,0.2,686.0,BNP Paribas Easy ESG Enhanced World,,EUR 15 m,10.45%,+23.50%,-,-
IE00063FT9K6,iShares Copper Miners UCITS ETF USD (Acc),CEBS,430.0,equity,USD,Ireland,False,Accumulating,0.55,45.0,STOXX Global Copper Miners,,EUR 449 m,28.69%,+99.19%,-,-
IE00063GNWK1,UBS MSCI USA Selection UCITS ETF USD acc,CSY2,2143.0,equity,USD,Ireland,False,Accumulating,0.1,264.0,MSCI USA Selection,CSY2.DE,"EUR 2,335 m",12.31%,+24.83%,-,-
IE00067X7JX0,Invesco EURO STOXX 50 Equal Weight UCITS ETF (Acc),EWSX,1.0,equity,EUR,Ireland,False,Accumulating,0.2,50.0,EURO STOXX® 50 Equal Weight,,EUR 1 m,-,-,-,-
IE00069JGT58,JPMorgan US Research Enhanced Index Equity SRI Paris Aligned UCITS ETF USD (acc),JSUE,463.0,equity,USD,Ireland,False,Accumulating,0.2,178.0,JP Morgan US Research Enhanced Index Equity SRI Paris Aligned,,EUR 496 m,12.01%,+21.13%,-,-
IE0006D3PGW3,Franklin FTSE Emerging ex China UCITS ETF USD Capitalisation,EXCN,3.0,equity,USD,Ireland,False,Accumulating,0.11,940.0,FTSE Emerging ex China,,EUR 6 m,13.61%,+35.40%,-,-
IE0006FAD976,Franklin S&P 500 Screened UCITS ETF Acc,FSPU,3.0,equity,USD,Ireland,False,Accumulating,0.09,411.0,S&P 500 Guarded,,EUR 4 m,11.42%,+24.70%,-,-
IE0006FFX5U1,Xtrackers MSCI Innovation UCITS ETF 1C,XNNV,7.0,equity,USD,Ireland,False,Accumulating,0.3,183.0,MSCI ACWI IMI Innovation Select Screened 200,,EUR 6 m,13.94%,+15.72%,+49.60%,-
IE0006FM6MI8,Amundi S&P Global Health Care ESG UCITS ETF DR EUR (A),WELS,254.0,equity,EUR,Ireland,False,Accumulating,0.18,86.0,S&P Developed Ex-Korea LargeMidCap Sustainability Enhanced Health Care,,EUR 243 m,13.08%,+6.70%,+7.55%,-
IE0006GUEKQ7,Investlinx Capital Appreciation UCITS ETF ETF A EUR Capitalisation,LNXC,175.0,equity,EUR,Ireland,False,Accumulating,0.85,29.0,Investlinx Capital Appreciation,,EUR 170 m,13.34%,+0.98%,+27.34%,-
IE0006HMLPV6,JPMorgan US Research Enhanced Index Equity SRI Paris Aligned UCITS ETF EUR Hedged (acc),JSHE,128.0,equity,EUR,Ireland,True,Accumulating,0.2,178.0,JP Morgan US Research Enhanced Index Equity SRI Paris Aligned (EUR Hedged),,EUR 152 m,12.62%,+21.86%,-,-
IE0006IP4XZ8,Amundi MSCI USA ESG Broad Transition UCITS ETF Acc,WEB2,3037.0,equity,EUR,Ireland,False,Accumulating,0.07,491.0,MSCI USA ESG Broad CTB Select,,"EUR 2,983 m",12.13%,+22.69%,-,-
IE0006O3TTP9,BNP Paribas Easy ECPI Global ESG Infrastructure UCITS ETF USD Capitalisation,BJLB,23.0,equity,USD,Ireland,False,Accumulating,0.31,100.0,ECPI Global ESG Infrastructure Equity,,EUR 43 m,9.26%,+25.35%,-,-
IE0006PTRUI8,iShares MSCI EMU Climate Transition Aware UCITS ETF EUR (Acc),MCTA,3.0,equity,EUR,Ireland,False,Accumulating,0.12,155.0,MSCI EMU Transition Aware Select,,EUR 4 m,14.33%,+16.40%,-,-
IE0006QX3Y11,Ossiam Bloomberg Canada PAB UCITS ETF 1A (EUR),OP8E,30.0,equity,EUR,Ireland,False,Accumulating,0.29,33.0,Bloomberg PAB Canada Large & Mid Cap,,EUR 13 m,14.85%,+11.68%,+48.83%,-
IE0006RFB3X2,HSBC MSCI Japan UCITS ETF USD (Acc),HMJA,12.0,equity,USD,Ireland,False,Accumulating,0.12,182.0,MSCI Japan,,EUR 15 m,19.39%,+26.14%,+56.34%,-
IE0006S0EBF2,First Trust Vest Nasdaq-100® Moderate Buffer UCITS ETF - March Class A Accumulation,FTMQ,2.0,equity,USD,Ireland,False,Accumulating,0.9,,First Trust Vest Nasdaq-100 Moderate Buffer,,EUR 1 m,6.43%,+15.21%,-,-
IE0006SEWKA2,JPMorgan Global Emerging Markets Research Enhanced Index Equity (ESG) UCITS ETF EUR (acc),JEEM,7.0,equity,EUR,Ireland,False,Accumulating,0.3,371.0,JP Morgan Global Emerging Markets Research Enhanced Index Equity (ESG),,EUR 16 m,16.80%,+51.96%,-,-
IE0006VDD4K1,Invesco FTSE All-World UCITS ETF EUR PfHdg Acc,FWEA,34.0,equity,EUR,Ireland,True,Accumulating,0.2,519.0,FTSE All-World (EUR Hedged),,EUR 51 m,10.29%,+26.78%,-,-
IE0006WOV4I9,Franklin S&P World Screened UCITS ETF Acc,FSPW,6.0,equity,USD,Ireland,False,Accumulating,0.14,807.0,S&P World Guarded,,EUR 6 m,9.87%,+23.22%,-,-
IE0006WW1TQ4,Xtrackers MSCI World ex USA UCITS ETF 1C,EXUS,4304.0,equity,USD,Ireland,False,Accumulating,0.15,765.0,MSCI World ex USA,,"EUR 5,431 m",10.64%,+20.04%,-,-
IE000716YHJ7,Invesco FTSE All-World UCITS ETF Acc,FWIA,2243.0,equity,USD,Ireland,False,Accumulating,0.15,519.0,FTSE All-World,,"EUR 3,140 m",9.47%,+26.02%,-,-
IE00072RHT03,Invesco Cybersecurity UCITS ETF Acc,IVCS,4.0,equity,USD,Ireland,False,Accumulating,0.35,39.0,S&P Kensho Global Cyber Security Screened,,EUR 8 m,22.89%,+12.71%,-,-
IE00074JLU02,Xtrackers Japan Net Zero Pathway Paris Aligned UCITS ETF 1C,XNJP,115.0,equity,USD,Ireland,False,Accumulating,0.15,231.0,Solactive ISS ESG Japan Net Zero Pathway,,EUR 147 m,16.00%,+7.22%,+26.23%,-
IE00075IVKF9,HANetf Sprott Junior Uranium Miners UCITS ETF USD Accumulating,U8NJ,67.0,equity,USD,Ireland,False,Accumulating,0.85,31.0,Nasdaq Sprott Junior Uranium Miners,,EUR 57 m,47.67%,+61.23%,-,-
IE00077IIPQ8,WisdomTree Global Efficient Core UCITS ETF USD Unhedged Acc,NTSG,42.0,equity,USD,Ireland,False,Accumulating,0.25,329.0,WisdomTree Global Efficient Core,,EUR 61 m,10.21%,+20.44%,-,-
IE0007FIJUO5,First Trust Vest US Equity Max Buffer UCITS ETF - December Class A Accumulation,MDEC,1.0,equity,USD,Ireland,False,Accumulating,0.85,,First Trust Vest U.S. Equity Max Buffer,,EUR 1 m,-,-,-,-
IE0007FM00T9,iShares U.S. Equity High Income UCITS ETF USD (Acc),INCI,2.0,equity,USD,Ireland,False,Accumulating,0.35,218.0,iShares U.S. Equity High Income,,EUR 3 m,10.26%,+22.70%,-,-
IE0007HKA9K1,L&G Global Brands UCITS ETF USD Acc,TOPB,46.0,equity,USD,Ireland,False,Accumulating,0.39,79.0,Solactive BrandFinance Global Brands,,EUR 43 m,10.88%,+23.02%,-,-
IE0007I99HX7,VanEck Morningstar US Wide Moat UCITS ETF A,WMOT,42.0,equity,USD,Ireland,False,Accumulating,0.46,53.0,Morningstar Wide Moat Focus,,EUR 34 m,13.61%,+12.48%,-,-
IE0007M3MLF3,WisdomTree Global Quality Dividend Growth UCITS ETF EUR Hedged Acc,WGRU,9.0,equity,EUR,Ireland,True,Accumulating,0.43,474.0,WisdomTree Global Developed Quality Dividend Growth (EUR Hedged),,EUR 12 m,10.44%,+15.14%,+39.22%,-
IE0007O06KL9,iShares Russell 2000 Swap UCITS ETF USD (Acc),RU2K,10.0,equity,USD,Ireland,False,Accumulating,0.2,,Russell 2000®,,EUR 32 m,18.87%,+37.26%,-,-
IE0007P4PBU1,HSBC MSCI China UCITS ETF USD (Acc),H4Z6,127.0,equity,USD,Ireland,False,Accumulating,0.28,560.0,MSCI China,,EUR 107 m,17.90%,+0.69%,+26.26%,-
IE0007QB4QS2,BNP Paribas Easy ESG Enhanced World UCITS ETF EUR Capitalisation,LM9C,403.0,equity,EUR,Ireland,False,Accumulating,0.2,686.0,BNP Paribas Easy ESG Enhanced World,,EUR 402 m,10.43%,+23.53%,-,-
IE0007UJ6IE0,Invesco Dow Jones US Insurance UCITS ETF Acc,INSU,106.0,equity,USD,Ireland,False,Accumulating,0.35,55.0,Dow Jones U.S. Select Insurance,,EUR 87 m,15.65%,-5.06%,-,-
IE0007ULOZS8,Xtrackers S&P 500 Scored & Screened UCITS ETF 1C,XZSP,94.0,equity,USD,Ireland,False,Accumulating,0.08,314.0,S&P 500 Scored & Screened,,EUR 141 m,11.43%,+27.53%,+68.20%,-
IE0007WJ6B10,Xtrackers MSCI Global Clean Water & Sanitation UCITS ETF 1C,XDG6,7.0,equity,USD,Ireland,False,Accumulating,0.35,75.0,MSCI ACWI IMI SDG 6 Clean Water and Sanitation Select,,EUR 7 m,9.95%,-5.98%,+1.04%,-
IE0007WLHX89,Robeco 3D European Equity UCITS ETF A EUR,3D3D,,equity,EUR,Ireland,False,Accumulating,0.25,,Robeco 3D European Equity,,EUR - m,13.89%,+19.37%,-,-
IE0007WMHDE3,HANetf Making Europe Great Again UCITS ETF Acc,ASWA,5.0,equity,EUR,Ireland,False,Accumulating,0.6,58.0,VettaFi Making Europe Great Again,,EUR 15 m,16.18%,+33.78%,-,-
IE0007Y8Y157,VanEck Quantum Computing UCITS ETF A,QUTM,468.0,equity,USD,Ireland,False,Accumulating,0.55,30.0,MarketVector Global Quantum Leaders,,EUR 703 m,27.54%,+56.41%,-,-
IE0008119MO8,HSBC S&P India Tech UCITS ETF EUR (Acc),H41X,16.0,equity,EUR,Ireland,False,Accumulating,0.65,43.0,S&P India Tech,,EUR 13 m,18.97%,-23.66%,-,-
IE00085PWS28,Amundi MSCI World Ex USA UCITS ETF Acc,WEXE,504.0,equity,USD,Ireland,False,Accumulating,0.15,775.0,MSCI World ex USA,,EUR 636 m,10.66%,+20.06%,-,-
IE0008D0AIU9,BNP Paribas Easy MSCI World Equal Weight Select UCITS ETF EUR Acc,ESAE,30.0,equity,EUR,Ireland,False,Accumulating,0.2,1048.0,MSCI World Equal Weighted Ex Business Involvement Screens Select,,EUR 35 m,8.86%,+15.46%,-,-
IE0008FB2WZ1,BNP Paribas Easy MSCI World Min TE UCITS ETF USD Acc,ASRW,124.0,equity,USD,Ireland,False,Accumulating,0.16,1025.0,MSCI World Select Filtered Min TE,,EUR 462 m,10.19%,+23.04%,-,-
IE0008GBXCA4,UBS S&P 500 Equal Weight SF UCITS ETF USD acc,BCFK,1.0,equity,USD,Ireland,False,Accumulating,0.12,,S&P 500® Equal Weight,,EUR 5 m,11.60%,+16.13%,-,-
IE0008GRJRO8,SPDR S&P Europe Defense Vision UCITS ETF EUR (Acc),DFSV,27.0,equity,EUR,Ireland,False,Accumulating,0.15,30.0,S&P Europe Defense Vision,,EUR 27 m,-,-,-,-
IE0008H4JHA2,Robeco 3D US Equity UCITS ETF A EUR Hedged,3DUE,,equity,EUR,Ireland,True,Accumulating,0.2,,Robeco 3D US Equity (EUR Hedged),,EUR - m,12.36%,+28.57%,-,-
IE0008JXFQK8,HSBC PLUS USA Equity Quant Active UCITS ETF USD Acc,H41Z,74.0,equity,USD,Ireland,False,Accumulating,0.15,315.0,HSBC PLUS USA Equity Quant Active,,EUR 81 m,11.53%,+26.87%,-,-
IE0008M1R3N4,Franklin US Mega Cap 100 UCITS ETF Acc,USMC,90.0,equity,USD,Ireland,False,Accumulating,0.09,101.0,Solactive US Mega Cap 100 Select,,EUR 115 m,12.76%,+29.26%,-,-
IE0008RX29L5,Invesco Wind Energy UCITS ETF Acc,WDEY,6.0,equity,USD,Ireland,False,Accumulating,0.6,71.0,WilderHill Wind Energy,,EUR 21 m,17.33%,+71.74%,+69.25%,-
IE0008YN0OY8,Xtrackers MSCI World Minimum Volatility ESG UCITS ETF 1C,XWEB,16.0,equity,USD,Ireland,False,Accumulating,0.25,275.0,MSCI World Minimum Volatility Low Carbon SRI Screened Select,,EUR 17 m,7.48%,+2.56%,-,-
IE0008ZGI5C1,FlexShares Listed Private Equity UCITS ETF USD Acc,FLPE,262.0,equity,USD,Ireland,False,Accumulating,0.4,,Foxberry Listed Private Equity SDG Screened,,EUR 277 m,18.98%,-10.72%,+44.73%,-
IE000940RNE6,WisdomTree Blockchain UCITS ETF USD Acc,WBKN,49.0,equity,USD,Ireland,False,Accumulating,0.45,45.0,WisdomTree Blockchain UCITS,,EUR 49 m,43.15%,+38.18%,+229.21%,-
IE00094FRAA6,Global X China Electric Vehicle and Battery UCITS ETF USD Accumulating,CAUT,0.0,equity,USD,Ireland,False,Accumulating,0.68,,Solactive China Electric Vehicle and Battery,,EUR 0 m,24.98%,+38.64%,+9.81%,-
IE00094GSCQ4,Xtrackers World Equity Enhanced Active UCITS ETF 1C,XEEW,309.0,equity,USD,Ireland,False,Accumulating,0.25,346.0,Xtrackers World Equity Enhanced Active,,EUR 406 m,10.16%,+24.24%,-,-
IE000953I6Z4,CT QR Series US Equity Active UCITS ETF Acc USD,QRUS,,equity,USD,Ireland,False,Accumulating,0.2,,CT QR Series US Equity Active,,EUR - m,-,-,-,-
IE00099GAJC6,iShares MSCI China A UCITS ETF EUR Hedged (Acc),CNYE,344.0,equity,EUR,Ireland,True,Accumulating,0.45,385.0,MSCI China A Inclusion (EUR Hedged),,EUR 124 m,15.11%,+29.91%,+33.01%,-
IE0009BM62P2,Global X S&P 500 Annual Buffer UCITS ETF USD Accumulating,5PAB,1.0,equity,USD,Ireland,False,Accumulating,0.5,,Cboe S&P 500 Annual 15% Buffer Protect,,EUR 1 m,6.98%,+12.22%,-,-
IE0009DRDY20,Amundi Prime Global UCITS ETF Acc,F50A,1093.0,equity,USD,Ireland,False,Accumulating,0.05,1388.0,Solactive GBS Developed Markets Large & Mid Cap,,"EUR 1,953 m",9.99%,+23.82%,-,-
IE0009DRFET8,First Trust Vest U.S. Equity Max Buffer UCITS ETF - September Class A Accumulation,FTMS,3.0,equity,USD,Ireland,False,Accumulating,0.85,,First Trust Vest U.S. Equity Max Buffer,,EUR 1 m,-,-,-,-
IE0009EGAHL0,Invesco US Enhanced Equity UCITS ETF Acc,IQUA,51.0,equity,USD,Ireland,False,Accumulating,0.16,233.0,Invesco US Enhanced Equity,,EUR 83 m,-,-,-,-
IE0009F7UB30,First Trust Europe Growth Strength UCITS ETF (Acc),FTEG,3.0,equity,EUR,Ireland,False,Accumulating,0.6,,Nasdaq Europe Growth Strength,,EUR 3 m,-,-,-,-
IE0009QS7W62,iShares MSCI World Health Care Sector Advanced UCITS ETF USD (Acc),CBUR,161.0,equity,USD,Ireland,False,Accumulating,0.18,117.0,MSCI World Health Care Advanced Select 20 35 Capped,,EUR 263 m,13.18%,+6.64%,+3.56%,-
IE0009TJ5T70,JPMorgan Carbon Transition Global Equity (CTB) UCITS ETF EUR (acc),JPEC,131.0,equity,EUR,Ireland,False,Accumulating,0.19,359.0,Solactive JP Morgan Asset Management Carbon Transition Global Equity,,EUR 137 m,10.46%,+18.62%,-,-
IE0009TPHUV6,UBS Nuclear Economies UCITS ETF USD acc,BCFW,2.0,equity,USD,Ireland,False,Accumulating,0.49,,Solactive Global Uranium & Nuclear Economies,,EUR 2 m,-,-,-,-
IE0009VWHAE6,iShares US Equity Enhanced Active UCITS ETF USD (Acc),USEE,906.0,equity,USD,Ireland,False,Accumulating,0.2,254.0,iShares US Equity Enhanced Active,,"EUR 1,093 m",11.77%,+27.10%,-,-
IE0009W21NT4,UBS MSCI World Selection UCITS ETF hEUR acc,CSY7,44.0,equity,EUR,Ireland,True,Accumulating,0.18,649.0,MSCI World Selection (EUR Hedged),CSY7.DE,EUR 44 m,11.47%,+24.14%,-,-
IE0009WWNY77,UBS S&P 500 Climate Transition ESG UCITS ETF hEUR acc,BCFG,1.0,equity,EUR,Ireland,True,Accumulating,0.1,309.0,S&P 500® Climate Transition Base ESG (EUR Hedged),,EUR 1 m,11.94%,+23.97%,-,-
IE0009WYJCP8,BNP Paribas Easy Alpha Enhanced World UCITS ETF USD Acc,ESAL,17.0,equity,USD,Ireland,False,Accumulating,0.13,,BNP Paribas Easy Alpha Enhanced World,,EUR 19 m,-,-,-,-
IE0009Y1MQJ2,iShares World Equity Factor Rotation Active UCITS ETF USD (Acc),FCRN,244.0,equity,USD,Ireland,False,Accumulating,0.3,148.0,iShares World Equity Factor Rotation Active,,EUR 222 m,11.09%,+19.49%,-,-
IE0009YQE5W1,JPMorgan UK Equity Core UCITS ETF GBP (acc),JUKC,416.0,equity,GBP,Ireland,False,Accumulating,0.25,144.0,JP Morgan UK Equity Core,,EUR 480 m,11.47%,+19.39%,+53.92%,-
IE0009ZTL4B5,Janus Henderson US Transformational Growth High Conviction Equity UCITS ETF USD Acc.,JTXX,4.0,equity,USD,Ireland,False,Accumulating,0.49,,Janus Henderson US Transformational Growth High Conviction Equity,,EUR 4 m,-,-,-,-
IE000A0GH076,BNP Paribas Easy MSCI World UCITS ETF EUR Acc,ESAN,63.0,equity,EUR,Ireland,False,Accumulating,0.05,1319.0,MSCI World,,EUR 141 m,-,-,-,-
IE000A7N3IV0,JPMorgan All Country Research Enhanced Index Equity Active UCITS ETF USD (acc),JRWA,172.0,equity,USD,Ireland,False,Accumulating,0.25,1032.0,JP Morgan All Country Research Enhanced Index Equity Active,,EUR 201 m,9.55%,+24.83%,-,-
IE000A89Y2G7,iShares MSCI World Utilities Sector Advanced UCITS ETF USD (Acc),WUTS,7.0,equity,USD,Ireland,False,Accumulating,0.18,55.0,MSCI World Utilities Advanced Select 20 35 Capped,,EUR 11 m,11.89%,+17.78%,-,-
IE000AIFGRB9,Invesco S&P World Energy Targeted & Screened UCITS ETF Acc,WDEE,19.0,equity,USD,Ireland,False,Accumulating,0.18,28.0,S&P Developed Ex-Korea LargeMidCap ESG Enhanced Energy,,EUR 29 m,18.14%,+32.35%,+51.35%,-
IE000ALI2E45,BNP Paribas Easy MSCI World Equal Weight Select UCITS ETF USD Acc,ESAF,22.0,equity,USD,Ireland,False,Accumulating,0.2,1048.0,MSCI World Equal Weighted Ex Business Involvement Screens Select,,EUR 23 m,8.91%,+15.77%,-,-
IE000AN3AFZ1,Jupiter Origin Global Smaller Companies Active UCITS ETF (Acc),JOGS,1.0,equity,USD,Ireland,False,Accumulating,0.45,181.0,Jupiter Origin Global Smaller Companies Active,,EUR 18 m,-,-,-,-
IE000ANHU3J3,JPMorgan Global Emerging Markets Research Enhanced Index Equity SRI Paris Aligned Active UCITS ETF USD (acc),JMES,116.0,equity,USD,Ireland,False,Accumulating,0.3,280.0,JP Morgan Global Emerging Markets Research Enhanced Index Equity SRI Paris Aligned Active,,EUR 167 m,17.27%,+52.73%,-,-
IE000AON7ET1,ARK Space & Defence Innovation UCITS ETF USD (Acc),ARXX,13.0,equity,USD,Ireland,False,Accumulating,0.75,28.0,ARK Space & Defence Innovation,,EUR 29 m,-,-,-,-
IE000ASNLWH9,Nordea BetaPlus Enhanced Global Sustainable Equity UCITS ETF USD (Acc),BPGE,,equity,USD,Ireland,False,Accumulating,0.25,,Nordea BetaPlus Enhanced Global Sustainable Equity,,"EUR 2,104 m",-,-,-,-
IE000ATRYEA4,iShares MSCI USA SRI UCITS ETF EUR Hedged (Acc),CEMI,6.0,equity,EUR,Ireland,True,Accumulating,0.23,153.0,MSCI USA SRI Select Reduced Fossil Fuels (EUR Hedged),,EUR 10 m,-,-,-,-
IE000AV35A01,JPMorgan Global Emerging Markets Research Enhanced Index Equity SRI Paris Aligned Active UCITS ETF EUR (acc),JESM,2.0,equity,EUR,Ireland,False,Accumulating,0.3,280.0,JP Morgan Global Emerging Markets Research Enhanced Index Equity SRI Paris Aligned Active,,EUR 3 m,17.32%,+52.56%,-,-
IE000AWRDWI7,Invesco ChiNext 50 UCITS ETF Acc,CNFY,47.0,equity,USD,Ireland,False,Accumulating,0.49,48.0,ChiNext 50 Capped,,EUR 130 m,29.93%,+136.12%,-,-
IE000AXIKJM8,AXA IM MSCI USA Equity PAB UCITS ETF USD Acc,AIUT,39.0,equity,USD,Ireland,False,Accumulating,0.13,,MSCI USA Climate Paris Aligned,,EUR 40 m,12.90%,+22.88%,-,-
IE000AZOUN82,Franklin MSCI World Catholic Principles UCITS ETF USD Capitalisation,FLXA,149.0,equity,USD,Ireland,False,Accumulating,0.27,629.0,MSCI World Select Catholic Principles ESG Universal and Low Carbon,,EUR 164 m,12.83%,+21.89%,-,-
IE000AZV0AS3,Amundi MSCI World IMI Value Advanced UCITS ETF Acc,WMMS,193.0,equity,USD,Ireland,False,Accumulating,0.25,344.0,MSCI World IMI Value Advanced Target,,EUR 475 m,10.99%,+35.99%,-,-
IE000B9PQW54,VanEck Genomics and Healthcare Innovators UCITS ETF A,CURE,14.0,equity,USD,Ireland,False,Accumulating,0.35,45.0,MVIS Global Future Healthcare ESG,,EUR 11 m,18.08%,+3.79%,-5.42%,-
IE000BAF6X29,UBS MSCI Pacific ex Japan IMI Socially Responsible UCITS ETF hEUR acc,PEXE,2.0,equity,EUR,Ireland,True,Accumulating,0.22,137.0,MSCI Pacific ex Japan IMI Extended SRI Low Carbon Select 5% Issuer Capped (EUR Hedged),,EUR 1 m,11.14%,+2.77%,+27.28%,-
IE000BI8OT95,Amundi Core MSCI World UCITS ETF Acc,MWRE,12149.0,equity,USD,Ireland,False,Accumulating,0.12,1321.0,MSCI World,,"EUR 13,517 m",10.07%,+23.36%,-,-
IE000BKMMHF9,UBS MSCI Pacific ex Japan IMI Socially Responsible UCITS ETF USD acc,BCFB,4.0,equity,USD,Ireland,False,Accumulating,0.19,137.0,MSCI Pacific ex Japan IMI Extended SRI Low Carbon Select 5% Issuer Capped,,EUR 1 m,12.00%,+8.03%,+27.29%,-
IE000BNLRWE6,Schroder Global Equity Active UCITS ETF,SAHE,679.0,equity,USD,Ireland,False,Accumulating,0.25,,Schroder Global Equity Active,,EUR 958 m,-,-,-,-
IE000BO2Y0T8,Xtrackers MSCI Nordic UCITS ETF 1C,XMN1,41.0,equity,EUR,Ireland,False,Accumulating,0.3,80.0,MSCI Nordic Countries,,EUR 46 m,14.84%,+13.50%,-,-
IE000BRM9046,Invesco Defence Innovation UCITS ETF Acc,IVDF,98.0,equity,USD,Ireland,False,Accumulating,0.35,56.0,S&P Kensho Global Future Defense,,EUR 149 m,24.30%,+79.35%,-,-
IE000BW2B3J3,First Trust Bloomberg Scarce Resources UCITS ETF Class A Accumulation,SCAR,1.0,equity,USD,Ireland,False,Accumulating,0.65,50.0,Bloomberg Scarce Resources,,EUR 1 m,13.96%,+30.45%,-,-
IE000BWKUES1,Global X Clean Water UCITS ETF,AKWA,21.0,equity,USD,Ireland,False,Accumulating,0.5,38.0,Solactive Global Clean Water Industry,,EUR 21 m,13.54%,+0.41%,+27.48%,-
IE000BXC49I6,JPMorgan Global Research Enhanced Index Equity SRI Paris Aligned UCITS ETF USD (acc),JGSC,213.0,equity,USD,Ireland,False,Accumulating,0.25,423.0,JP Morgan Global Research Enhanced Index Equity SRI Paris Aligned,,EUR 485 m,10.24%,+21.03%,-,-
IE000BZ1HVL2,SPDR MSCI World UCITS ETF EUR Hedged (Acc),SPFH,688.0,equity,EUR,Ireland,True,Accumulating,0.17,1311.0,MSCI World (EUR Hedged),,EUR 741 m,10.87%,+24.61%,-,-
IE000BZFW5H7,JPMorgan Active US Equity UCITS ETF EUR Hedged (acc),JAUH,5.0,equity,EUR,Ireland,True,Accumulating,0.4,74.0,JPMorgan Active US Equity (EUR Hedged),,EUR 3 m,12.08%,+18.95%,-,-
IE000C5YJ791,iShares MSCI USA Leaders UCITS ETF USD (Acc),ULDE,13.0,equity,USD,Ireland,False,Accumulating,0.12,279.0,MSCI USA Leaders Select,,EUR 14 m,11.91%,+24.28%,-,-
IE000C692SN6,HSBC MSCI World Small Cap Screened UCITS ETF USD (Acc),H41G,124.0,equity,USD,Ireland,False,Accumulating,0.25,1140.0,MSCI World Small Cap Selection Screens,,EUR 129 m,11.99%,+22.76%,+41.63%,-
IE000C6ITGC8,iShares Quantum Computing UCITS ETF USD (Acc),QOMP,11.0,equity,USD,Ireland,False,Accumulating,0.5,,STOXX® Global Quantum Computing,,EUR 39 m,-,-,-,-
IE000C7DDDX4,Franklin FTSE Saudi Arabia UCITS ETF,FLXS,3.0,equity,USD,Ireland,False,Accumulating,0.39,70.0,FTSE Saudi Arabia 30/18 Capped,,EUR 8 m,13.23%,+1.53%,-,-
IE000C7EUDG1,HANetf Future of Defence Indo-Pac ex-China UCITS ETF Accumulating,ASWJ,12.0,equity,USD,Ireland,False,Accumulating,0.59,20.0,VettaFi Future of Defence Indo-Pac ex-China,,EUR 22 m,-,-,-,-
IE000CBYU7J5,L&G Emerging Markets ESG Exclusions Paris Aligned UCITS ETF USD Accumulating ETF,BATI,112.0,equity,USD,Ireland,False,Accumulating,0.25,1282.0,Foxberry Sustainability Consensus Emerging Markets,,EUR 131 m,17.50%,+51.69%,-,-
IE000CFH1JX2,iShares Global Water UCITS ETF USD (Acc),6II0,48.0,equity,USD,Ireland,False,Accumulating,0.65,63.0,S&P Global Water,,EUR 47 m,11.43%,+1.56%,+23.73%,-
IE000CH3OQ51,Invesco MSCI USA UCITS ETF EUR Hedged Acc,MXUE,186.0,equity,EUR,Ireland,True,Accumulating,0.05,,MSCI USA (EUR Hedged),,EUR 396 m,12.56%,+24.87%,-,-
IE000CK5G8J7,iShares Global Infrastructure UCITS ETF USD (Acc),CBUX,78.0,equity,USD,Ireland,False,Accumulating,0.65,265.0,FTSE Global Core Infrastructure,,EUR 133 m,10.61%,+12.03%,+30.13%,-
IE000CL68Z69,Amundi MSCI World Climate Paris Aligned UCITS ETF Acc,PABW,1380.0,equity,USD,Ireland,False,Accumulating,0.2,499.0,MSCI World Climate Paris Aligned Filtered,PABW.BE,"EUR 1,252 m",10.78%,+18.79%,-,-
IE000CM02H85,Franklin FTSE Taiwan UCITS ETF SINGLCLASS,FLXT,141.0,equity,USD,Ireland,False,Accumulating,0.19,128.0,FTSE Taiwan 30/18 Capped,,EUR 400 m,24.43%,+109.53%,+174.07%,-
IE000CN8T855,JPMorgan US Research Enhanced Index Equity (ESG) UCITS ETF EUR Hedged (acc),JUHE,1074.0,equity,EUR,Ireland,True,Accumulating,0.2,240.0,JP Morgan US Research Enhanced Index Equity (ESG) (EUR Hedged),,"EUR 1,044 m",12.15%,+24.45%,+72.98%,-
IE000CO3P697,First Trust Vest U.S. Equity Max Buffer UCITS ETF - June Class A Accumulation,MJUN,3.0,equity,USD,Ireland,False,Accumulating,0.85,,First Trust Vest U.S. Equity Max Buffer,,EUR 3 m,-,-,-,-
IE000COQKPO9,Invesco Nasdaq-100 ESG UCITS ETF Acc,N1ES,2040.0,equity,USD,Ireland,False,Accumulating,0.25,91.0,Nasdaq 100® ESG,,"EUR 2,148 m",15.94%,+39.84%,+100.29%,-
IE000CQQ22C8,JPMorgan Active US Value UCITS ETF EUR Hedged (acc),JPVE,4.0,equity,EUR,Ireland,True,Accumulating,0.49,153.0,JPMorgan Active US Value (EUR Hedged),,EUR 4 m,12.11%,+20.59%,-,-
IE000CR7DJI8,iShares S&P 500 Scored and Screened UCITS ETF EUR Hedged (Acc),CBUM,317.0,equity,EUR,Ireland,True,Accumulating,0.1,314.0,S&P 500 Scored & Screened (EUR Hedged),,EUR 367 m,12.01%,+27.80%,+72.16%,-
IE000CV0WWL4,Janus Henderson Japan High Conviction Equity UCITS ETF JPY Acc.,JCPN,,equity,JPY,Ireland,False,Accumulating,0.49,,Janus Henderson Japan High Conviction Equity,,EUR 6 m,22.17%,+25.00%,-,-
IE000CVOSY02,Franklin FTSE Developed World UCITS ETF USD Capitalisation,DWLD,17.0,equity,USD,Ireland,False,Accumulating,0.09,1416.0,FTSE Developed,,EUR 19 m,9.82%,+25.99%,-,-
IE000CXVOXQ1,WisdomTree US Quality Dividend Growth UCITS ETF - EUR Hedged Acc,WDGE,41.0,equity,EUR,Ireland,True,Accumulating,0.35,300.0,WisdomTree US Quality Dividend Growth (EUR Hedged),,EUR 26 m,10.76%,+17.12%,-,-
IE000CY30YV9,First Trust US Momentum UCITS ETF Class A Accumulation,FTGM,71.0,equity,USD,Ireland,False,Accumulating,0.6,180.0,iNDEX US Momentum,,EUR 79 m,15.85%,+30.62%,-,-
IE000CZU3JH0,Franklin Core US Enhanced Equity UCITS ETF Acc,FCEU,,equity,USD,Ireland,False,Accumulating,0.2,,Franklin Core US Enhanced Equity,,EUR 5 m,-,-,-,-
IE000D0T0BO1,Franklin FTSE Japan UCITS ETF (Acc),FLXJ,9.0,equity,JPY,Ireland,False,Accumulating,0.09,485.0,FTSE Japan,,EUR 9 m,17.95%,+27.15%,-,-
IE000D1017N2,WisdomTree Global Value UCITS ETF USD (Acc),VYGL,1.0,equity,USD,Ireland,False,Accumulating,0.25,,WisdomTree Global Developed Value,,EUR 1 m,-,-,-,-
IE000D5R9C23,iShares Asia ex Japan Equity Enhanced Active UCITS ETF USD (Acc),AZEH,64.0,equity,USD,Ireland,False,Accumulating,0.3,289.0,iShares Asia ex Japan Equity Enhanced Active,,EUR 83 m,18.42%,+55.29%,-,-
IE000D8FCSD8,iShares Listed Private Equity UCITS ETF USD (Acc),CBUW,91.0,equity,USD,Ireland,False,Accumulating,0.75,94.0,S&P Listed Private Equity,,EUR 79 m,17.51%,-9.88%,+35.18%,-
IE000D8XC064,iShares World Equity Enhanced Active UCITS ETF USD (Acc),WOEE,1246.0,equity,USD,Ireland,False,Accumulating,0.3,566.0,iShares World Equity Enhanced Active,,"EUR 1,737 m",10.15%,+24.75%,-,-
IE000DNSAS54,Xtrackers MSCI Emerging Markets Climate Transition UCITS ETF 1C,XEMC,119.0,equity,USD,Ireland,False,Accumulating,0.16,685.0,MSCI Emerging Markets Select Sustainability Screened CTB,,EUR 120 m,16.80%,+47.00%,-,-
IE000DPO6LM8,L&G MSCI World Mid Cap UCITS ETF USD Acc,MIDS,4.0,equity,USD,Ireland,False,Accumulating,0.29,,MSCI World Mid Cap,,EUR 7 m,-,-,-,-
IE000DR59CI3,iShares Energy Storage & Hydrogen UCITS ETF USD (Acc),STOR,10.0,equity,USD,Ireland,False,Accumulating,0.5,59.0,STOXX Global Energy Storage and Hydrogen,,EUR 27 m,24.28%,+158.73%,-,-
IE000DSDL3Z6,JPMorgan All Country Research Enhanced Index Equity Active UCITS ETF CHF Hedged (acc),JRWC,2.0,equity,CHF,Ireland,True,Accumulating,0.25,1032.0,JP Morgan All Country Research Enhanced Index Equity Active (CHF Hedged),,EUR 3 m,11.06%,+26.53%,-,-
IE000DVHJV46,Xtrackers S&P 500 Market Leaders UCITS ETF 1C,XUML,4.0,equity,USD,Ireland,False,Accumulating,0.25,51.0,S&P 500 Market Leaders,,EUR 5 m,-,-,-,-
IE000DVLBQ03,iShares S&P 500 Equal Weight UCITS ETF EUR Hedged (Acc),EFRW,142.0,equity,EUR,Ireland,True,Accumulating,0.17,504.0,S&P 500® Equal Weight (EUR Hedged),,EUR 182 m,12.23%,+16.38%,-,-
IE000E0V65D8,Xtrackers World Biodiversity Focus SRI UCITS ETF 1C,XBI0,16.0,equity,USD,Ireland,False,Accumulating,0.3,672.0,ISS STOXX® Developed World Biodiversity Focus SRI,,EUR 17 m,10.47%,+22.27%,-,-
IE000E66LX20,AXA IM ACT Climate Equity UCITS ETF EUR Hedged Acc,ACLE,134.0,equity,EUR,Ireland,True,Accumulating,0.7,98.0,AXA IM ACT Climate Equity (EUR Hedged),,EUR 7 m,12.61%,+28.72%,+61.24%,-
IE000E6TPCH9,Invesco S&P 500 Quality UCITS ETF Acc,QSPA,4.0,equity,USD,Ireland,False,Accumulating,0.2,97.0,S&P 500 Quality,,EUR 18 m,-,-,-,-
IE000E7EI9P0,Amundi S&P Global Information Technology ESG UCITS ETF DR EUR (A),WELU,607.0,equity,EUR,Ireland,False,Accumulating,0.18,108.0,S&P Developed Ex-Korea LargeMidCap Sustainability Enhanced Information Technology,,"EUR 1,011 m",18.87%,+44.35%,+107.98%,-
IE000E9W0ID3,iShares MSCI Global Telecommunication Services UCITS ETF USD (Acc),F4R0,6.0,equity,USD,Ireland,False,Accumulating,0.35,51.0,MSCI ACWI Telecommunication Services Screened 35/20 Capped,,EUR 13 m,13.00%,+12.11%,-,-
IE000EBFYWX3,Global X AgTech and Food Innovation UCITS ETF USD Accumulating,KROP,3.0,equity,USD,Ireland,False,Accumulating,0.5,29.0,Solactive AgTech and Food Innovation,,EUR 5 m,15.14%,+7.01%,-8.65%,-
IE000EBPC0Z7,Franklin MSCI China Paris Aligned Climate UCITS ETF ,FVCH,7.0,equity,USD,Ireland,False,Accumulating,0.22,108.0,MSCI China Climate Paris Aligned,,EUR 8 m,17.80%,+0.10%,+10.61%,-
IE000EFHIFG3,Amundi S&P Global Communication Services ESG UCITS ETF DR EUR (A),WELX,247.0,equity,EUR,Ireland,False,Accumulating,0.18,52.0,S&P Developed Ex-Korea LargeMidCap Sustainability Enhanced Communication Services,,EUR 253 m,15.11%,+24.16%,+86.84%,-
IE000EGGFVG6,Dimensional Global Core Equity UCITS ETF USD (Acc),DEGC,,equity,USD,Ireland,False,Accumulating,0.26,,Dimensional Global Core Equity,,EUR - m,-,-,-,-
IE000EJ2EHO7,UBS Factor MSCI World Selection Minimum Volatility UCITS ETF USD acc,CSY9,238.0,equity,USD,Ireland,False,Accumulating,0.25,192.0,MSCI World Selection Minimum Volatility,CSY9.DE,EUR 232 m,8.08%,+1.95%,-,-
IE000EOFR2K5,iShares US Large Cap Deep Buffer UCITS ETF USD (Acc),DBUS,,equity,USD,Ireland,False,Accumulating,0.5,,iShares US Large Cap Deep Buffer,,EUR 25 m,-,-,-,-
IE000EPIJ442,UBS Solactive US Listed Gold & Silver Miners UCITS ETF USD acc,BCFR,153.0,equity,USD,Ireland,False,Accumulating,0.36,27.0,Solactive Gold & Silver Miners US Listings Carbon Tilted,,EUR 125 m,46.34%,+99.72%,-,-
IE000EPX8KB7,Global X S&P 500 Quarterly Tail Hedge UCITS ETF USD Accumulating,SPQH,2.0,equity,USD,Ireland,False,Accumulating,0.5,,Cboe S&P 500 15% WHT Quarterly 9% (-3% to -12%) Buffer Protect,,EUR 11 m,7.31%,+5.09%,+19.11%,-
IE000ER61U30,Xtrackers MSCI Europe Small Cap ESG UCITS ETF 1C Capitalisation,XZSE,7.0,equity,EUR,Ireland,False,Accumulating,0.25,633.0,MSCI Europe Small Cap Low Carbon SRI Screened Select,,EUR 7 m,-,-,-,-
IE000F0DNOJ1,UBS MSCI World Selection UCITS ETF hCHF acc,WDESGC,269.0,equity,CHF,Ireland,True,Accumulating,0.18,649.0,MSCI World Selection (CHF Hedged),,EUR 290 m,11.99%,+23.90%,-,-
IE000F354Q61,Xtrackers MSCI World Small Cap UCITS ETF 1C,XSWC,81.0,equity,USD,Ireland,False,Accumulating,0.25,633.0,MSCI World Small Cap,,EUR 108 m,-,-,-,-
IE000F60HVH9,Amundi MSCI USA Screened UCITS ETF Acc,USAS,426.0,equity,USD,Ireland,False,Accumulating,0.05,490.0,MSCI USA Screened Select ex Thermal Coal,CCUSAS.MI,EUR 876 m,-,-,-,-
IE000F7TZ3H9,JPMorgan US Research Enhanced Index Equity SRI Paris Aligned UCITS ETF CHF Hedged (acc),JSHC,8.0,equity,CHF,Ireland,True,Accumulating,0.2,178.0,JP Morgan US Research Enhanced Index Equity SRI Paris Aligned (CHF Hedged),,EUR 9 m,13.00%,+21.26%,-,-
IE000F9AQNW6,WisdomTree US Value UCITS ETF USD (Acc),VYUS,4.0,equity,USD,Ireland,False,Accumulating,0.2,,WisdomTree US Value,,EUR 8 m,-,-,-,-
IE000F9IDGB5,iShares MSCI World Swap UCITS ETF USD (Acc),B2H0,890.0,equity,USD,Ireland,False,Accumulating,0.12,,MSCI World,,"EUR 1,602 m",10.14%,+23.64%,-,-
IE000FASRFS4,JPMorgan Strategic Allocation Conservative Active UCITS ETF EUR (Acc),,,equity,EUR,Ireland,False,Accumulating,0.35,,JP Morgan Strategic Allocation Conservative Active,,EUR 6 m,-,-,-,-
IE000FCGBU62,Amundi S&P Global Materials ESG UCITS ETF DR EUR (A),WELI,693.0,equity,EUR,Ireland,False,Accumulating,0.18,77.0,S&P Developed Ex-Korea LargeMidCap Sustainability Enhanced Materials,,EUR 324 m,14.96%,+33.79%,+47.99%,-
IE000FF2EBQ8,BNP Paribas Easy ECPI Global ESG Infrastructure UCITS ETF EUR Capitalisation,XU61,342.0,equity,EUR,Ireland,False,Accumulating,0.31,100.0,ECPI Global ESG Infrastructure Equity,XU61.BE,EUR 458 m,8.75%,+25.24%,-,-
IE000FJJZA01,SPDR S&P 500 Quality Aristocrats UCITS ETF USD Unhedged (Acc),QUS5,568.0,equity,USD,Ireland,False,Accumulating,0.25,100.0,S&P 500 Quality FCF Aristocrats,,EUR 732 m,11.62%,+18.63%,-,-
IE000FNVOB27,HSBC MSCI Emerging Markets Climate Paris Aligned UCITS ETF,HP8E,30.0,equity,USD,Ireland,False,Accumulating,0.18,340.0,MSCI Emerging Markets Climate Paris Aligned,,EUR 35 m,16.25%,+43.28%,+66.26%,-
IE000FO1A5D1,Xtrackers S&P 500 Equal Weight Swap UCITS ETF 1C,XEQW,4.0,equity,USD,Ireland,False,Accumulating,0.08,,S&P 500® Equal Weight,,EUR 5 m,-,-,-,-
IE000FP52WM7,Global X Disruptive Materials UCITS ETF USD Accumulating,D6AT,38.0,equity,USD,Ireland,False,Accumulating,0.5,47.0,Solactive Disruptive Materials,,EUR 45 m,29.55%,+107.80%,+70.28%,-
IE000FQ808R5,First Trust Vest Nasdaq-100® Moderate Buffer UCITS ETF - September Class A Accumulation,QSEP,9.0,equity,USD,Ireland,False,Accumulating,0.9,,First Trust Vest Nasdaq-100 Moderate Buffer,,EUR 9 m,7.93%,+12.71%,-,-
IE000FSN19U2,Amundi Core MSCI USA UCITS ETF Acc,WEBH,2717.0,equity,USD,Ireland,False,Accumulating,0.03,545.0,MSCI USA,,"EUR 3,341 m",11.78%,+24.91%,+72.12%,+95.23%
IE000G0E83X3,iShares AI Innovation Active UCITS ETF USD (Acc),IART,114.0,equity,USD,Ireland,False,Accumulating,0.73,40.0,iShares AI Innovation Active,,EUR 241 m,27.41%,+87.41%,-,-
IE000G2LIHG9,iShares MSCI USA Screened UCITS ETF EUR Hedged (Acc),SAUA,924.0,equity,EUR,Ireland,True,Accumulating,0.1,495.0,MSCI USA Screened (EUR Hedged),,EUR 773 m,13.06%,+26.11%,+80.76%,-
IE000G9O8QD4,abrdn Future Supply Chains UCITS ETF USD Acc,ASCH,14.0,equity,USD,Ireland,False,Accumulating,0.6,,abrdn Future Supply Chains,,EUR 17 m,16.14%,+43.88%,-,-
IE000GA3D489,ARK Innovation UCITS ETF USD Accumulating,ARXK,282.0,equity,USD,Ireland,False,Accumulating,0.75,44.0,ARK Innovation,,EUR 266 m,33.77%,+47.20%,-,-
IE000GAKWFA7,First Trust Vest Nasdaq-100® Moderate Buffer UCITS ETF - December Class A Accumulation,FTGQ,8.0,equity,USD,Ireland,False,Accumulating,0.9,,First Trust Vest Nasdaq-100 Moderate Buffer,,EUR 9 m,7.78%,+15.94%,-,-
IE000GLIXPP3,AXA IM MSCI Emerging Markets Equity PAB UCITS ETF USD Acc,AIQT,19.0,equity,USD,Ireland,False,Accumulating,0.24,296.0,MSCI Emerging Markets Climate Paris Aligned,,EUR 24 m,16.29%,+43.10%,-,-
IE000GNOSM10,Goldman Sachs MSCI World Private Equity Return Tracker UCITS ETF USD (Acc),GXPE,8.0,equity,USD,Ireland,False,Accumulating,0.5,,MSCI World Private Equity Return Tracker,,EUR 10 m,-,-,-,-
IE000GOJO2A3,Vanguard ESG Developed Asia Pacific All Cap UCITS ETF (USD) Accumulating,V3PA,202.0,equity,USD,Ireland,False,Accumulating,0.17,1998.0,FTSE Developed Asia Pacific All Cap Choice,,EUR 266 m,18.97%,+48.61%,+72.66%,-
IE000H1H16W5,iShares MSCI World Value Factor Advanced UCITS ETF USD (Acc),CBUI,351.0,equity,USD,Ireland,False,Accumulating,0.25,241.0,MSCI World Value Advanced Select,,EUR 439 m,11.05%,+42.16%,+81.33%,-
IE000H444PH5,iShares S&P Mid Cap 400 Swap UCITS ETF USD (Acc),SP4S,4.0,equity,USD,Ireland,False,Accumulating,0.2,,S&P MidCap 400,,EUR 5 m,-,-,-,-
IE000H7PE775,Amundi Core MSCI World UCITS ETF EUR Hedged Acc,MWHE,46.0,equity,EUR,Ireland,True,Accumulating,0.14,1321.0,MSCI World (EUR Hedged),,EUR 63 m,-,-,-,-
IE000HARJEE2,iShares Core FTSE 100 UCITS ETF EUR Hedged (Acc),CEB4,42.0,equity,EUR,Ireland,True,Accumulating,0.1,102.0,FTSE 100 (EUR Hedged),,EUR 55 m,11.21%,+20.30%,-,-
IE000HFBJ0U0,First Trust Vest Nasdaq-100® Moderate Buffer UCITS ETF - June Class A Accumulation,QJUN,64.0,equity,USD,Ireland,False,Accumulating,0.9,,First Trust Vest Nasdaq-100 Moderate Buffer,,EUR 73 m,-,-,-,-
IE000HGH8PV2,Global X S&P 500 Annual Tail Hedge UCITS ETF USD Accumulating,5PAH,1.0,equity,USD,Ireland,False,Accumulating,0.5,,Cboe S&P 500 Annual 30% (-5% to -35%) Buffer Protect,,EUR 1 m,6.54%,+11.05%,-,-
IE000HPBRE54,Goldman Sachs Paris-Aligned Climate World Equity UCITS ETF USD (Acc),GACL,7.0,equity,USD,Ireland,False,Accumulating,0.24,,Solactive ISS ESG Developed Markets Paris-Aligned Benchmark,,EUR 8 m,10.16%,+21.55%,+54.45%,-
IE000HT7E0B1,Xtrackers Nordic Net Zero Pathway Paris Aligned UCITS ETF 1C,XNZN,156.0,equity,EUR,Ireland,False,Accumulating,0.15,180.0,Solactive ISS ESG Nordic Investable Universe Net Zero Pathway,,EUR 66 m,14.67%,+3.64%,+19.56%,-
IE000HY30YW6,Xtrackers S&P 500 Swap II UCITS ETF 1C,X500,982.0,equity,USD,Ireland,False,Accumulating,0.04,,S&P 500®,X500.BE,"EUR 3,034 m",-,-,-,-
IE000HYFO765,Goldman Sachs Alpha Enhanced US Equity Active UCITS ETF USD (Acc),GQUS,56.0,equity,USD,Ireland,False,Accumulating,0.2,,Goldman Sachs Alpha Enhanced US Equity Active,,EUR 271 m,11.70%,+23.46%,-,-
IE000I5MBLC4,JPMorgan US Research Enhanced Index Equity SRI Paris Aligned UCITS ETF EUR (acc),JEUS,65.0,equity,EUR,Ireland,False,Accumulating,0.2,178.0,JP Morgan US Research Enhanced Index Equity SRI Paris Aligned,,EUR 18 m,12.05%,+21.23%,-,-
IE000I7E6HL0,HANetf Future of European Defence Screened UCITS ETF Acc,8RMY,171.0,equity,USD,Ireland,False,Accumulating,0.39,24.0,VettaFi European Future of Defence Screened,,EUR 170 m,35.22%,+6.21%,-,-
IE000I8IKC59,Invesco MSCI Japan ESG Climate Paris Aligned UCITS ETF Acc,PAUJ,62.0,equity,USD,Ireland,False,Accumulating,0.15,55.0,MSCI Japan ESG Climate Paris Aligned Benchmark Select,,EUR 63 m,18.79%,+12.89%,+24.15%,-
IE000I8KRLL9,iShares MSCI Global Semiconductors UCITS ETF USD (Acc),SEC0,1679.0,equity,USD,Ireland,False,Accumulating,0.35,252.0,MSCI ACWI IMI Semiconductors & Semiconductor Equipment ESG Screened Select Capped,,"EUR 4,264 m",26.33%,+185.34%,+264.34%,-
IE000I9HGDZ3,Xtrackers MSCI World Screened UCITS ETF 1C,XWSC,64.0,equity,USD,Ireland,False,Accumulating,0.19,1178.0,MSCI World Select Screened,,EUR 66 m,10.51%,+22.88%,-,-
IE000IAXNM41,iShares Europe Defence UCITS ETF EUR (Acc),DFNC,246.0,equity,EUR,Ireland,False,Accumulating,0.35,26.0,STOXX Europe Targeted Defence,,EUR 359 m,30.09%,+5.16%,-,-
IE000IDLWOL4,Xtrackers S&P 500 Equal Weight Scored & Screened UCITS ETF 2C - EUR Hedged,XEWE,687.0,equity,EUR,Ireland,True,Accumulating,0.22,279.0,S&P 500 Equal Weight Scored & Screened (EUR Hedged),,"EUR 1,027 m",12.34%,+20.05%,+46.97%,-
IE000IF5WTI9,Ossiam Bloomberg USA PAB UCITS ETF 1A/A (USD),OP7U,2.0,equity,USD,Ireland,False,Accumulating,0.12,364.0,Bloomberg PAB US Large & Mid Cap,,EUR 2 m,11.91%,+18.46%,-,-
IE000IIED424,Ossiam Bloomberg USA PAB UCITS ETF 1A (EUR),OP7E,415.0,equity,EUR,Ireland,False,Accumulating,0.12,364.0,Bloomberg PAB US Large & Mid Cap,,EUR 367 m,11.82%,+18.33%,+58.44%,-
IE000IISJT64,SPDR S&P Developed Quality Aristocrats UCITS ETF USD Unhedged (Acc),QDEV,44.0,equity,USD,Ireland,False,Accumulating,0.35,100.0,S&P Developed Quality FCF Aristocrats,,EUR 32 m,11.41%,+14.73%,-,-
IE000IM4K4K2,Franklin AI Metaverse and Blockchain UCITS ETF,FLRA,18.0,equity,USD,Ireland,False,Accumulating,0.3,75.0,Solactive Global Metaverse Innovation,,EUR 20 m,23.48%,+41.46%,+103.74%,-
IE000IMGE5W5,Franklin European Quality Dividend UCITS ETF (Acc),DVDE,19.0,equity,EUR,Ireland,False,Accumulating,0.25,50.0,LibertyQ European Dividend,,EUR 21 m,-,-,-,-
IE000IP0UC52,Amundi MSCI USA ESG Selection UCITS ETF EUR Hedged Acc,SADH,269.0,equity,EUR,Ireland,True,Accumulating,0.17,286.0,MSCI USA ESG Selection P-Series 5% Issuer Capped (EUR Hedged),SADH.DE,EUR 199 m,13.74%,+24.50%,+69.78%,+61.85%
IE000IQQEL77,HANetf Sprott Copper Miners ESG Screened UCITS ETF USD Acc,ASWD,95.0,equity,USD,Ireland,False,Accumulating,0.59,30.0,Nasdaq Sprott Copper Miners ESG Screened,,EUR 108 m,32.08%,+110.59%,-,-
IE000IVQPCG4,Ossiam Bloomberg World PAB UCITS ETF 1A (EUR),EUP0,116.0,equity,EUR,Ireland,False,Accumulating,0.2,698.0,Bloomberg PAB Developed Market,,EUR 169 m,10.13%,+17.07%,-,-
IE000IX54FW5,iShares US Equity Enhanced Active UCITS ETF GBP Hedged (Acc),Z1J0,0.0,equity,GBP,Ireland,True,Accumulating,0.2,254.0,iShares US Equity Enhanced Active (GBP Hedged),,EUR 0 m,13.56%,+26.51%,-,-
IE000IY9QFN9,Fidelity US Fundamental Large Cap Core UCITS ETF ACC-USD,FFLC,205.0,equity,USD,Ireland,False,Accumulating,0.38,97.0,Fidelity US Fundamental Large Cap Core,,EUR 158 m,-,-,-,-
IE000J0LN0R5,Amundi S&P Global Energy Carbon Reduced UCITS ETF DR EUR (A),WELN,296.0,equity,EUR,Ireland,False,Accumulating,0.18,26.0,S&P Developed Ex-Korea LargeMidCap Sustainability Enhanced Energy,,EUR 439 m,17.30%,+37.79%,+46.15%,-
IE000J7QYHD8,abrdn Future Raw Materials UCITS ETF USD Acc,ARAW,34.0,equity,USD,Ireland,False,Accumulating,0.45,,abrdn Future Raw Materials,,EUR 37 m,27.87%,+143.01%,-,-
IE000J80JTL1,First Trust Nasdaq Clean Edge Smart Grid Infrastructure UCITS ETF Acc,GRID,1079.0,equity,USD,Ireland,False,Accumulating,0.63,103.0,Nasdaq OMX Clean Edge Smart Grid Infrastructure,,"EUR 2,136 m",16.04%,+44.98%,+85.70%,-
IE000JCGTOP1,Ossiam Bloomberg USA PAB UCITS ETF 1A (EUR Hedged),OP7H,1.0,equity,EUR,Ireland,True,Accumulating,0.15,364.0,Bloomberg PAB US Large & Mid Cap (EUR Hedged),,EUR 28 m,12.36%,+17.41%,+60.21%,-
IE000JCW3DZ3,Global X Defence Tech UCITS ETF USD Accumulating,4MMR,496.0,equity,USD,Ireland,False,Accumulating,0.5,46.0,Mirae Asset Defence Tech,,EUR 527 m,21.09%,+16.23%,-,-
IE000JHYO4T6,UBS MSCI Japan Climate Paris Aligned UCITS ETF ir-hEUR acc,AW1Q,29.0,equity,EUR,Ireland,True,Accumulating,0.15,53.0,MSCI Japan Climate Paris Aligned (EUR Hedged),,EUR 31 m,19.62%,+36.12%,+67.19%,-
IE000JIPY1U8,JPMorgan Nasdaq Hedged Equity Laddered Overlay Active UCITS ETF USD (Acc),HEQQ,9.0,equity,USD,Ireland,False,Accumulating,0.5,90.0,J.P. Morgan Nasdaq Hedged Equity Laddered Overlay Active,,EUR 10 m,-,-,-,-
IE000JNHCBM6,Global X Wind Energy UCITS ETF USD Accumulating,WNDY,4.0,equity,USD,Ireland,False,Accumulating,0.5,27.0,Solactive Wind Energy,,EUR 8 m,18.30%,+45.12%,+3.02%,-
IE000JNKVS10,JPMorgan BetaBuilders US Small Cap Equity UCITS ETF USD (acc),JPSC,62.0,equity,USD,Ireland,False,Accumulating,0.13,1280.0,Morningstar US Small Cap Target Market Exposure,,EUR 66 m,16.37%,+29.83%,+56.93%,-
IE000JS0HUM5,Horizon Kinetics Full-Cycle Inflation Equity Fund UCITS ETF EUR (Acc),INFEA,,equity,EUR,Ireland,False,Accumulating,0.85,,Horizon Kinetics Full-Cycle Inflation Equity Fund,,EUR - m,-,-,-,-
IE000JSJOR00,Invesco NASDAQ-100 ESG UCITS ETF EUR Hedged Acc,N1EU,2.0,equity,EUR,Ireland,True,Accumulating,0.3,,Nasdaq 100® ESG (EUR Hedged),,EUR 5 m,-,-,-,-
IE000JTPK610,iShares MSCI ACWI SRI UCITS ETF USD (Acc),CBUY,82.0,equity,USD,Ireland,False,Accumulating,0.2,560.0,MSCI ACWI SRI Select Reduced Fossil Fuel,,EUR 93 m,10.30%,+19.44%,+47.66%,-
IE000JZ473P7,HSBC S&P 500 UCITS ETF USD (Acc),H4ZN,420.0,equity,USD,Ireland,False,Accumulating,0.09,502.0,S&P 500®,,EUR 611 m,11.61%,+25.24%,+71.60%,-
IE000JZYIUN0,Xtrackers MSCI Global SDG 7 Affordable and Clean Energy UCITS ETF 1C,XDG7,23.0,equity,USD,Ireland,False,Accumulating,0.35,96.0,MSCI ACWI IMI SDG 7 Affordable and Clean Energy Select,,EUR 30 m,17.40%,+77.88%,+19.72%,-
IE000K1P4V37,Amundi MSCI World SRI Climate Paris Aligned UCITS ETF Acc EUR Hedged,MWSH,276.0,equity,EUR,Ireland,True,Accumulating,0.2,300.0,MSCI World SRI Filtered PAB (EUR Hedged),MWSH.DE,EUR 232 m,12.23%,+19.02%,-,-
IE000K54GGV6,JPMorgan US Research Enhanced Index Equity (ESG) UCITS ETF CHF Hedged (acc),JUHC,58.0,equity,CHF,Ireland,True,Accumulating,0.2,240.0,JP Morgan US Research Enhanced Equity (CHF Hedged),,EUR 66 m,12.59%,+24.43%,+70.73%,-
IE000K5F6EL4,First Trust Rising Dividend Achievers UCITS ETF Class A Accumulation,RDVY,14.0,equity,USD,Ireland,False,Accumulating,0.5,,Nasdaq US Rising Dividend Achievers,,EUR 19 m,-,-,-,-
IE000K975W13,Avantis Emerging Markets Equity UCITS ETF USD Acc,AVEM,113.0,equity,USD,Ireland,False,Accumulating,0.35,,Avantis Emerging Markets Equity,,EUR 176 m,14.06%,+43.71%,-,-
IE000K9Z3SF5,Invesco S&P China A 300 Swap UCITS ETF Acc,C3AE,13.0,equity,USD,Ireland,False,Accumulating,0.35,,S&P China A 300,,EUR 14 m,15.00%,+45.15%,+46.80%,-
IE000KCS7J59,HSBC MSCI Emerging Markets UCITS ETF USD (Acc),H4Z3,820.0,equity,USD,Ireland,False,Accumulating,0.15,1203.0,MSCI Emerging Markets,,"EUR 1,111 m",15.79%,+47.97%,+76.13%,-
IE000KD0BZ68,Xtrackers MSCI Genomic Healthcare Innovation UCITS ETF 1C,XGEN,6.0,equity,USD,Ireland,False,Accumulating,0.3,100.0,MSCI ACWI IMI Genomic Innovation Select Screened 100,,EUR 8 m,16.78%,+23.53%,+4.65%,-
IE000KDY10O3,HANetf ETC Group Web 3.0 UCITS ETF Acc,W3B3,10.0,equity,USD,Ireland,False,Accumulating,0.65,20.0,Solactive ETC Group Web 3.0,,EUR 9 m,28.37%,-0.75%,+44.88%,-
IE000KF370H3,WisdomTree US Efficient Core UCITS ETF USD Unhedged Acc,WTEF,19.0,equity,USD,Ireland,False,Accumulating,0.2,459.0,WisdomTree US Efficient Core,,EUR 20 m,11.56%,+21.67%,-,-
IE000KHX9DX6,WisdomTree Strategic Metals and Rare Earths Miners UCITS ETF USD Unhedged Acc,RARE,599.0,equity,USD,Ireland,False,Accumulating,0.5,72.0,WisdomTree Strategic Metals and Rare Earths Miners,,EUR 964 m,28.96%,+122.81%,-,-
IE000KIQ3DT5,Swisscanto (IE) ESGen SDG Index Equity EMU UCITS ETF ET EUR,SWCSE,64.0,equity,EUR,Ireland,False,Accumulating,0.29,,Swisscanto ESGeneration SDG EMU,,EUR 67 m,16.95%,+14.44%,-,-
IE000KPJJWM6,Vanguard ESG Emerging Markets All Cap UCITS ETF (USD) Accumulating,V3MA,63.0,equity,USD,Ireland,False,Accumulating,0.19,3793.0,FTSE Emerging All Cap Choice,,EUR 89 m,13.41%,+29.32%,+57.23%,-
IE000KXCEXR3,Amundi S&P 500 Screened UCITS ETF Acc,F500,3867.0,equity,EUR,Ireland,False,Accumulating,0.12,307.0,S&P 500 Scored & Screened+,F500.BE,"EUR 3,561 m",11.55%,+27.54%,-,-
IE000KXTLDE2,First Trust Bloomberg Global Semiconductor Supply Chain UCITS ETF Class A Accumulation,FCHP,16.0,equity,USD,Ireland,False,Accumulating,0.6,51.0,Bloomberg Semiconductor Supply Chain Select,,EUR 31 m,24.08%,+140.43%,-,-
IE000KYX7IP4,Amundi S&P Global Financials ESG UCITS ETF DR EUR (A),WELK,565.0,equity,EUR,Ireland,False,Accumulating,0.18,192.0,S&P Developed Ex-Korea LargeMidCap Sustainability Enhanced Financials,,"EUR 1,193 m",11.27%,+13.09%,+80.97%,-
IE000L2IS494,Xtrackers MSCI Global Social Fairness Contributors UCITS ETF 1C,XDGS,3.0,equity,USD,Ireland,False,Accumulating,0.35,208.0,MSCI ACWI IMI SDG Social Fairness Select,,EUR 3 m,9.88%,+15.13%,-,-
IE000L2SA8K5,Invesco NASDAQ-100 Equal Weight UCITS ETF Acc,EWQA,103.0,equity,USD,Ireland,False,Accumulating,0.2,101.0,Nasdaq 100® Equal Weighted,,EUR 90 m,13.70%,+23.66%,-,-
IE000L4EH2K5,Invesco S&P World Health Care ESG UCITS ETF Acc,WH2E,56.0,equity,USD,Ireland,False,Accumulating,0.18,71.0,S&P Developed Ex-Korea LargeMidCap ESG Enhanced Health Care,,EUR 10 m,14.40%,+8.92%,+10.72%,-
IE000L5NW549,iShares MSCI World Momentum Factor Advanced UCITS ETF USD (Acc),CBUH,216.0,equity,USD,Ireland,False,Accumulating,0.25,176.0,MSCI World Momentum Advanced Select,,EUR 210 m,13.83%,+30.21%,+82.15%,-
IE000LAP5Z18,Amundi S&P 500 Equal Weight ESG UCITS ETF Acc,WELE,1901.0,equity,USD,Ireland,False,Accumulating,0.18,314.0,S&P 500 Equal Weight ESG+,,"EUR 2,197 m",12.01%,+16.45%,+38.93%,-
IE000LAUZQT6,Xtrackers MSCI World Value ESG UCITS ETF 1C,XWEV,223.0,equity,USD,Ireland,False,Accumulating,0.25,250.0,MSCI World Value Low Carbon SRI Screened Select,,EUR 266 m,11.08%,+42.29%,-,-
IE000LGWDNE5,Invesco Artificial Intelligence Enablers UCITS ETF Acc,IVAI,21.0,equity,USD,Ireland,False,Accumulating,0.35,37.0,S&P Kensho Global Artificial Intelligence Enablers Screened,,EUR 29 m,25.29%,+75.32%,-,-
IE000LOSV2D0,Xtrackers USA Biodiversity Focus SRI UCITS ETF 1C,XBUZ,10.0,equity,USD,Ireland,False,Accumulating,0.3,253.0,ISS STOXX® US Biodiversity Focus SRI,,EUR 10 m,12.26%,+21.13%,-,-
IE000LSRKCB4,Global X S&P 500 Quarterly Buffer UCITS ETF USD Accumulating,SPQB,67.0,equity,USD,Ireland,False,Accumulating,0.5,,Cboe S&P 500 15% WHT Quarterly 5% Buffer Protect,,EUR 4 m,7.55%,+9.60%,+31.55%,-
IE000LTA2082,Amundi S&P Global Industrials ESG UCITS ETF DR EUR (A),WELH,743.0,equity,EUR,Ireland,False,Accumulating,0.18,191.0,S&P Developed Ex-Korea LargeMidCap Sustainability Enhanced Industrials,,EUR 335 m,12.90%,+21.49%,+62.17%,-
IE000LUZJNI7,Invesco MSCI Europe Equal Weight UCITS ETF Acc,MEEQ,355.0,equity,EUR,Ireland,False,Accumulating,0.2,398.0,MSCI Europe Equal Weighted,,EUR 202 m,11.34%,+14.80%,-,-
IE000LXEN6X4,iShares EURO STOXX 50 ESG UCITS ETF EUR (Acc),ES50,98.0,equity,EUR,Ireland,False,Accumulating,0.1,51.0,EURO STOXX® 50 ESG,,EUR 101 m,16.49%,+18.29%,-,-
IE000LYBU7X5,HSBC MSCI WORLD VALUE SCREENED UCITS ETF USD (Acc),H41D,235.0,equity,USD,Ireland,False,Accumulating,0.25,243.0,MSCI World Value Select Screens Advanced,,EUR 261 m,10.37%,+26.10%,+61.24%,-
IE000M4Z0RA5,AXA IM MSCI Emerging Markets ex-China Equity PAB UCITS ETF USD Acc,AXQT,13.0,equity,USD,Ireland,False,Accumulating,0.27,183.0,MSCI Emerging Markets ex China Climate Paris Aligned,,EUR 16 m,18.92%,+66.99%,-,-
IE000M7V94E1,VanEck Uranium and Nuclear Technologies UCITS ETF A,NUKL,2045.0,equity,USD,Ireland,False,Accumulating,0.55,25.0,MarketVector Global Uranium and Nuclear Energy Infrastructure,,"EUR 2,271 m",36.11%,+48.06%,+205.69%,-
IE000M86QRT4,Amundi S&P 500 Equal Weight ESG UCITS ETF EUR Hedged Acc,MWOQ,63.0,equity,EUR,Ireland,True,Accumulating,0.2,314.0,S&P 500 Equal Weight ESG+ (EUR Hedged),,EUR 124 m,12.75%,+16.57%,-,-
IE000MAO75G5,iShares Core MSCI Europe UCITS ETF EUR (Acc),CEBZ,1438.0,equity,EUR,Ireland,False,Accumulating,0.12,405.0,MSCI Europe,,"EUR 1,354 m",12.12%,+17.17%,-,-
IE000MDKBOB3,First Trust Vest U.S. Equity Buffer UCITS ETF - January Class A Accumulation,FJAN,3.0,equity,USD,Ireland,False,Accumulating,0.85,,First Trust Vest U.S. Equity Buffer,,EUR 4 m,7.93%,+16.07%,-,-
IE000MGAVJV3,iShares MSCI USA Climate Transition Aware UCITS ETF USD (Acc),UCTA,5.0,equity,USD,Ireland,False,Accumulating,0.07,289.0,MSCI USA Transition Aware Select,,EUR 5 m,11.94%,+21.22%,-,-
IE000MKIH0W7,Fidelity US Quality Value UCITS ETF ACC-USD,FUSV,1.0,equity,USD,Ireland,False,Accumulating,0.2,123.0,Fidelity US Quality Value,,EUR 3 m,11.12%,+22.70%,-,-
IE000MLMNYS0,iShares S&P 500 Equal Weight UCITS ETF USD (Acc),O4J0,3400.0,equity,USD,Ireland,False,Accumulating,0.15,504.0,S&P 500® Equal Weight,,"EUR 3,548 m",11.67%,+16.31%,+42.32%,-
IE000MRIQ479,L&G Global Quality Dividends UCITS ETF USD Acc,LDGA,5.0,equity,USD,Ireland,False,Accumulating,0.29,,FTSE Developed All Cap Dividend Growth with Quality,,EUR 25 m,-,-,-,-
IE000MU0FDZ8,L&G S&P 100 UCITS ETF USD Acc,SNP1,3.0,equity,USD,Ireland,False,Accumulating,0.15,101.0,S&P 100,,EUR 4 m,-,-,-,-
IE000MVWFDH1,JPMorgan Strategic Allocation Growth Active UCITS ETF EUR (Acc),,,equity,EUR,Ireland,False,Accumulating,0.35,,JP Morgan Strategic Allocation Growth Active,,EUR 6 m,-,-,-,-
IE000MW6GT38,iShares MSCI Japan Climate Transition Aware UCITS ETF USD (Acc),JCTA,9.0,equity,USD,Ireland,False,Accumulating,0.15,117.0,MSCI Japan Transition Aware Select,,EUR 10 m,19.99%,+25.71%,-,-
IE000MWUQBJ0,HSBC Euro Stoxx 50 UCITS ETF EUR (Acc),H4ZZ,604.0,equity,EUR,Ireland,False,Accumulating,0.05,50.0,EURO STOXX® 50,,EUR 597 m,15.39%,+15.60%,+52.47%,-
IE000MYCJA42,Amundi MSCI North America ESG Broad Transition UCITS ETF Acc,WEB1,576.0,equity,EUR,Ireland,False,Accumulating,0.15,561.0,MSCI North America ESG Broad CTB Select,,EUR 433 m,11.97%,+23.08%,+65.29%,+86.61%
IE000N1ZEIG9,Invesco S&P 500 CTB Net Zero Pathway ESG UCITS ETF Acc,CTBA,2.0,equity,USD,Ireland,False,Accumulating,0.09,210.0,S&P 500 Climate Transition Base Pathway-Aligned ESG,,EUR 2 m,11.13%,+22.00%,-,-
IE000N42HDP2,Invesco Global Active Defensive ESG Equity UCITS ETF Acc,LVLC,4.0,equity,USD,Ireland,False,Accumulating,0.25,371.0,Invesco Global Active Defensive ESG Equity,,EUR 3 m,8.36%,+9.94%,+44.96%,-
IE000N6I8IU2,JPMorgan Nasdaq Equity Premium Income Active UCITS ETF USD (acc),JEQA,59.0,equity,USD,Ireland,False,Accumulating,0.35,90.0,JPMorgan Nasdaq Equity Premium Income Active,,EUR 113 m,11.80%,+25.03%,-,-
IE000N6LBS91,UBS Core MSCI World UCITS ETF hCHF acc,WORLD,759.0,equity,CHF,Ireland,True,Accumulating,0.09,1319.0,MSCI World (CHF Hedged),,EUR 981 m,11.93%,+24.47%,-,-
IE000N70F6V6,UBS MSCI India SF UCITS ETF USD (Acc),CNUB,3.0,equity,USD,Ireland,False,Accumulating,0.15,,MSCI India,,EUR 157 m,-,-,-,-
IE000N85G7P8,Amundi Core MSCI USA UCITS ETF EUR Hedged (Acc),WEBU,1.0,equity,EUR,Ireland,True,Accumulating,0.07,,MSCI USA (EUR Hedged),,EUR 3 m,-,-,-,-
IE000N921WJ6,iShares MSCI World Swap UCITS ETF CHF Hedged (Acc),IWHC,0.0,equity,CHF,Ireland,True,Accumulating,0.12,,MSCI World (CHF Hedged),,EUR 2 m,-,-,-,-
IE000N990RE2,Ossiam Shiller Barclays CAPE® US Sector Screened UCITS ETF 1A/A (USD),EUPF,32.0,equity,USD,Ireland,False,Accumulating,0.75,166.0,Ossiam Shiller Barclays CAPE® US Sector Screened,,EUR 30 m,10.96%,+3.45%,-,-
IE000N9MLVT1,Xtrackers MSCI Europe Climate Transition UCITS ETF 1C,XECT,13.0,equity,EUR,Ireland,False,Accumulating,0.04,312.0,MSCI Europe Select Sustainability Screened CTB,,EUR 17 m,12.31%,+15.19%,+40.35%,-
IE000NDWFGA5,Global X Uranium UCITS ETF USD Accumulating,URNU,618.0,equity,USD,Ireland,False,Accumulating,0.65,47.0,Solactive Global Uranium & Nuclear Components,,EUR 622 m,43.08%,+60.84%,+174.77%,-
IE000NFR7C63,iShares MSCI China Tech UCITS ETF USD (Acc),CBUK,2102.0,equity,USD,Ireland,False,Accumulating,0.45,158.0,MSCI China Technology Sub-Industries ESG Screened Select Capped,,"EUR 2,034 m",21.69%,+17.45%,+47.87%,-
IE000NITTFF2,iShares Russell 1000 Growth UCITS ETF USD (Acc),R1GR,580.0,equity,USD,Ireland,False,Accumulating,0.18,367.0,Russell 1000 Growth UCITS 30/18 Capped,,EUR 954 m,23.15%,+24.35%,-,-
IE000NM0ALX6,Amundi S&P Global Consumer Discretionary ESG UCITS ETF DR EUR (A),WELJ,255.0,equity,EUR,Ireland,False,Accumulating,0.18,105.0,S&P Developed Ex-Korea LargeMidCap Sustainability Enhanced Consumer Discretionary,,EUR 262 m,15.90%,+8.52%,+38.10%,-
IE000NVDQXE1,First Trust Indxx Global Aerospace & Defence UCITS ETF Class A Accumulation,FTGA,96.0,equity,USD,Ireland,False,Accumulating,0.65,50.0,Indxx Global Advanced Aerospace & Defence,FTGA.BE,EUR 120 m,18.79%,+26.74%,-,-
IE000NVVIF88,HSBC MSCI Emerging Markets Value Screened UCITS ETF USD (Acc),H41E,61.0,equity,USD,Ireland,False,Accumulating,0.35,197.0,MSCI Emerging Markets Value Select Screens Advanced,,EUR 95 m,17.04%,+67.87%,+111.25%,-
IE000NX8S1Z1,Lunate Boreas S&P AI Data Power & Infrastructure UCITS ETF USD (Acc),,0.0,equity,USD,Ireland,False,Accumulating,0.49,,S&P Transatlantic AI-Related Data Center & Power Supply Infrastructure,,EUR 3 m,-,-,-,-
IE000NXF88S1,VanEck Oil Services UCITS ETF A,V0IH,94.0,equity,USD,Ireland,False,Accumulating,0.35,25.0,MarketVector US Listed Oil Services 10% Capped,,EUR 299 m,28.98%,+87.91%,+64.24%,-
IE000O58J820,Vanguard ESG North America All Cap UCITS ETF (USD) Accumulating,V3YA,274.0,equity,USD,Ireland,False,Accumulating,0.12,1413.0,FTSE North America All Cap Choice,,EUR 243 m,12.93%,+25.32%,+70.77%,-
IE000O5FBC47,Amundi S&P 500 Climate Paris Aligned UCITS ETF Acc,ZPA5,1881.0,equity,USD,Ireland,False,Accumulating,0.07,270.0,S&P 500 Net Zero 2050 Paris-Aligned ESG+,ZPA5.DE,"EUR 1,391 m",11.69%,+19.78%,-,-
IE000O5M6XO1,ARK Genomic Revolution UCITS ETF USD Accumulating,AAKG,44.0,equity,USD,Ireland,False,Accumulating,0.75,35.0,ARK Genomic Revolution,,EUR 48 m,39.48%,+59.03%,-,-
IE000O6Z73N7,KraneShares Global Humanoid and Embodied Intelligence UCITS ETF (Acc),KBOT,,equity,USD,Ireland,False,Accumulating,0.69,,MerQube Global Humanoid and Embodied Intelligence,,EUR 51 m,-,-,-,-
IE000O8KMPM1,WisdomTree BioRevolution UCITS ETF USD Acc,WRNA,9.0,equity,USD,Ireland,False,Accumulating,0.45,83.0,WisdomTree BioRevolution ESG Screened,,EUR 13 m,24.61%,+49.66%,+4.22%,-
IE000O8S1EX4,JPMorgan Climate Change Solutions UCITS ETF USD (Acc),T3MP,69.0,equity,USD,Ireland,False,Accumulating,0.55,54.0,JP Morgan Climate Change Solutions,,EUR 83 m,13.01%,+30.89%,+54.20%,-
IE000OEF25S1,Invesco MSCI World Equal Weight UCITS ETF Acc,MWEQ,921.0,equity,USD,Ireland,False,Accumulating,0.2,1321.0,MSCI World Equal Weighted,,"EUR 1,261 m",9.13%,+16.63%,-,-
IE000OHEH5Y9,Invesco Global Enhanced Equity UCITS ETF EUR PfHdg Acc,IQGE,1.0,equity,EUR,Ireland,True,Accumulating,0.29,468.0,Invesco Global Enhanced Equity (EUR Hedged),,EUR 8 m,11.17%,+31.50%,-,-
IE000OJ31JQ4,First Trust Vest U.S. Equity Moderate Buffer UCITS ETF - November Class A Accumulation,FTGN,31.0,equity,USD,Ireland,False,Accumulating,0.85,,First Trust Vest U.S. Equity Moderate Buffer,,EUR 33 m,7.13%,+13.86%,-,-
IE000OJ5TQP4,HANetf Future of Defence UCITS ETF,ASWC,2683.0,equity,USD,Ireland,False,Accumulating,0.49,60.0,EQM Future of Defence,,"EUR 2,815 m",18.87%,+21.68%,-,-
IE000OJF8NN4,Nordea BetaPlus Enhanced European Select Equity UCITS ETF EUR (Acc),BPUE,,equity,EUR,Ireland,False,Accumulating,0.25,,Nordea BetaPlus Enhanced European Select Equity,,EUR 424 m,-,-,-,-
IE000OKVTDF7,iShares MSCI USA Value Factor Advanced UCITS ETF USD (Acc),IUVE,105.0,equity,USD,Ireland,False,Accumulating,0.2,137.0,MSCI USA Value Advanced Select,,EUR 194 m,13.54%,+46.18%,+80.88%,-
IE000ON9GR24,iShares US Large Cap Max Buffer Sep UCITS ETF USD (Acc),MAXS,29.0,equity,USD,Ireland,False,Accumulating,0.5,,iShares US Large Cap Max Buffer Sep,,EUR 26 m,-,-,-,-
IE000ONQ3X90,Xtrackers MSCI World UCITS ETF 2C - EUR Hedged,XWEU,357.0,equity,EUR,Ireland,True,Accumulating,0.17,1454.0,MSCI World (EUR Hedged),,EUR 396 m,10.94%,+24.35%,-,-
IE000OULL4R4,UBS MSCI USA NSL UCITS ETF USD acc,CSY1,2816.0,equity,USD,Ireland,False,Accumulating,0.09,541.0,MSCI USA,CSY1.DE,"EUR 2,977 m",11.58%,+24.75%,-,-
IE000OV4XWA3,WisdomTree Eurozone Efficient Core UCITS ETF EUR Unhedged Acc,NTSZ,3.0,equity,EUR,Ireland,False,Accumulating,0.2,,WisdomTree Eurozone Efficient Core,,EUR 4 m,-,-,-,-
IE000OVF8Q66,iShares Emerging Markets Equity Enhanced Active UCITS ETF USD (Acc),EGEE,737.0,equity,USD,Ireland,False,Accumulating,0.3,389.0,iShares Emerging Markets Equity Enhanced Active,,"EUR 1,208 m",16.41%,+50.60%,-,-
IE000OXJ91D7,Ossiam Bloomberg World PAB UCITS ETF 1A (USD),EUP1,3.0,equity,USD,Ireland,False,Accumulating,0.2,698.0,Bloomberg PAB Developed Market,,EUR 0 m,10.11%,+16.63%,-,-
IE000OYABFQ2,iShares Russell 2000 Swap UCITS ETF EUR Hedged (Acc),RU2E,82.0,equity,EUR,Ireland,True,Accumulating,0.2,,Russell 2000® (EUR Hedged),,EUR 96 m,19.32%,+37.92%,-,-
IE000P0FL8E3,First Trust Vest U.S. Equity Moderate Buffer UCITS ETF - May Class A Accumulation,GMAY,32.0,equity,USD,Ireland,False,Accumulating,0.85,,First Trust Vest U.S. Equity Moderate Buffer,,EUR 36 m,6.56%,+9.44%,-,-
IE000P16KP52,First Trust Nasdaq Cybersecurity UCITS ETF EUR Hedged Acc,CBEU,67.0,equity,EUR,Ireland,True,Accumulating,0.6,31.0,Nasdaq CTA Cybersecurity (EUR Hedged),CBEU5.MI,EUR 81 m,23.43%,+8.61%,-,-
IE000P1IQS65,iShares World Equity Enhanced Active UCITS ETF EUR Hedged (Acc),R730,191.0,equity,EUR,Ireland,True,Accumulating,0.3,566.0,iShares World Equity Enhanced Active (EUR Hedged),,EUR 170 m,10.95%,+25.85%,-,-
IE000P3D0W60,WisdomTree Renewable Energy UCITS ETF USD Unhedged Acc,WRNW,19.0,equity,USD,Ireland,False,Accumulating,0.45,81.0,WisdomTree Renewable Energy,,EUR 43 m,23.82%,+115.80%,-,-
IE000P4AYI47,Xtrackers MSCI World Climate Transition UCITS ETF,XCTW,22.0,equity,USD,Ireland,False,Accumulating,0.04,922.0,MSCI World Select Sustainability Screened CTB,,EUR 21 m,10.30%,+22.11%,+60.76%,-
IE000PEAJOT0,Amundi MSCI USA ESG Selection UCITS ETF Acc,SADU,458.0,equity,USD,Ireland,False,Accumulating,0.15,286.0,MSCI USA ESG Selection P-Series 5% Issuer Capped,SADU.DE,EUR 454 m,12.99%,+24.21%,+66.08%,+88.85%
IE000PJL7R74,Invesco MSCI Emerging Markets ESG Climate Paris Aligned UCITS ETF Acc,PAUM,127.0,equity,USD,Ireland,False,Accumulating,0.19,232.0,MSCI Emerging Markets ESG Climate Paris Aligned Benchmark Select,,EUR 169 m,15.78%,+35.52%,+54.15%,-
IE000PMX0MW6,Amundi S&P Global Utilities ESG UCITS ETF DR EUR (A),WELD,143.0,equity,EUR,Ireland,False,Accumulating,0.18,49.0,S&P Developed Ex-Korea LargeMidCap Sustainability Enhanced Utilities,,EUR 141 m,11.45%,+17.68%,+41.47%,-
IE000PNL0242,Fidelity US Fundamental Small-Mid Cap UCITS ETF ACC-USD,FFSM,,equity,USD,Ireland,False,Accumulating,0.43,,Fidelity US Fundamental Small-Mid Cap,,EUR - m,-,-,-,-
IE000PPEL1I4,Investlinx Balanced Income UCITS ETF ETF A EUR Capitalisation,LNXB,44.0,equity,EUR,Ireland,False,Accumulating,0.85,53.0,Investlinx Balanced Income,,EUR 44 m,7.80%,+1.08%,+18.13%,-
IE000PS0J481,Global X European Infrastructure Development UCITS ETF EUR Accumulating,B41J,257.0,equity,EUR,Ireland,False,Accumulating,0.47,37.0,Mirae Asset European Infrastructure Development,,EUR 563 m,14.11%,+12.60%,-,-
IE000PSF3A70,Xtrackers MSCI Global SDGs UCITS ETF 1C,XDGI,6.0,equity,USD,Ireland,False,Accumulating,0.35,222.0,MSCI ACWI IMI SDG Impact Select,,EUR 7 m,11.04%,+19.56%,+14.05%,-
IE000PWGE381,UBS Nasdaq-100 ESG Enhanced UCITS ETF USD acc,BCFM,2.0,equity,USD,Ireland,False,Accumulating,0.15,89.0,Nasdaq 100® Sustainable ESG Select,,EUR 3 m,16.48%,+46.72%,-,-
IE000PY7F8J9,Rize USA Environmental Impact UCITS ETF USD Acc,RIZJ,8.0,equity,USD,Ireland,False,Accumulating,0.45,83.0,Foxberry SMS USA Environmental Impact,,EUR 8 m,23.02%,+51.09%,-,-
IE000PYEKKW0,iShares MSCI Europe Quality Dividend Advanced UCITS ETF EUR (Acc),CEML,3.0,equity,EUR,Ireland,False,Accumulating,0.28,82.0,MSCI Europe High Dividend Yield Advanced Select,,EUR 11 m,-,-,-,-
IE000Q0IU5T1,Invesco S&P World Information Technology ESG UCITS ETF Acc,WDTE,25.0,equity,USD,Ireland,False,Accumulating,0.18,64.0,S&P Developed Ex-Korea LargeMidCap ESG Enhanced Information Technology,,EUR 31 m,17.21%,+35.66%,+100.88%,-
IE000Q4EBR54,SPDR S&P 400 U.S. Mid Cap Leaders UCITS ETF USD Unhedged (Acc),400X,4.0,equity,USD,Ireland,False,Accumulating,0.3,180.0,S&P MidCap 400 Scored & Screened Leaders,,EUR 5 m,-,-,-,-
IE000Q6C8036,BNP Paribas Easy S&P 500 Scored and Screened UCITS ETF EUR Hedged Acc,ESAA,50.0,equity,EUR,Ireland,True,Accumulating,0.13,314.0,S&P 500 Scored & Screened (EUR Hedged),,EUR 55 m,11.89%,+28.29%,-,-
IE000Q8F0M81,First Trust Nasdaq Clean Edge Global Water UCITS ETF Acc,H2O,10.0,equity,USD,Ireland,False,Accumulating,0.65,,Nasdaq Clean Edge Global Water,IH2O.MI,EUR 10 m,-,-,-,-
IE000Q8N7WY1,Robeco 3D Global Equity UCITS ETF A USD,3DGL,,equity,USD,Ireland,False,Accumulating,0.25,,Robeco 3D Global Equity,,EUR - m,10.57%,+24.53%,-,-
IE000Q9W2IR3,iShares AI Adopters & Applications UCITS ETF USD (Acc),AIAA,291.0,equity,USD,Ireland,False,Accumulating,0.35,90.0,STOXX Global AI Adopters & Applications,,EUR 172 m,11.73%,+4.97%,-,-
IE000QDFFK00,AXA IM NASDAQ 100 UCITS ETF USD Acc,ANAV,1592.0,equity,USD,Ireland,False,Accumulating,0.14,101.0,Nasdaq 100®,,"EUR 2,493 m",15.38%,+37.78%,+97.64%,-
IE000QF66PE6,Invesco S&P 500 Scored & Screened UCITS ETF EUR Hedged Acc,5ESE,705.0,equity,EUR,Ireland,True,Accumulating,0.09,,S&P 500 Scored & Screened (EUR Hedged),,EUR 580 m,12.11%,+27.65%,+72.09%,-
IE000QGWZZO0,JPMorgan Japan Research Enhanced Index Equity (ESG) UCITS ETF EUR Hedged (acc),JJEH,26.0,equity,EUR,Ireland,True,Accumulating,0.25,123.0,JP Morgan Japan Research Enhanced Index Equity (ESG) (EUR Hedged),,EUR 35 m,19.94%,+43.43%,+105.26%,-
IE000QLV3SY5,Franklin MSCI Emerging Markets Paris Aligned Climate UCITS ETF ,FVEM,7.0,equity,USD,Ireland,False,Accumulating,0.18,329.0,MSCI Emerging Markets Climate Paris Aligned,,EUR 8 m,16.31%,+43.54%,+66.25%,-
IE000QMIHY81,HSBC MSCI World UCITS ETF EUR Hedged (Acc),H41H,653.0,equity,EUR,Ireland,True,Accumulating,0.16,1285.0,MSCI World (EUR Hedged),,EUR 738 m,10.91%,+24.53%,+69.92%,-
IE000QOU09J7,iShares China Large Cap UCITS ETF USD (Acc),7JC0,36.0,equity,USD,Ireland,False,Accumulating,0.74,50.0,FTSE China 50,,EUR 32 m,18.40%,-0.50%,+31.37%,-
IE000QUOSE01,Vanguard ESG Developed Europe All Cap UCITS ETF (EUR) Accumulating,V3DA,134.0,equity,EUR,Ireland,False,Accumulating,0.12,988.0,FTSE Developed Europe All Cap Choice,,EUR 121 m,12.79%,+13.46%,+42.86%,-
IE000QWCYQT0,Amundi MSCI World Screened UCITS ETF Acc,WLSC,991.0,equity,USD,Ireland,False,Accumulating,0.2,1145.0,MSCI World Screened Select ex Thermal Coal,,"EUR 1,459 m",-,-,-,-
IE000QWO5FT3,iShares MSCI Japan SRI UCITS ETF EUR Hedged (Acc),CEME,1.0,equity,EUR,Ireland,True,Accumulating,0.25,38.0,MSCI Japan SRI Select Reduced Fossil Fuels (EUR Hedged),,EUR 1 m,-,-,-,-
IE000QZ7JON9,iShares MSCI USA Swap UCITS ETF EUR Hedged (Acc),3SUS,24.0,equity,EUR,Ireland,True,Accumulating,0.05,,MSCI USA (EUR Hedged),,EUR 81 m,12.42%,+25.24%,-,-
IE000R3K9FF7,iShares MSCI World ESG Enhanced CTB UCITS ETF EUR Hedged (Acc),CEMN,188.0,equity,EUR,Ireland,True,Accumulating,0.23,1124.0,MSCI World ESG Enhanced Focus CTB (EUR Hedged),,EUR 258 m,-,-,-,-
IE000R4ZNTN3,iShares MSCI World ex-USA UCITS ETF USD (Acc),IXUA,1933.0,equity,USD,Ireland,False,Accumulating,0.15,776.0,MSCI World ex USA,,"EUR 2,890 m",10.90%,+19.96%,-,-
IE000R65LK54,UniActive Q Equities Global Enhanced UCITS ETF EUR (Acc),UQE2,11.0,equity,EUR,Ireland,False,Accumulating,0.25,,UniActive Q Equities Global Enhanced,,EUR 15 m,-,-,-,-
IE000R6TN604,Bellevue Healthcare UCITS ETF USD Acc,C4RE,,equity,USD,Ireland,False,Accumulating,0.55,,Bellevue Healthcare,,EUR 9 m,-,-,-,-
IE000R7HJVO6,iShares US Equity Enhanced Active UCITS ETF EUR Hedged (Acc),QN10,8.0,equity,EUR,Ireland,True,Accumulating,0.2,254.0,iShares US Equity Enhanced Active (EUR Hedged),,EUR 8 m,12.53%,+27.08%,-,-
IE000R85HL30,Amundi MSCI USA SRI Climate Paris Aligned UCITS ETF Acc,WEBD,342.0,equity,EUR,Ireland,False,Accumulating,0.18,90.0,MSCI USA SRI Filtered PAB,,EUR 343 m,12.80%,+10.62%,+29.98%,+50.29%
IE000R9FA4A0,iShares S&P 500 Scored and Screened UCITS ETF USD (Acc),ZA30,392.0,equity,USD,Ireland,False,Accumulating,0.07,314.0,S&P 500 Scored & Screened,,EUR 421 m,11.24%,+27.54%,+68.50%,-
IE000RC2UNU0,JPMorgan Global Research Enhanced Index Equity SRI Paris Aligned UCITS ETF CHF Hedged (acc),JSGC,1.0,equity,CHF,Ireland,True,Accumulating,0.25,423.0,JP Morgan Global Research Enhanced Index Equity SRI Paris Aligned (CHF Hedged),,EUR 6 m,11.70%,+22.32%,-,-
IE000RDRMSD1,iShares Blockchain Technology UCITS ETF USD (Acc),CBUT,225.0,equity,USD,Ireland,False,Accumulating,0.5,39.0,NYSE FactSet Global Blockchain Technologies Capped,,EUR 359 m,51.99%,+78.96%,+217.23%,-
IE000RITWOD4,Goldman Sachs Alpha Enhanced Europe Equity Active UCITS ETF CLASS EUR (Acc),GQEU,107.0,equity,EUR,Ireland,False,Accumulating,0.25,,Goldman Sachs Alpha Enhanced Europe Equity Active,,EUR 468 m,11.88%,+18.57%,-,-
IE000RJECXS5,Avantis Global Equity UCITS ETF USD Acc,AVWC,394.0,equity,USD,Ireland,False,Accumulating,0.22,,Avantis Global Equity,,EUR 518 m,10.32%,+27.83%,-,-
IE000RLUE8E9,Invesco MSCI USA ESG Climate Paris Aligned UCITS ETF Acc,PAUS,149.0,equity,USD,Ireland,False,Accumulating,0.09,79.0,MSCI USA ESG Climate Paris Aligned Benchmark Select,,EUR 156 m,13.77%,+14.23%,+50.76%,-
IE000RMSPY39,Rize Circular Economy Enablers UCITS ETF USD Accumulating,CIRC,2.0,equity,USD,Ireland,False,Accumulating,0.45,34.0,Foxberry SMS Circular Economy Enablers,,EUR 2 m,13.52%,+8.33%,+19.47%,-
IE000RN036E0,First Trust Alerian Disruptive Technology Real Estate UCITS ETF Acc,FTGT,0.0,equity,USD,Ireland,False,Accumulating,0.6,27.0,Alerian Disruptive Technology Real Estate,,EUR 1 m,13.04%,+7.80%,+9.28%,-
IE000RN58M26,iShares Metaverse UCITS ETF USD (Acc),CBUV,107.0,equity,USD,Ireland,False,Accumulating,0.5,74.0,STOXX Global Metaverse,,EUR 112 m,17.33%,+18.99%,+82.78%,-
IE000ROSD5J6,iShares Essential Metals Producers UCITS ETF USD (Acc),CEBT,700.0,equity,USD,Ireland,False,Accumulating,0.55,83.0,S&P Global Essential Metals Producers,,EUR 861 m,29.08%,+119.63%,-,-
IE000RSCXLM4,JPMorgan Active US Equity UCITS ETF USD (acc),JAUS,45.0,equity,USD,Ireland,False,Accumulating,0.39,74.0,JPMorgan Active US Equity,,EUR 40 m,11.39%,+18.75%,-,-
IE000RTQ5X23,UBS MSCI World Mega Cap UCITS ETF USD acc,WOMC,3.0,equity,USD,Ireland,False,Accumulating,0.12,36.0,MSCI World Mega Cap 18% Capped Specified,,EUR 3 m,-,-,-,-
IE000S4A5WE2,UBS S&P 500 Climate Transition ESG UCITS ETF USD acc,BCFF,1.0,equity,USD,Ireland,False,Accumulating,0.07,309.0,S&P 500® Climate Transition Base ESG,,EUR 2 m,11.04%,+23.51%,-,-
IE000S67ID55,Dimensional Global Targeted Value UCITS ETF USD (Acc),DEGT,,equity,USD,Ireland,False,Accumulating,0.44,,Dimensional Global Targeted Value,,EUR - m,-,-,-,-
IE000S9T0WR9,UBS Factor MSCI USA Quality Screened UCITS ETF hCHF acc,UQLTS,33.0,equity,CHF,Ireland,True,Accumulating,0.28,101.0,MSCI USA Quality ESG Low Carbon Select (CHF Hedged),,EUR 40 m,14.39%,+24.89%,+65.84%,-
IE000SA19OL0,CT QR Series European Equity Active UCITS ETF Acc EUR,QREU,,equity,EUR,Ireland,False,Accumulating,0.25,,CT QR Series European Equity Active,,EUR - m,-,-,-,-
IE000SB4G4I4,UBS Nasdaq-100 UCITS ETF USD acc,BCFP,77.0,equity,USD,Ireland,False,Accumulating,0.13,101.0,Nasdaq 100®,,EUR 322 m,15.16%,+37.83%,-,-
IE000SBHVL31,AXA IM ACT Biodiversity Equity UCITS ETF USD Acc,ABIT,15.0,equity,USD,Ireland,False,Accumulating,0.7,97.0,AXA IM ACT Biodiversity Equity,,EUR 18 m,11.21%,+19.56%,+43.32%,-
IE000SBU19F7,VanEck Morningstar US SMID Moat UCITS ETF A,SMTV,14.0,equity,USD,Ireland,False,Accumulating,0.49,103.0,Morningstar US Small-Mid Cap Moat Focus,,EUR 12 m,13.87%,+11.46%,-,-
IE000SGVQIZ9,HSBC MSCI Pacific ex Japan UCITS ETF USD (Acc),W450,320.0,equity,USD,Ireland,False,Accumulating,0.15,94.0,MSCI Pacific ex Japan,,EUR 469 m,11.90%,+16.09%,+37.39%,-
IE000SHR0UX9,Invesco FTSE All-World UCITS ETF CHF PfHdg Acc,FWCA,17.0,equity,CHF,Ireland,True,Accumulating,0.2,519.0,FTSE All-World (CHF Hedged),,EUR 51 m,10.97%,+26.72%,-,-
IE000SNWS0L0,iShares MSCI ACWI Screened UCITS ETF USD (Acc),IG3A,143.0,equity,USD,Ireland,False,Accumulating,0.2,1564.0,MSCI ACWI Screened,,"EUR 2,434 m",-,-,-,-
IE000SRQBBT6,Xtrackers S&P 500 Defensive Shareholder Yield UCITS ETF 1C,XUDY,5.0,equity,USD,Ireland,False,Accumulating,0.25,98.0,S&P 500 Resilient Shareholder Yield,,EUR 5 m,-,-,-,-
IE000ST40PX8,L&G Cyber Security Innovation UCITS ETF USD Acc,ES6Y,12.0,equity,USD,Ireland,False,Accumulating,0.49,38.0,Solactive Cyber Security Innovation,,EUR 20 m,22.23%,+48.22%,+121.02%,-
IE000STJ19F2,AXA IM NASDAQ 100 UCITS ETF EUR (H) Acc,ANAE,10.0,equity,EUR,Ireland,True,Accumulating,0.2,101.0,Nasdaq 100® (EUR Hedged),,EUR 16 m,16.11%,+37.23%,-,-
IE000SU7USQ3,AXA IM MSCI World Equity PAB UCITS ETF USD Acc,AWDT,1130.0,equity,USD,Ireland,False,Accumulating,0.2,430.0,MSCI World Climate Paris Aligned,,"EUR 1,568 m",10.86%,+18.67%,-,-
IE000SVXJH05,iShares Nasdaq 100 ex-Top 30 UCITS ETF USD (Acc),J590,7.0,equity,USD,Ireland,False,Accumulating,0.3,70.0,Nasdaq-100 ex Top 30 UCITS,,EUR 8 m,13.93%,+19.45%,-,-
IE000T4LTZ00,JPMorgan All Country Research Enhanced Index Equity Active UCITS ETF EUR (acc),JREW,1.0,equity,EUR,Ireland,False,Accumulating,0.25,1032.0,JP Morgan All Country Research Enhanced Index Equity Active,,EUR 0 m,9.54%,+25.01%,-,-
IE000T5R61X5,Invesco MSCI USA Universal Screened UCITS ETF GBP Hedged Acc,ESPB,6.0,equity,GBP,Ireland,True,Accumulating,0.12,331.0,MSCI USA Universal Select Business Screens (GBP Hedged),,EUR 5 m,14.01%,+23.45%,+82.90%,-
IE000T9EOCL3,iShares MSCI World Small Cap ESG Enhanced CTB UCITS ETF USD (Acc),CBUG,249.0,equity,USD,Ireland,False,Accumulating,0.35,2599.0,MSCI World Small Cap ESG Enhanced Focus CTB,,EUR 368 m,12.19%,+28.17%,+48.63%,-
IE000TB15RC6,UBS Core MSCI World UCITS ETF hEUR acc,BCFI,384.0,equity,EUR,Ireland,True,Accumulating,0.09,1319.0,MSCI World (EUR Hedged),,EUR 797 m,11.04%,+24.59%,-,-
IE000TD3TI26,JPMorgan Active US Value UCITS ETF USD (acc),JPVA,61.0,equity,USD,Ireland,False,Accumulating,0.5,153.0,JPMorgan Active US Value,,EUR 64 m,11.41%,+20.45%,-,-
IE000TG1LGI4,UBS MSCI World Selection UCITS ETF USD acc,CSY5,649.0,equity,USD,Ireland,False,Accumulating,0.15,649.0,MSCI World Selection,CSY5.DE,EUR 691 m,10.55%,+22.78%,-,-
IE000TGSG3Y5,First Trust Vest U.S. Equity Moderate Buffer UCITS ETF - August Class A Accumulation,GAUG,16.0,equity,USD,Ireland,False,Accumulating,0.85,,First Trust Vest U.S. Equity Moderate Buffer,,EUR 16 m,6.99%,+10.68%,-,-
IE000TI21P14,Invesco MSCI Europe ESG Climate Paris Aligned UCITS ETF Acc,PAUE,35.0,equity,EUR,Ireland,False,Accumulating,0.16,204.0,MSCI Europe ESG Climate Paris Aligned Benchmark Select,,EUR 36 m,12.30%,+11.91%,+36.26%,-
IE000TL3PL69,Xtrackers MSCI World Momentum ESG UCITS ETF,XWEM,217.0,equity,USD,Ireland,False,Accumulating,0.25,154.0,MSCI World Momentum Low Carbon SRI Screened Select,,EUR 246 m,14.16%,+30.82%,-,-
IE000TSML5I8,Xtrackers MSCI USA Screened UCITS ETF 2C - EUR Hedged,XRME,15.0,equity,EUR,Ireland,True,Accumulating,0.12,493.0,MSCI USA Select Screened (EUR Hedged),,EUR 139 m,13.12%,+25.69%,+76.64%,-
IE000TT7HZ88,AXA IM MSCI World Equity PAB UCITS ETF EUR Hedged Acc,AWDE,441.0,equity,EUR,Ireland,True,Accumulating,0.23,430.0,MSCI World Climate Paris Aligned (EUR Hedged),,EUR 228 m,12.27%,+18.90%,-,-
IE000TWAN2K7,JPMorgan Strategic Allocation Moderate Active UCITS ETF EUR (Acc),,,equity,EUR,Ireland,False,Accumulating,0.35,,JP Morgan Strategic Allocation Moderate Active,,EUR 6 m,-,-,-,-
IE000TYGG0N6,Fidelity Global Equity Research Enhanced PAB UCITS ETF USD (Acc),FRPG,305.0,equity,USD,Ireland,False,Accumulating,0.25,350.0,Fidelity Global Equity Research Enhanced PAB,,EUR 598 m,-,-,-,-
IE000TZ4SIN6,Invesco Global Enhanced Equity UCITS ETF Acc,IQGA,333.0,equity,USD,Ireland,False,Accumulating,0.24,468.0,Invesco Global Enhanced Equity,,EUR 590 m,10.46%,+28.28%,-,-
IE000TZT8TI0,Xtrackers Emerging Markets Net Zero Pathway Paris Aligned UCITS ETF,XEMN,13.0,equity,USD,Ireland,False,Accumulating,0.2,704.0,Solactive ISS ESG Emerging Markets Net Zero Pathway,,EUR 16 m,18.79%,+59.71%,+92.59%,-
IE000U07IGB1,Invesco Emerging Markets Enhanced Equity UCITS ETF Acc,MHQA,72.0,equity,USD,Ireland,False,Accumulating,0.29,300.0,Invesco Emerging Markets Enhanced Equity,,EUR 96 m,-,-,-,-
IE000U1MQKJ2,iShares MSCI World Quality Factor Advanced UCITS ETF USD (Acc),IWQE,91.0,equity,USD,Ireland,False,Accumulating,0.25,152.0,MSCI World Quality Advanced Select,,EUR 61 m,11.07%,+21.41%,+55.42%,-
IE000U3XZQN5,iShares MSCI Europe Climate Transition Aware UCITS ETF EUR (Acc),ECTA,6.0,equity,EUR,Ireland,False,Accumulating,0.12,285.0,MSCI Europe Transition Aware Select,,EUR 6 m,11.83%,+13.79%,-,-
IE000U58J0M1,iShares Global Clean Energy Transition UCITS ETF USD (Acc),Q8Y0,573.0,equity,USD,Ireland,False,Accumulating,0.65,99.0,S&P Global Clean Energy Transition,,EUR 888 m,22.12%,+81.76%,+20.95%,-
IE000U6ABUJ7,First Trust RBA American Industrial Renaissance UCITS ETF Class A Accumulation,IRFT,34.0,equity,USD,Ireland,False,Accumulating,0.7,,RBA American Industrial Renaissance,,EUR 208 m,-,-,-,-
IE000U7L59A3,iShares MSCI USA ESG Enhanced CTB UCITS ETF EUR Hedged (Acc),CBUC,1730.0,equity,EUR,Ireland,True,Accumulating,0.1,493.0,MSCI USA ESG Enhanced Focus CTB (EUR Hedged),,"EUR 1,571 m",12.48%,+22.87%,+68.06%,-
IE000U9ODG19,iShares Global Aerospace & Defence UCITS ETF USD (Acc),5J50,1228.0,equity,USD,Ireland,False,Accumulating,0.35,78.0,S&P Developed BMI Select Aerospace & Defense 35/20 Capped,,"EUR 1,626 m",18.77%,+22.14%,-,-
IE000UATQPE2,Xtrackers MSCI World Small Cap ESG UCITS ETF 1C,XZSW,8.0,equity,USD,Ireland,False,Accumulating,0.25,1298.0,MSCI World Small Cap Low Carbon SRI Screened Select,,EUR 9 m,-,-,-,-
IE000UBAW7M3,Amundi Core S&P 500 UCITS ETF UCITS ETF Acc,CSP5,6.0,equity,USD,Ireland,False,Accumulating,0.05,501.0,S&P 500®,,EUR 21 m,11.73%,+25.30%,-,-
IE000UDFKE13,First Trust Indxx Future Economy Metals UCITS ETF Class A Accumulation,METL,3.0,equity,USD,Ireland,False,Accumulating,0.65,51.0,Indxx Global Future Economy Metals,,EUR 5 m,25.73%,+107.16%,-,-
IE000UERNJ93,HSBC PLUS Emerging Markets Equity Quant Active UCITS ETF USD Acc,H414,88.0,equity,USD,Ireland,False,Accumulating,0.3,299.0,HSBC PLUS Emerging Markets Equity Quant Active,,EUR 133 m,-,-,-,-
IE000UFAX9L6,Goldman Sachs Alpha Enhanced World Equity Active UCITS ETF CLASS USD (Acc),GQWD,129.0,equity,USD,Ireland,False,Accumulating,0.25,,Goldman Sachs Alpha Enhanced World Equity Active,,EUR 207 m,10.15%,+26.31%,-,-
IE000UL6CLP7,Global X Silver Miners UCITS ETF USD Accumulating,SLVR,1749.0,equity,USD,Ireland,False,Accumulating,0.65,32.0,Solactive Global Silver Miners,SLVR.MI,"EUR 1,295 m",46.16%,+118.07%,+232.26%,-
IE000UOXRAM8,Invesco Dow Jones Islamic Global Developed Markets UCITS ETF Acc,IGDA,969.0,equity,USD,Ireland,False,Accumulating,0.4,258.0,Dow Jones Islamic Market Developed Markets,,EUR 960 m,11.70%,+32.74%,+68.15%,-
IE000UQND7H4,HSBC MSCI World UCITS ETF USD (Acc),H4ZY,1473.0,equity,USD,Ireland,False,Accumulating,0.15,1285.0,MSCI World,,"EUR 1,849 m",10.04%,+23.39%,+64.52%,-
IE000UU299V4,HSBC MSCI Japan Climate Paris Aligned UCITS ETF,HJAP,12.0,equity,USD,Ireland,False,Accumulating,0.18,53.0,MSCI Japan Climate Paris Aligned,,EUR 11 m,19.37%,+18.66%,+26.33%,-
IE000UZCJS58,Xtrackers World Net Zero Pathway Paris Aligned UCITS ETF 1C,XNZW,132.0,equity,USD,Ireland,False,Accumulating,0.19,1053.0,Solactive ISS ESG Developed Markets Net Zero Pathway,,EUR 118 m,10.12%,+22.02%,+54.97%,-
IE000UZIKD07,JPMorgan Global Research Enhanced Index Equity SRI Paris Aligned UCITS ETF EUR Hedged (acc),JGSE,17.0,equity,EUR,Ireland,True,Accumulating,0.25,423.0,JP Morgan Global Research Enhanced Index Equity SRI Paris Aligned (EUR Hedged),,EUR 16 m,11.14%,+22.46%,-,-
IE000UZZ5D45,Amundi MSCI World Small Cap ESG Broad Transition UCITS ETF Acc,WMFS,168.0,equity,USD,Ireland,False,Accumulating,0.25,1806.0,MSCI World Small Cap ESG Broad CTB Select,,EUR 424 m,12.24%,+27.87%,-,-
IE000UZZ5SU2,JPMorgan Active US Growth UCITS ETF EUR Hedged (acc),JPGH,9.0,equity,EUR,Ireland,True,Accumulating,0.49,102.0,JPMorgan Active US Growth (EUR Hedged),,EUR 10 m,15.64%,+18.55%,-,-
IE000V0GDVU7,Xtrackers MSCI Global SDG 11 Sustainable Cities UCITS ETF 1C,XG11,6.0,equity,USD,Ireland,False,Accumulating,0.35,134.0,MSCI ACWI IMI SDG 11 Sustainable Cities and Communities Select,,EUR 7 m,13.71%,+24.00%,+31.78%,-
IE000V0Q8BV4,ODDO BHF Global Balanced Allocation Active UCITS ETF (Acc),ODBA,3.0,equity,EUR,Ireland,False,Accumulating,0.3,,ODDO BHF Global Balanced Allocation Active,,EUR 5 m,-,-,-,-
IE000V3AQGW3,BNP Paribas Easy Alpha Enhanced US UCITS ETF USD Acc,ESAI,16.0,equity,USD,Ireland,False,Accumulating,0.1,,BNP Paribas Easy Alpha Enhanced US,,EUR 18 m,-,-,-,-
IE000V73IL86,UBS US Equity Defensive Put Write SF UCITS ETF hEUR acc,BCFS,80.0,equity,EUR,Ireland,True,Accumulating,0.24,,US Equity Defensive Put Write (EUR Hedged),,EUR 88 m,-,-,-,-
IE000V93BNU0,Invesco MSCI World ESG Climate Paris Aligned UCITS ETF Acc,PAUD,24.0,equity,USD,Ireland,False,Accumulating,0.19,326.0,MSCI World ESG Climate Paris Aligned Benchmark Select,,EUR 25 m,10.58%,+14.20%,+46.41%,-
IE000VA628D5,iShares S&P 500 Top 20 UCITS ETF USD (Acc),IS20,305.0,equity,USD,Ireland,False,Accumulating,0.2,21.0,S&P 500 Top 20 Select 35/20 Capped,,EUR 500 m,14.37%,+31.53%,-,-
IE000VAZZYM3,JPMorgan US Hedged Equity Laddered Overlay Active UCITS ETF USD (Acc),HEOL,7.0,equity,USD,Ireland,False,Accumulating,0.5,151.0,J.P. Morgan US Hedged Equity Laddered Overlay Active,,EUR 9 m,-,-,-,-
IE000VG2WCW5,Robeco Dynamic Theme Machine UCITS ETF A USD,RDYN,,equity,USD,Ireland,False,Accumulating,0.55,,Robeco Dynamic Theme Machine,,EUR - m,12.11%,+16.24%,-,-
IE000VMAR5O6,Xtrackers Europe Biodiversity Focus SRI UCITS ETF 1C,XBEE,9.0,equity,EUR,Ireland,False,Accumulating,0.3,284.0,ISS STOXX® Europe 600 Biodiversity Focus SRI,,EUR 10 m,12.96%,+16.77%,-,-
IE000VML2GZ3,Amundi MSCI USA ESG Leaders Extra UCITS ETF DR USD (A),MWOJ,283.0,equity,USD,Ireland,False,Accumulating,0.1,307.0,MSCI USA Select ESG Rating and Trend Leaders,,EUR 333 m,12.76%,+22.62%,+69.01%,-
IE000VXC51U5,Xtrackers MSCI AC World Screened UCITS ETF 2C - EUR Hedged,XMAE,67.0,equity,EUR,Ireland,True,Accumulating,0.37,1880.0,MSCI ACWI Select Screened (EUR Hedged),,EUR 88 m,10.29%,+27.70%,+70.83%,-
IE000W080FK3,HSBC MSCI EMERGING MARKETS SMALL CAP SCREENED UCITS ETF USD (Acc),H41F,41.0,equity,USD,Ireland,False,Accumulating,0.35,894.0,MSCI Emerging Markets Small Cap Universal Screens,,EUR 49 m,15.64%,+36.65%,+60.16%,-
IE000W6L2AI3,Xtrackers MSCI EMU Climate Transition UCITS ETF 1C,XCEU,14.0,equity,EUR,Ireland,False,Accumulating,0.12,174.0,MSCI EMU Select Sustainability Screened CTB,,EUR 17 m,14.28%,+16.00%,+48.28%,-
IE000W85O7M4,JPMorgan US Research Enhanced Index Equity (ESG) UCITS ETF EUR (acc),JUIE,8.0,equity,EUR,Ireland,False,Accumulating,0.2,240.0,JP Morgan US Research Enhanced Index Equity (ESG),,EUR 50 m,11.44%,+24.24%,-,-
IE000W8HP9L8,BNP Paribas Easy MSCI World Min TE UCITS ETF EUR Acc,ASRY,400.0,equity,EUR,Ireland,False,Accumulating,0.16,1025.0,MSCI World Select Filtered Min TE,,EUR 499 m,10.17%,+22.73%,-,-
IE000W8WMSL2,WisdomTree Quantum Computing UCITS ETF USD Unhedged Acc,WQTM,125.0,equity,USD,Ireland,False,Accumulating,0.5,34.0,WisdomTree Classiq Quantum Computing,,EUR 230 m,-,-,-,-
IE000W95TAE6,JPMorgan Carbon Transition Global Equity (CTB) UCITS ETF EUR Hedged (acc),JPCE,7.0,equity,EUR,Ireland,True,Accumulating,0.19,359.0,Solactive JP Morgan Asset Management Carbon Transition Global Equity (EUR Hedged),,EUR 9 m,11.31%,+20.09%,+60.89%,-
IE000WDG5795,iShares Lithium & Battery Producers UCITS ETF USD (Acc),QP70,30.0,equity,USD,Ireland,False,Accumulating,0.55,65.0,STOXX Global Lithium and Battery Producers,,EUR 56 m,26.93%,+140.18%,-,-
IE000WJ7OF21,Robeco 3D Global Equity UCITS ETF A EUR Hedged,3DGE,,equity,EUR,Ireland,True,Accumulating,0.25,,Robeco 3D Global Equity (EUR Hedged),,EUR - m,10.89%,+27.05%,-,-
IE000WJJTA81,iShares S&P 500 Swap UCITS ETF CHF Hedged (Acc),I50C,0.0,equity,CHF,Ireland,True,Accumulating,0.05,,S&P 500® (CHF Hedged),,EUR 2 m,-,-,-,-
IE000WQ5O293,BNP Paribas Easy MSCI ACWI SRI S-Series PAB 5% Capped UCITS ETF USD C,ESAC,24.0,equity,USD,Ireland,False,Accumulating,0.2,1674.0,MSCI ACWI SRI S-Series PAB 5% Capped,,EUR 60 m,9.71%,+17.21%,-,-
IE000WRQ9RR1,Global X Europe Focused Defence Tech UCITS ETF EUR Accumulating Share Class,ED3F,20.0,equity,EUR,Ireland,False,Accumulating,0.4,17.0,Mirae Asset Europe Defence Tech,,EUR 22 m,29.27%,+8.94%,-,-
IE000WX2HZQ7,First Trust Vest U.S. Equity Buffer UCITS ETF - April Class A Accumulation,FTMA,3.0,equity,USD,Ireland,False,Accumulating,0.85,,First Trust Vest U.S. Equity Buffer,,EUR 7 m,6.43%,+9.78%,-,-
IE000WX7BVB0,JPMorgan Global Equity Premium Income Active UCITS ETF USD (acc),JEGA,73.0,equity,USD,Ireland,False,Accumulating,0.35,233.0,JP Morgan Global Equity Premium Income Active,,EUR 67 m,7.91%,-1.66%,-,-
IE000WYTQSF9,HANetf INQQ India Internet UCITS ETF Acc,INQQ,8.0,equity,USD,Ireland,False,Accumulating,0.86,25.0,INQQ The India Internet ESG Screened,,EUR 8 m,18.42%,-23.66%,-,-
IE000X59ZHE2,iShares AI Infrastructure UCITS ETF USD (Acc),AIFS,401.0,equity,USD,Ireland,False,Accumulating,0.35,44.0,STOXX Global AI Infrastructure,,EUR 753 m,20.72%,+112.69%,-,-
IE000X7DRW38,WisdomTree Global Ex-USA Quality Dividend Growth UCITS ETF EUR Acc,DGXU,13.0,equity,EUR,Ireland,False,Accumulating,0.3,221.0,WisdomTree Global Developed Ex-US Quality Dividend Growth,,EUR 20 m,-,-,-,-
IE000X8M8M80,First Trust Vest U.S. Equity Moderate Buffer UCITS ETF - February Class A Accumulation,FEBB,22.0,equity,USD,Ireland,False,Accumulating,0.85,,First Trust Vest U.S. Equity Moderate Buffer,,EUR 24 m,6.87%,+11.88%,-,-
IE000XAGSCY5,Global X Blockchain UCITS ETF USD Accumulating,BLCH,113.0,equity,USD,Ireland,False,Accumulating,0.5,30.0,Solactive Blockchain,,EUR 115 m,68.01%,+127.56%,+308.16%,-
IE000XC6EVL9,HSBC NASDAQ Global Climate Tech UCITS ETF USD (Acc),H41V,108.0,equity,USD,Ireland,False,Accumulating,0.5,120.0,Nasdaq CTA Global Climate Technology,,EUR 165 m,16.86%,+47.14%,-,-
IE000XD7KCJ7,Global X Solar UCITS ETF USD Accumulating,RA7Z,7.0,equity,USD,Ireland,False,Accumulating,0.5,42.0,Solactive Solar,,EUR 12 m,28.30%,+92.73%,-5.43%,-
IE000XERHYF0,Robeco 3D US Equity UCITS ETF A USD,3DUS,,equity,USD,Ireland,False,Accumulating,0.2,,Robeco 3D US Equity,,EUR - m,12.17%,+25.00%,-,-
IE000XF8EOQ6,Horizon Kinetics Full-Cycle Inflation Equity Fund UCITS ETF USD (Acc),INFUA,,equity,USD,Ireland,False,Accumulating,0.85,,Horizon Kinetics Full-Cycle Inflation Equity Fund,,EUR - m,-,-,-,-
IE000XFORJ80,HSBC MSCI AC Asia Pacific ex Japan Climate Paris Aligned UCITS ETF,HP2A,14.0,equity,USD,Ireland,False,Accumulating,0.25,309.0,MSCI AC Asia Pacific ex Japan Climate Paris Aligned,,EUR 16 m,17.67%,+43.39%,+64.28%,-
IE000XFXBGR0,UBS MSCI USA Small Cap Selection UCITS ETF USD acc,CSY8,263.0,equity,USD,Ireland,False,Accumulating,0.2,685.0,MSCI USA Small Cap Selection,CSY8.DE,EUR 275 m,15.88%,+23.97%,-,-
IE000XIBT2R7,Invesco Global Active Defensive ESG Equity UCITS ETF EUR PfHdg Acc,LVLE,58.0,equity,EUR,Ireland,True,Accumulating,0.3,371.0,Invesco Global Active Defensive ESG Equity (EUR Hedged),,EUR 61 m,9.10%,+11.76%,+52.02%,-
IE000XJA2OU4,Franklin ClearBridge US Smaller Companies UCITS ETF Acc,CBSM,4.0,equity,USD,Ireland,False,Accumulating,0.49,,Franklin ClearBridge US Smaller Companies,,EUR 5 m,-,-,-,-
IE000XL4IXU1,Amundi MSCI USA Ex Mega Cap UCITS ETF Acc,XMGA,34.0,equity,USD,Ireland,False,Accumulating,0.15,501.0,MSCI USA Ex Mega Cap Select,,EUR 27 m,11.67%,+13.80%,-,-
IE000XN05VU8,UBS MSCI Australia Universal UCITS ETF AUD acc,AUESG,167.0,equity,AUD,Ireland,False,Accumulating,0.43,40.0,MSCI Australia Universal Low Carbon Select 5% Issuer Capped,,EUR 49 m,13.72%,+1.93%,+23.09%,-
IE000XNILW20,WisdomTree Global Sustainable Equity UCITS ETF USD Unhedged Acc,WSDG,347.0,equity,USD,Ireland,False,Accumulating,0.29,108.0,Solactive WisdomTree Global Sustainable Equity UCITS,,EUR 388 m,10.89%,+23.11%,-,-
IE000XOQ9TK4,Xtrackers MSCI Next Generation Internet Innovation UCITS ETF 1C,XNGI,61.0,equity,USD,Ireland,False,Accumulating,0.3,98.0,MSCI ACWI IMI Next Generation Internet Innovation Select Screened 100,,EUR 64 m,16.94%,+29.93%,+107.91%,-
IE000XZSV718,SPDR S&P 500 UCITS ETF (Acc),SPYL,11563.0,equity,USD,Ireland,False,Accumulating,0.03,503.0,S&P 500®,,"EUR 15,093 m",11.62%,+25.21%,-,-
IE000Y1595P8,iShares US Large Cap Max Buffer Dec UCITS ETF USD (Acc),MAXD,14.0,equity,USD,Ireland,False,Accumulating,0.5,,iShares US Large Cap Max Buffer Dec,,EUR 19 m,-,-,-,-
IE000Y2ZYZ66,BNP Paribas Easy MSCI World UCITS ETF USD Acc,ESAM,48.0,equity,USD,Ireland,False,Accumulating,0.05,1319.0,MSCI World,,EUR 78 m,-,-,-,-
IE000Y3FZEN4,Janus Henderson Global Research-Engineered Equity Active Core UCITS ETF USD (Acc),JGBL,5.0,equity,USD,Ireland,False,Accumulating,0.3,,Janus Henderson Global Research-Engineered Equity Active Core,,EUR 5 m,-,-,-,-
IE000Y65F5C2,AXA IM MSCI Emerging Markets ex-China Equity PAB UCITS ETF EUR Hedged Acc,AXQE,2.0,equity,EUR,Ireland,True,Accumulating,0.3,183.0,MSCI Emerging Markets ex China Climate Paris Aligned (EUR Hedged),,EUR 6 m,20.46%,+67.36%,-,-
IE000Y6L6LE6,Xtrackers EMU Net Zero Pathway Paris Aligned UCITS ETF 1C,XNZE,8.0,equity,EUR,Ireland,False,Accumulating,0.15,142.0,Solactive ISS ESG Developed Markets Eurozone Net Zero Pathway,,EUR 9 m,14.81%,+13.96%,+36.94%,-
IE000Y6ZXZ48,Xtrackers MSCI Global Circular Economy UCITS ETF 1C,XG12,5.0,equity,USD,Ireland,False,Accumulating,0.35,213.0,MSCI ACWI IMI SDG 12 Responsible Consumption and Production Select,,EUR 6 m,13.42%,+50.58%,+42.17%,-
IE000Y77LGG9,Amundi MSCI World SRI Climate Paris Aligned UCITS ETF Acc,XAMB,3112.0,equity,EUR,Ireland,False,Accumulating,0.18,300.0,MSCI World SRI Filtered PAB,XAMB.BE,"EUR 2,897 m",11.32%,+17.65%,-,-
IE000Y83YZ44,WisdomTree Global Quality Growth UCITS ETF USD Unhedged Acc,QGRG,3.0,equity,USD,Ireland,False,Accumulating,0.35,191.0,WisdomTree Global Quality Growth UCITS,,EUR 4 m,13.98%,+28.38%,-,-
IE000YARBD10,BNP Paribas Easy ESG Enhanced Japan UCITS ETF EUR Acc,LM9E,98.0,equity,EUR,Ireland,False,Accumulating,0.2,107.0,BNP Paribas Easy ESG Enhanced Japan,,EUR 108 m,18.81%,+28.35%,-,-
IE000YASIPS3,AXA IM MSCI Europe Equity PAB UCITS ETF EUR Acc,AIME,131.0,equity,EUR,Ireland,False,Accumulating,0.14,254.0,MSCI Europe Climate Paris Aligned,,EUR 144 m,13.08%,+12.77%,-,-
IE000YBGJ9I4,Amundi MSCI USA Mega Cap UCITS ETF Acc,MEGA,12.0,equity,USD,Ireland,False,Accumulating,0.15,43.0,MSCI USA Mega Cap Select,,EUR 9 m,13.79%,+33.03%,-,-
IE000YCD1TY0,UBS MSCI USA Mega Cap UCITS ETF USD acc,BCFV,2.0,equity,USD,Ireland,False,Accumulating,0.12,15.0,MSCI USA Mega Cap 18% Capped Specified,,EUR 2 m,-,-,-,-
IE000YDOORK7,Xtrackers MSCI Fintech Innovation UCITS ETF 1C,XFNT,11.0,equity,USD,Ireland,False,Accumulating,0.3,100.0,MSCI ACWI IMI Fintech Innovation Select Screened 100,,EUR 11 m,15.25%,-3.09%,+50.69%,-
IE000YDZG487,HSBC Nasdaq Global Semiconductor UCITS ETF,HNSC,80.0,equity,USD,Ireland,False,Accumulating,0.35,80.0,Nasdaq Global Semiconductor,,EUR 216 m,26.66%,+182.16%,+281.74%,-
IE000YELA4E3,L&G S&P 100 Equal Weight UCITS ETF USD Acc,SNPE,23.0,equity,USD,Ireland,False,Accumulating,0.19,101.0,S&P 100 Equal Weighted,,EUR 29 m,-,-,-,-
IE000YGEAK03,WisdomTree US Quality Growth UCITS ETF USD Unhedged Acc,QGRW,26.0,equity,USD,Ireland,False,Accumulating,0.33,99.0,WisdomTree US Quality Growth UCITS,,EUR 34 m,16.35%,+34.29%,-,-
IE000YICM5P9,Global X SuperDividend® UCITS ETF USD Accumulating,SDIU,1.0,equity,USD,Ireland,False,Accumulating,0.45,98.0,Solactive Global SuperDividend,,EUR 2 m,13.14%,+23.14%,+47.16%,-
IE000YIQZ0H6,First Trust Bloomberg Artificial Intelligence UCITS ETF Class A Accumulation,FTAI,2.0,equity,USD,Ireland,False,Accumulating,0.65,,Bloomberg Artificial Intelligence Select,,EUR 5 m,-,-,-,-
IE000YIXESS9,iShares S&P 500 3% Capped UCITS ETF USD (Acc),SP3C,332.0,equity,USD,Ireland,False,Accumulating,0.2,503.0,S&P 500 3% Capped,,EUR 186 m,11.00%,+23.58%,-,-
IE000YJBT6I5,First Trust Vest U.S. Equity Buffer UCITS ETF - July Class A Accumulation,FJUL,2.0,equity,USD,Ireland,False,Accumulating,0.85,,First Trust Vest U.S. Equity Buffer,,EUR 2 m,-,-,-,-
IE000YNVI4W4,Invesco Europe Enhanced Equity UCITS ETF Acc,IQHE,171.0,equity,EUR,Ireland,False,Accumulating,0.24,259.0,Invesco Europe Enhanced Equity,,EUR 214 m,-,-,-,-
IE000YR7N5U8,ODDO BHF US Equity Active UCITS ETF (Acc),ODUS,49.0,equity,USD,Ireland,False,Accumulating,0.35,101.0,ODDO BHF US Equity Active,,EUR 81 m,-,-,-,-
IE000YU9K6K2,VanEck Space Innovators UCITS ETF,JEDI,839.0,equity,USD,Ireland,False,Accumulating,0.55,25.0,MVIS Global Space Industry ESG,,"EUR 2,380 m",40.59%,+226.31%,+408.75%,-
IE000YUAPTQ0,KraneShares Electric Vehicles & Future Mobility Screened UCITS ETF USD,KARS,5.0,equity,USD,Ireland,False,Accumulating,0.72,66.0,Bloomberg Electric Vehicles ESG Screened,,EUR 5 m,20.41%,-,-,-
IE000YUTMIU2,Fidelity Global Quality Income UCITS ETF ACC-USD,FGEA,12.0,equity,USD,Ireland,False,Accumulating,0.4,250.0,Fidelity Global Quality Income,,EUR 23 m,9.40%,+22.77%,-,-
IE000YYE6WK5,VanEck Defense UCITS ETF A,DFEN,7567.0,equity,USD,Ireland,False,Accumulating,0.55,32.0,MarketVector Global Defense Industry,,"EUR 7,064 m",23.17%,+20.36%,+192.78%,-
IE000YZLMXT9,First Trust Growth Strength UCITS ETF Class A Accumulation,FTGS,0.0,equity,USD,Ireland,False,Accumulating,0.6,50.0,Nasdaq Growth Strength,,EUR 0 m,12.82%,+11.01%,-,-
IE000Z1PCR88,iShares MSCI World Sector & Country Neutral Equal Weight UCITS ETF USD (Acc),WEQW,9.0,equity,USD,Ireland,False,Accumulating,0.2,1252.0,MSCI World Equal Weighted Country & Sector Neutral,,EUR 20 m,-,-,-,-
IE000Z3S26J2,iShares S&P 500 Swap UCITS ETF EUR Hedged (Acc),CEB7,191.0,equity,EUR,Ireland,True,Accumulating,0.05,,S&P 500® (EUR Hedged),,EUR 549 m,12.24%,+25.82%,-,-
IE000Z5YU8X3,iShares US Large Cap Moderate Buffer Dec UCITS ETF (Acc),DTNE,15.0,equity,USD,Ireland,False,Accumulating,0.5,,iShares US Large Cap Moderate Buffer Dec,,EUR 16 m,-,-,-,-
IE000Z7P04F4,iShares Nasdaq 100 Top 30 UCITS ETF USD (Acc),HX60,21.0,equity,USD,Ireland,False,Accumulating,0.3,31.0,Nasdaq-100 Top 30 UCITS,,EUR 44 m,16.54%,+43.22%,-,-
IE000Z8BHG02,AXA IM ACT Climate Equity UCITS ETF USD Acc,ACLT,7.0,equity,USD,Ireland,False,Accumulating,0.7,98.0,AXA IM ACT Climate Equity,,EUR 9 m,10.91%,+28.13%,+58.25%,-
IE000Z8J5HD7,Amundi S&P 500 Climate Transition UCITS ETF (Acc),CTUT,,equity,USD,Ireland,False,Accumulating,0.09,,S&P 500 Climate Transition Base+,,EUR 2 m,-,-,-,-
IE000Z9SJA06,Xtrackers S&P 500 UCITS ETF 4C,XDPU,931.0,equity,USD,Ireland,False,Accumulating,0.05,502.0,S&P 500®,,"EUR 1,367 m",11.66%,+25.30%,+70.46%,-
IE000Z9UVQ99,L&G Asia Pacific ex Japan ESG Exclusions Paris Aligned UCITS ETF USD Accumulating ETF,BATF,60.0,equity,USD,Ireland,False,Accumulating,0.16,108.0,Foxberry Sustainability Consensus Pacific ex Japan,,EUR 79 m,11.75%,+9.73%,+25.62%,-
IE000ZAJ6XQ2,JPMorgan India Research Enhanced Index Equity Active UCITS ETF USD (acc),JRIN,12.0,equity,USD,Ireland,False,Accumulating,0.4,131.0,JPMorgan India Research Enhanced Index Equity Active,,EUR 43 m,-,-,-,-
IE000ZEOCR03,SPDR S&P Europe Quality Aristocrats UCITS ETF EUR Unhedged (Acc),QPEU,2.0,equity,EUR,Ireland,False,Accumulating,0.25,100.0,S&P Europe Quality FCF Aristocrats,,EUR 2 m,-,-,-,-
IE000ZI3FFP9,Swisscanto (IE) ESGen SDG Index Equity World UCITS ETF ET CHF,SWCSW,82.0,equity,CHF,Ireland,False,Accumulating,0.35,,Swisscanto ESGeneration SDG World,,EUR 101 m,12.21%,+38.09%,-,-
IE000ZIJ5B20,Amundi S&P Global Consumer Staples ESG UCITS ETF DR EUR (A),WELW,133.0,equity,EUR,Ireland,False,Accumulating,0.18,79.0,S&P Developed Ex-Korea LargeMidCap Sustainability Enhanced Consumer Staples,,EUR 718 m,11.72%,-1.70%,+0.39%,-
IE000ZME9TM4,BNP Paribas Easy MSCI USA Small Cap Min TE UCITS ETF USD Acc,ESAH,26.0,equity,USD,Ireland,False,Accumulating,0.25,1442.0,MSCI USA Small Cap Select Filtered Min TE,,EUR 35 m,-,-,-,-
IE000ZOKLHY7,Franklin Future Of Food UCITS ETF ,FOFD,5.0,equity,USD,Ireland,False,Accumulating,0.3,74.0,Solactive Sustainable Food,,EUR 5 m,11.22%,+3.40%,-,-
IE000ZQOIPB1,HSBC MSCI Europe UCITS ETF EUR (Acc),P260,78.0,equity,EUR,Ireland,False,Accumulating,0.1,404.0,MSCI Europe,,EUR 99 m,12.12%,+17.31%,+46.72%,-
IE000ZURGSV2,HSBC PLUS World Equity Quant Active UCITS ETF USD Acc,H416,628.0,equity,USD,Ireland,False,Accumulating,0.2,514.0,HSBC PLUS World Equity Quant Active,,EUR 560 m,-,-,-,-
IE000ZUTO1I5,Goldman Sachs Alpha Enhanced Japan Equity Active UCITS ETF JPY (Acc),GQJY,66.0,equity,JPY,Ireland,False,Accumulating,0.25,,Goldman Sachs Alpha Enhanced Japan Equity Active,,EUR 210 m,18.11%,+33.76%,-,-
IE000ZYE17Z0,iShares World Equity Enhanced Active UCITS ETF GBP Hedged (Acc),27U0,2.0,equity,GBP,Ireland,True,Accumulating,0.3,566.0,iShares World Equity Enhanced Active (GBP Hedged),,EUR 47 m,12.04%,+25.00%,-,-
IE000ZZJ48Q0,Franklin Global Quality Dividend UCITS ETF (Acc),DVDG,3.0,equity,USD,Ireland,False,Accumulating,0.3,98.0,LibertyQ Global Dividend,,EUR 4 m,-,-,-,-
IE00B3CNHG25,L&G Gold Mining UCITS ETF,ETLX,923.0,equity,USD,Ireland,False,Accumulating,0.55,36.0,STOXX Global Gold Miners,ETLX.BE,EUR 682 m,38.73%,+75.76%,+238.08%,+189.12%
IE00B3CNHJ55,L&G Russell 2000 US Small Cap Quality UCITS ETF,ETLZ,176.0,equity,USD,Ireland,False,Accumulating,0.3,986.0,Russell 2000 0.4 Quality Target Exposure Factor,ETLZ.BE,EUR 184 m,17.30%,+30.76%,+51.32%,+46.23%
IE00B3DWVS88,Invesco MSCI Emerging Markets UCITS ETF,EMSM,355.0,equity,USD,Ireland,False,Accumulating,0.19,,MSCI Emerging Markets,EMSM.DE,EUR 340 m,24.86%,+47.77%,+76.86%,+49.88%
IE00B3Q19T94,Invesco EURO STOXX Optimised Banks UCITS ETF,S7XE,174.0,equity,EUR,Ireland,False,Accumulating,0.3,,EURO STOXX® Optimised Banks,S7XE.BE,EUR 150 m,23.42%,+38.88%,+202.65%,+248.76%
IE00B3SC9K16,UBS MSCI USA SF UCITS ETF USD acc,MUUSAS,456.0,equity,USD,Ireland,False,Accumulating,0.15,,MSCI USA,,EUR 485 m,11.78%,+24.58%,+71.00%,+95.23%
IE00B3VPKB53,Invesco US Utilities Sector UCITS ETF,SMLX,102.0,equity,USD,Ireland,False,Accumulating,0.14,,S&P Select Sector Capped 20% Utilities,SMLX.DU,EUR 133 m,15.12%,+8.39%,+36.38%,+60.86%
IE00B3VSSL01,Invesco US Technology Sector UCITS ETF,SML3,1618.0,equity,USD,Ireland,False,Accumulating,0.14,,S&P Select Sector Capped 20% Technology,SML3.DU,"EUR 2,019 m",18.98%,+51.13%,+137.36%,+223.87%
IE00B3VWLG82,iShares MSCI UK Small Cap UCITS ETF (Acc),SXRD,119.0,equity,GBP,Ireland,False,Accumulating,0.58,197.0,MSCI UK Small Cap,SXRD.BE,EUR 111 m,14.21%,+8.32%,+36.91%,+7.39%
IE00B3VWM098,iShares MSCI USA Small Cap ESG Enhanced CTB UCITS ETF USD (Acc),SXRG,2233.0,equity,USD,Ireland,False,Accumulating,0.43,1508.0,MSCI USA Small Cap ESG Enhanced Focus CTB,SXRG.BE,"EUR 2,161 m",16.19%,+30.27%,+47.03%,+43.04%
IE00B3VWMM18,iShares MSCI EMU Small Cap UCITS ETF (Acc),SXRJ,1014.0,equity,EUR,Ireland,False,Accumulating,0.58,378.0,MSCI EMU Small Cap,SXRJ.BE,EUR 962 m,13.13%,+19.36%,+49.29%,+40.58%
IE00B3WJKG14,iShares S&P 500 Information Technology Sector UCITS ETF USD (Acc),QDVE,12618.0,equity,USD,Ireland,False,Accumulating,0.15,71.0,S&P 500 Capped 35/20 Information Technology,QDVE.BE,"EUR 15,875 m",19.05%,+49.90%,+125.53%,+209.85%
IE00B3WMTH43,Invesco US Health Care Sector UCITS ETF,SML4,341.0,equity,USD,Ireland,False,Accumulating,0.14,,S&P Select Sector Capped 20% Health Care,SML4.BE,EUR 390 m,14.56%,+10.69%,+12.00%,+34.30%
IE00B3XM3R14,Invesco US Materials Sector UCITS ETF,XLBS,11.0,equity,USD,Ireland,False,Accumulating,0.14,,S&P Select Sector Capped 20% Materials,XLBS.MI,EUR 38 m,15.67%,+16.49%,+29.22%,+32.14%
IE00B3YC1100,Invesco US Industrials Sector UCITS ETF,SML6,105.0,equity,USD,Ireland,False,Accumulating,0.14,,S&P Select Sector Capped 20% Industrials,SML6.DU,EUR 147 m,15.14%,+18.97%,+68.17%,+82.95%
IE00B3YCGJ38,Invesco S&P 500 UCITS ETF Acc,P500,30651.0,equity,USD,Ireland,False,Accumulating,0.05,,S&P 500®,P500.BE,"EUR 34,177 m",11.59%,+25.43%,+72.68%,+100.93%
IE00B3YLTY66,SPDR MSCI All Country World Investable Market UCITS ETF (Acc),SPYI,4194.0,equity,USD,Ireland,False,Accumulating,0.17,4414.0,MSCI All Country World Investable Market (ACWI IMI),SPYI.BE,"EUR 5,381 m",9.63%,+27.01%,+64.81%,+76.45%
IE00B3Z3FS74,UBS MSCI EM SF UCITS ETF USD acc,UIQR,189.0,equity,USD,Ireland,False,Accumulating,0.14,,MSCI Emerging Markets,,EUR 179 m,16.71%,+48.55%,+77.00%,+51.85%
IE00B3ZW0K18,iShares S&P 500 EUR Hedged UCITS ETF (Acc),IBCF,8076.0,equity,EUR,Ireland,True,Accumulating,0.2,505.0,S&P 500® (EUR Hedged),IBCF.BE,"EUR 8,739 m",11.66%,+26.31%,+73.87%,+70.30%
IE00B40B8R38,iShares S&P 500 Consumer Staples Sector UCITS ETF,2B7D,520.0,equity,USD,Ireland,False,Accumulating,0.15,38.0,S&P 500 Capped 35/20 Consumer Staples,,EUR 398 m,13.86%,+0.00%,+17.10%,+46.13%
IE00B42NKQ00,iShares S&P 500 Energy Sector UCITS ETF (Acc),QDVF,852.0,equity,USD,Ireland,False,Accumulating,0.15,22.0,S&P 500 Capped 35/20 Energy,QDVF.BE,"EUR 1,612 m",22.35%,+35.63%,+40.76%,+164.47%
IE00B42Q4896,Invesco US Financials Sector UCITS ETF,XLFS,331.0,equity,USD,Ireland,False,Accumulating,0.14,,S&P Select Sector Capped 20% Financials,XLFS.MI,EUR 295 m,14.35%,-0.46%,+53.86%,+51.99%
IE00B42YS929,iShares MSCI World GBP Hedged UCITS ETF (Acc),2B73,480.0,equity,GBP,Ireland,True,Accumulating,0.55,1322.0,MSCI World (GBP Hedged),2B73.DU,EUR 533 m,11.93%,+23.04%,+77.03%,+74.87%
IE00B42Z5J44,iShares MSCI Japan EUR Hedged UCITS ETF (Acc),IBCG,989.0,equity,EUR,Ireland,True,Accumulating,0.64,182.0,MSCI Japan (EUR Hedged),IBCG.BE,"EUR 1,200 m",19.03%,+44.56%,+105.59%,+136.46%
IE00B435BG20,Invesco US Consumer Staples Sector UCITS ETF,XLPS,39.0,equity,USD,Ireland,False,Accumulating,0.14,,S&P Select Sector Capped 20% Consumer Staples,XLPS.MI,EUR 41 m,13.90%,+0.10%,+17.50%,+46.29%
IE00B435CG94,Invesco US Energy Sector UCITS ETF,XLES,78.0,equity,USD,Ireland,False,Accumulating,0.14,,S&P Select Sector Capped 20% Energy,XLES.MI,EUR 176 m,21.91%,+35.33%,+41.89%,+161.57%
IE00B43HR379,iShares S&P 500 Health Care Sector UCITS ETF (Acc),QDVG,2290.0,equity,USD,Ireland,False,Accumulating,0.15,60.0,S&P 500 Capped 35/20 Health Care,QDVG.BE,"EUR 2,159 m",14.45%,+10.66%,+11.74%,+34.38%
IE00B441G979,iShares MSCI World EUR Hedged UCITS ETF (Acc),IBCH,4914.0,equity,EUR,Ireland,True,Accumulating,0.55,1321.0,MSCI World (EUR Hedged),IBCH.BE,"EUR 5,178 m",10.22%,+24.81%,+68.02%,+65.98%
IE00B449XP68,Invesco US Consumer Discretionary Sector UCITS ETF,SML0,90.0,equity,USD,Ireland,False,Accumulating,0.14,,S&P Select Sector Capped 20% Consumer Discretionary,SML0.DU,EUR 71 m,17.58%,+8.52%,+51.52%,+58.95%
IE00B44Z5B48,SPDR MSCI All Country World UCITS ETF (Acc),SPYY,7670.0,equity,USD,Ireland,False,Accumulating,0.12,2280.0,MSCI All Country World (ACWI),SPYY.BE,"EUR 12,016 m",9.74%,+26.03%,+66.38%,+79.12%
IE00B466KX20,SPDR MSCI EM Asia UCITS ETF,SPYA,1163.0,equity,USD,Ireland,False,Accumulating,0.55,840.0,MSCI Emerging Markets Asia,SPYA.BE,"EUR 1,514 m",19.84%,+52.26%,+82.85%,+50.07%
IE00B469F816,SPDR MSCI Emerging Markets UCITS ETF,SPYM,1415.0,equity,USD,Ireland,False,Accumulating,0.18,1183.0,MSCI Emerging Markets,SPYM.BE,"EUR 1,821 m",17.03%,+48.34%,+78.72%,+51.88%
IE00B48X4842,SPDR MSCI Emerging Markets Small Cap UCITS ETF,SPYX,403.0,equity,USD,Ireland,False,Accumulating,0.55,1898.0,MSCI Emerging Markets Small Cap,SPYX.BE,EUR 524 m,14.73%,+26.40%,+52.29%,+53.58%
IE00B4JNQZ49,iShares S&P 500 Financials Sector UCITS ETF (Acc),QDVH,2056.0,equity,USD,Ireland,False,Accumulating,0.15,76.0,S&P 500 Capped 35/20 Financials,QDVH.BE,"EUR 1,788 m",14.23%,-0.61%,+53.17%,+51.92%
IE00B4JY5R22,UBS S&P 500 SF UCITS ETF USD acc,S5USAS,199.0,equity,USD,Ireland,False,Accumulating,0.19,,S&P 500®,,EUR 211 m,11.65%,+25.02%,+70.30%,+98.51%
IE00B4K48X80,iShares Core MSCI Europe UCITS ETF EUR (Acc),EUNK,14549.0,equity,EUR,Ireland,False,Accumulating,0.12,406.0,MSCI Europe,EUNK.BE,"EUR 15,295 m",12.13%,+17.27%,+46.69%,+62.50%
IE00B4KBBD01,iShares S&P 500 Utilities Sector UCITS ETF USD (Acc),2B7A,845.0,equity,USD,Ireland,False,Accumulating,0.15,32.0,S&P 500 Capped 35/20 Utilities,2B7A.BE,"EUR 1,021 m",15.15%,+8.29%,+36.03%,+60.68%
IE00B4L5Y983,iShares Core MSCI World UCITS ETF USD (Acc),EUNL,109860.0,equity,USD,Ireland,False,Accumulating,0.2,1318.0,MSCI World,EUNL.BE,"EUR 121,259 m",9.93%,+23.24%,+64.21%,+83.26%
IE00B4L5YC18,iShares MSCI EM UCITS ETF (Acc),EUNM,6464.0,equity,USD,Ireland,False,Accumulating,0.18,1198.0,MSCI Emerging Markets,EUNM.BE,"EUR 8,312 m",16.61%,+47.95%,+77.91%,+51.82%
IE00B4L5YX21,iShares Core MSCI Japan IMI UCITS ETF,EUNN,6182.0,equity,USD,Ireland,False,Accumulating,0.12,964.0,MSCI Japan IMI,EUNN.BE,"EUR 6,572 m",18.62%,+26.57%,+57.02%,+60.19%
IE00B4LN9N13,iShares S&P 500 Industrials Sector UCITS ETF,2B7C,509.0,equity,USD,Ireland,False,Accumulating,0.15,80.0,S&P 500 Capped 35/20 Industrials,,EUR 608 m,14.91%,+18.81%,+67.38%,+82.70%
IE00B4M7GH52,iShares MSCI Poland UCITS ETF USD (Acc),IBCJ,564.0,equity,USD,Ireland,False,Accumulating,0.74,16.0,MSCI Poland,IBCJ.BE,EUR 733 m,22.09%,+36.49%,+127.27%,+101.84%
IE00B4MCHD36,iShares S&P 500 Consumer Discretionary Sector UCITS ETF (Acc),QDVK,656.0,equity,USD,Ireland,False,Accumulating,0.15,49.0,S&P 500 Capped 35/20 Consumer Discretionary,QDVK.BE,EUR 712 m,17.89%,+11.50%,+57.54%,+57.04%
IE00B4MKCJ84,iShares S&P 500 Materials Sector UCITS ETF USD (Acc),2B7B,142.0,equity,USD,Ireland,False,Accumulating,0.15,27.0,S&P 500 Capped 35/20 Materials,,EUR 196 m,15.46%,+15.71%,+28.57%,+31.89%
IE00B4QNHH68,L&G DAX Daily 2x Long UCITS ETF,DEL2,31.0,equity,EUR,Ireland,False,Accumulating,0.4,,LevDAX® (2x),DEL2.BE,EUR 45 m,31.96%,+2.14%,+94.44%,+82.85%
IE00B4QNHZ41,L&G DAX Daily 2x Short UCITS ETF,DES2,22.0,equity,EUR,Ireland,False,Accumulating,0.6,,ShortDAX® Leverage (2x),DES2.BE,EUR 22 m,33.15%,-12.70%,-58.33%,-68.75%
IE00B4QNJJ23,L&G FTSE 100 Leveraged (Daily 2x) UCITS ETF,LUK2,19.0,equity,GBP,Ireland,False,Accumulating,0.5,,FTSE 100 Leverage (2x),,EUR 18 m,21.72%,+34.94%,+76.82%,+113.08%
IE00B4QNK008,L&G FTSE 100 Super Short Strategy (Daily 2x) UCITS ETF,SUK2,10.0,equity,GBP,Ireland,False,Accumulating,0.6,,FTSE 100 Short Leverage (2x),,EUR 18 m,21.30%,-31.34%,-43.77%,-61.86%
IE00B4YBJ215,SPDR S&P 400 U.S. Mid Cap UCITS ETF USD Unhedged (Acc),SPY4,4036.0,equity,USD,Ireland,False,Accumulating,0.3,401.0,S&P MidCap 400,SPY4.BE,"EUR 5,054 m",15.16%,+20.77%,+44.32%,+49.26%
IE00B52MJD48,iShares Nikkei 225 UCITS ETF (Acc),SXRZ,415.0,equity,JPY,Ireland,False,Accumulating,0.48,225.0,Nikkei 225®,SXRZ.BE,EUR 715 m,22.63%,+53.15%,+76.84%,+73.52%
IE00B52MJY50,iShares Core MSCI Pacific ex Japan UCITS ETF (Acc),SXR1,3145.0,equity,USD,Ireland,False,Accumulating,0.2,94.0,MSCI Pacific ex Japan,SXR1.BE,"EUR 3,207 m",11.89%,+15.82%,+36.75%,+34.26%
IE00B52SF786,iShares MSCI Canada UCITS ETF (Acc),SXR2,1459.0,equity,USD,Ireland,False,Accumulating,0.48,83.0,MSCI Canada,SXR2.BE,"EUR 1,997 m",12.35%,+28.70%,+68.42%,+77.45%
IE00B52SFT06,iShares MSCI USA UCITS ETF (Acc),SXR4,2881.0,equity,USD,Ireland,False,Accumulating,0.03,544.0,MSCI USA,SXR4.BE,"EUR 4,097 m",11.51%,+24.75%,+70.91%,+94.74%
IE00B52VJ196,iShares MSCI Europe SRI UCITS ETF (Acc),IUSK,2949.0,equity,EUR,Ireland,False,Accumulating,0.2,120.0,MSCI Europe SRI Select Reduced Fossil Fuels,IUSK.BE,"EUR 3,197 m",12.86%,+5.62%,+21.76%,+30.41%
IE00B52XQP83,iShares MSCI South Africa UCITS ETF,IBC4,409.0,equity,USD,Ireland,False,Accumulating,0.65,27.0,MSCI South Africa Capped,IBC4.BE,EUR 247 m,29.08%,+37.02%,+104.57%,+69.61%
IE00B5377D42,iShares MSCI Australia UCITS ETF,IBC6,412.0,equity,USD,Ireland,False,Accumulating,0.5,46.0,MSCI Australia,IBC6.BE,EUR 502 m,13.92%,+13.88%,+33.31%,+40.18%
IE00B539F030,iShares MSCI UK UCITS ETF (Acc),SXR3,124.0,equity,GBP,Ireland,False,Accumulating,0.33,73.0,MSCI UK,SXR3.DE,EUR 131 m,11.42%,+19.59%,+52.23%,+79.94%
IE00B53HP851,iShares Core FTSE 100 UCITS ETF GBP (Acc),SXRW,3229.0,equity,GBP,Ireland,False,Accumulating,0.07,102.0,FTSE 100,SXRW.BE,"EUR 3,606 m",11.59%,+19.14%,+51.16%,+75.30%
IE00B53L3W79,iShares Core EURO STOXX 50 UCITS ETF EUR (Acc),SXRT,7074.0,equity,EUR,Ireland,False,Accumulating,0.1,51.0,EURO STOXX® 50,SXRT.BE,"EUR 7,396 m",15.38%,+15.51%,+52.27%,+71.80%
IE00B53L4350,iShares Dow Jones Industrial Average UCITS ETF (Acc),SXRU,1425.0,equity,USD,Ireland,False,Accumulating,0.33,30.0,Dow Jones Industrial Average,SXRU.BE,"EUR 1,525 m",11.72%,+18.09%,+46.21%,+63.80%
IE00B53L4X51,iShares FTSE MIB UCITS ETF (Acc),SXRY,307.0,equity,EUR,Ireland,False,Accumulating,0.33,40.0,FTSE MIB,SXRY.BE,EUR 356 m,15.35%,+30.38%,+114.71%,+148.90%
IE00B53QDK08,iShares MSCI Japan UCITS ETF USD (Acc),SXR5,1073.0,equity,USD,Ireland,False,Accumulating,0.12,182.0,MSCI Japan,SXR5.BE,"EUR 1,296 m",19.45%,+26.09%,+56.86%,+59.91%
IE00B53QG562,iShares Core MSCI EMU UCITS ETF EUR (Acc),SXR7,6034.0,equity,EUR,Ireland,False,Accumulating,0.12,224.0,MSCI EMU,SXR7.BE,"EUR 6,223 m",14.03%,+17.86%,+55.26%,+65.51%
IE00B53SZB19,iShares Nasdaq 100 UCITS ETF (Acc),SXRV,18829.0,equity,USD,Ireland,False,Accumulating,0.3,102.0,Nasdaq 100®,SXRV.BE,"EUR 23,207 m",15.13%,+37.59%,+95.95%,+134.62%
IE00B57X3V84,iShares Dow Jones Global Leaders Screened UCITS ETF USD (Acc),IUSL,1612.0,equity,USD,Ireland,False,Accumulating,0.6,569.0,Dow Jones Global Best-In-Class,IUSL.BE,"EUR 1,757 m",9.03%,+19.55%,+51.92%,+73.01%
IE00B5BMR087,iShares Core S&P 500 UCITS ETF USD (Acc),SXR8,114038.0,equity,USD,Ireland,False,Accumulating,0.07,503.0,S&P 500®,SXR8.BE,"EUR 127,750 m",11.39%,+25.19%,+70.46%,+98.97%
IE00B5L8K969,iShares MSCI EM Asia UCITS ETF (Acc),CEBL,5299.0,equity,USD,Ireland,False,Accumulating,0.2,970.0,MSCI Emerging Markets Asia,CEBL.BE,"EUR 7,099 m",19.23%,+53.29%,+86.76%,+54.45%
IE00B5MJYB88,Invesco European Telecoms Sector UCITS ETF,SC0Q,6.0,equity,EUR,Ireland,False,Accumulating,0.2,,STOXX® Europe 600 Optimised Telecommunications,SC0Q.BE,EUR 8 m,14.29%,+28.55%,+72.97%,+62.81%
IE00B5MJYC95,Invesco European Travel Sector UCITS ETF,SC0R,5.0,equity,EUR,Ireland,False,Accumulating,0.2,,STOXX® Europe 600 Optimised Travel & Leisure,SC0R.BE,EUR 5 m,21.34%,+8.37%,+19.11%,+13.61%
IE00B5MJYX09,Invesco European Industrials Sector UCITS ETF Acc,SC0S,17.0,equity,EUR,Ireland,False,Accumulating,0.2,,STOXX® Europe 600 Optimised Industrial Goods & Services,SC0S.BE,EUR 22 m,18.63%,+16.54%,+69.43%,+74.95%
IE00B5MJYY16,Invesco European Health Care Sector UCITS ETF,SC0T,10.0,equity,EUR,Ireland,False,Accumulating,0.2,,STOXX® Europe 600 Optimised Health Care,SC0T.BE,EUR 9 m,15.07%,+5.42%,+8.86%,+28.11%
IE00B5MTWD60,Invesco European Banks Sector UCITS ETF,SC0U,688.0,equity,EUR,Ireland,False,Accumulating,0.2,,STOXX® Europe 600 Optimised Banks,SC0U.BE,EUR 549 m,22.09%,+40.24%,+194.66%,+238.48%
IE00B5MTWH09,Invesco European Oil & Gas Sector UCITS ETF,SC0V,10.0,equity,EUR,Ireland,False,Accumulating,0.2,,STOXX® Europe 600 Optimised Oil & Gas,SC0V.BE,EUR 30 m,17.57%,+56.80%,+72.31%,+141.70%
IE00B5MTWY73,Invesco European Basic Resources Sector UCITS ETF,SC0W,30.0,equity,EUR,Ireland,False,Accumulating,0.2,,STOXX® Europe 600 Optimised Basic Resources,SC0W.BE,EUR 35 m,25.70%,+81.57%,+76.68%,+78.75%
IE00B5MTWZ80,Invesco European Technology Sector UCITS ETF,SC0X,7.0,equity,EUR,Ireland,False,Accumulating,0.2,,STOXX® Europe 600 Optimised Technology,SC0X.BE,EUR 19 m,20.96%,+9.94%,+34.08%,+30.47%
IE00B5MTXJ97,Invesco European Insurance Sector UCITS ETF Acc,SC0Y,56.0,equity,EUR,Ireland,False,Accumulating,0.2,,STOXX® Europe 600 Optimised Insurance,SC0Y.BE,EUR 47 m,14.20%,+5.50%,+68.27%,+94.75%
IE00B5MTXK03,Invesco European Utilities Sector UCITS ETF,SC0Z,6.0,equity,EUR,Ireland,False,Accumulating,0.2,,STOXX® Europe 600 Optimised Utilities,SC0Z.BE,EUR 7 m,14.64%,+26.68%,+57.44%,+65.29%
IE00B5MTY077,Invesco European Chemicals Sector UCITS ETF,SC00,13.0,equity,EUR,Ireland,False,Accumulating,0.2,,STOXX® Europe 600 Optimised Chemicals,SC00.BE,EUR 209 m,15.59%,-1.35%,+4.95%,+2.63%
IE00B5MTY309,Invesco European Construction Sector UCITS ETF,SC01,33.0,equity,EUR,Ireland,False,Accumulating,0.2,,STOXX® Europe 600 Optimised Construction & Materials,SC01.BE,EUR 38 m,19.20%,+8.02%,+57.69%,+64.94%
IE00B5MTYK77,Invesco European Financials Sector UCITS ETF,SC02,6.0,equity,EUR,Ireland,False,Accumulating,0.2,,STOXX® Europe 600 Optimised Financial Services,SC02.BE,EUR 7 m,14.99%,+5.11%,+60.88%,+52.04%
IE00B5MTYL84,Invesco European Food & Bev Sector UCITS ETF,SC03,10.0,equity,EUR,Ireland,False,Accumulating,0.2,,STOXX® Europe 600 Optimised Food & Beverage,SC03.BE,EUR 15 m,14.76%,-7.90%,-15.88%,-14.60%
IE00B5MTZ488,Invesco European Media Sector UCITS ETF,SC06,3.0,equity,EUR,Ireland,False,Accumulating,0.2,,STOXX® Europe 600 Optimised Media,SC06.BE,EUR 3 m,18.48%,-17.83%,+16.47%,+27.15%
IE00B5MTZ595,Invesco European Household Sector UCITS ETF,SC04,6.0,equity,EUR,Ireland,False,Accumulating,0.2,,STOXX® Europe 600 Optimised Personal & Household Goods,SC04.BE,EUR 5 m,15.87%,-0.26%,+1.54%,+8.58%
IE00B5MTZM66,Invesco European Retail Sector UCITS ETF,SC05,2.0,equity,EUR,Ireland,False,Accumulating,0.2,,STOXX® Europe 600 Optimised Retail,SC05.BE,EUR 2 m,18.39%,-1.93%,+33.82%,-3.85%
IE00B5NLX835,Invesco European Autos Sector UCITS ETF,SC0P,7.0,equity,EUR,Ireland,False,Accumulating,0.2,,STOXX® Europe 600 Optimised Automobiles & Parts,SC0P.BE,EUR 14 m,22.63%,-8.08%,-13.95%,-14.25%
IE00B5W4TY14,iShares MSCI Korea UCITS ETF (Acc),CEBJ,402.0,equity,USD,Ireland,False,Accumulating,0.65,81.0,MSCI Korea 20/35,CEBJ.BE,EUR 800 m,43.66%,+233.82%,+217.06%,+150.88%
IE00B5WHFQ43,iShares MSCI Mexico Capped UCITS ETF (Acc),CEBG,97.0,equity,USD,Ireland,False,Accumulating,0.65,23.0,MSCI Mexico Capped,CEBG.BE,EUR 130 m,19.29%,+30.56%,+31.00%,+93.91%
IE00B60SWT88,Invesco FTSE 100 UCITS ETF,S100,36.0,equity,GBP,Ireland,False,Accumulating,0.09,,FTSE 100,FTS100.MI,EUR 42 m,11.36%,+18.98%,+51.46%,+74.42%
IE00B60SWV01,Invesco FTSE 250 UCITS ETF,S250,33.0,equity,GBP,Ireland,False,Accumulating,0.12,,FTSE 250,,EUR 30 m,13.01%,+11.88%,+38.00%,+18.67%
IE00B60SWW18,Invesco STOXX Europe 600 UCITS ETF,SC0C,512.0,equity,EUR,Ireland,False,Accumulating,0.19,,STOXX® Europe 600,SC0C.BE,EUR 559 m,12.16%,+17.18%,+47.48%,+59.55%
IE00B60SWX25,Invesco EURO STOXX 50 UCITS ETF,SC0D,1147.0,equity,EUR,Ireland,False,Accumulating,0.05,,EURO STOXX® 50,SC0D.BE,"EUR 1,163 m",15.43%,+15.31%,+51.72%,+70.48%
IE00B60SWY32,Invesco MSCI Europe UCITS ETF,SC0E,65.0,equity,EUR,Ireland,False,Accumulating,0.19,,MSCI Europe,SC0E.BE,EUR 58 m,12.11%,+16.95%,+46.24%,+61.29%
IE00B60SX170,Invesco MSCI USA UCITS ETF,SC0H,6661.0,equity,USD,Ireland,False,Accumulating,0.05,,MSCI USA,SC0H.BE,"EUR 7,519 m",11.73%,+24.87%,+72.28%,+96.85%
IE00B60SX287,Invesco MSCI Japan UCITS ETF Acc,SC0I,7.0,equity,USD,Ireland,False,Accumulating,0.12,,MSCI Japan,SC0I.BE,EUR 8 m,19.63%,+28.46%,+59.68%,+63.50%
IE00B60SX394,Invesco MSCI World UCITS ETF Acc,SC0J,5921.0,equity,USD,Ireland,False,Accumulating,0.19,,MSCI World,SC0J.BE,"EUR 6,717 m",10.07%,+23.35%,+65.10%,+83.76%
IE00B60SX402,Invesco Russell 2000 UCITS ETF Acc,SC0K,265.0,equity,USD,Ireland,False,Accumulating,0.25,,Russell 2000®,SC0K.BE,EUR 277 m,18.60%,+37.15%,+55.87%,+40.42%
IE00B6R51Z18,iShares Oil & Gas Exploration & Production UCITS ETF,IS0D,231.0,equity,USD,Ireland,False,Accumulating,0.55,64.0,S&P Commodity Producers Oil & Gas Exploration & Production,IS0D.BE,EUR 411 m,23.72%,+28.80%,+31.74%,+126.66%
IE00B6R52036,iShares Gold Producers UCITS ETF,IS0E,5007.0,equity,USD,Ireland,False,Accumulating,0.55,62.0,S&P Commodity Producers Gold,IS0E.BE,"EUR 3,362 m",36.75%,+71.82%,+181.69%,+150.64%
IE00B6R52143,iShares Agribusiness UCITS ETF,IS0C,298.0,equity,USD,Ireland,False,Accumulating,0.55,100.0,S&P Commodity Producers Agribusiness,IS0C.BE,EUR 416 m,12.61%,+15.50%,+16.11%,+23.59%
IE00B6R52259,iShares MSCI ACWI UCITS ETF USD (Acc),IUSQ,22084.0,equity,USD,Ireland,False,Accumulating,0.2,2348.0,MSCI All Country World (ACWI),IUSQ.BE,"EUR 28,177 m",9.42%,+25.88%,+65.70%,+79.67%
IE00B6SPMN59,iShares Edge S&P 500 Minimum Volatility UCITS ETF (Acc),IBCK,1235.0,equity,USD,Ireland,False,Accumulating,0.2,122.0,S&P 500 Minimum Volatility,IBCK.BE,"EUR 1,459 m",9.19%,+8.37%,+36.80%,+59.80%
IE00B7452L46,SPDR FTSE UK All Share UCITS ETF,SPYF,437.0,equity,GBP,Ireland,False,Accumulating,0.2,514.0,FTSE All-Share,SPYF.BE,EUR 449 m,11.21%,+17.95%,+49.34%,+63.34%
IE00B7SD4R47,WisdomTree EURO STOXX 50® 3x Daily Leveraged,PCFD,26.0,equity,EUR,Ireland,False,Accumulating,0.75,,EURO STOXX® 50 Leverage (3x),,EUR 29 m,104.68%,-95.05%,-91.79%,-
IE00B7WK2W23,UBS MSCI AC Asia ex Japan SF UCITS ETF USD acc,UIQI,744.0,equity,USD,Ireland,False,Accumulating,0.23,,MSCI AC Asia ex Japan,UIQI.DE,EUR 919 m,18.63%,+49.56%,+80.72%,+50.01%
IE00B7Y34M31,WisdomTree S&P 500 3x Daily Leveraged,US9L,164.0,equity,USD,Ireland,False,Accumulating,0.75,,S&P 500® Leverage (3x),,EUR 173 m,33.82%,+78.79%,+230.54%,+189.97%
IE00B802KR88,SPDR S&P 500 Low Volatility UCITS ETF,SPY1,88.0,equity,USD,Ireland,False,Accumulating,0.35,100.0,S&P 500 Low Volatility,SPY1.BE,EUR 98 m,10.84%,-2.50%,+15.77%,+34.38%
IE00B86MWN23,iShares Edge MSCI Europe Minimum Volatility UCITS ETF,EUN0,762.0,equity,EUR,Ireland,False,Accumulating,0.25,184.0,MSCI Europe Minimum Volatility,EUN0.BE,EUR 847 m,8.48%,+6.26%,+34.46%,+43.83%
IE00B878KX55,WisdomTree DAX 3x Daily Leveraged,3DEL,25.0,equity,EUR,Ireland,False,Accumulating,0.75,,LevDAX® (3x),,EUR 47 m,103.91%,-95.21%,-88.83%,-
IE00B88DZ566,iShares S&P 500 CHF Hedged UCITS ETF (Acc),IUSC,890.0,equity,CHF,Ireland,True,Accumulating,0.2,504.0,S&P 500® (CHF Hedged),IUSC.BE,"EUR 1,093 m",12.01%,+25.11%,+70.01%,+85.58%
IE00B8FHGS14,iShares Edge MSCI World Minimum Volatility UCITS ETF USD (Acc),IQQ0,2107.0,equity,USD,Ireland,False,Accumulating,0.3,277.0,MSCI World Minimum Volatility,IQQ0.BE,"EUR 2,162 m",8.22%,-1.27%,+20.54%,+34.73%
IE00B8GKPP93,WisdomTree DAX 3x Daily Short,3DES,22.0,equity,EUR,Ireland,False,Accumulating,0.8,,ShortDAX® Leverage (-3x),,EUR 16 m,"11,425.69%","+9,300.00%","+2,705.97%",-
IE00B8J37J31,iShares MSCI Japan CHF Hedged UCITS ETF (Acc),36BH,225.0,equity,CHF,Ireland,True,Accumulating,0.64,182.0,MSCI Japan (CHF Hedged),,EUR 251 m,19.57%,+45.90%,+102.92%,+163.28%
IE00B8JF9153,WisdomTree EURO STOXX 50® 3x Daily Short,PCFC,16.0,equity,EUR,Ireland,False,Accumulating,0.8,,EURO STOXX® 50 Short Leverage (-3x),,EUR 10 m,"13,700.32%","+7,852.17%","+3,486.27%",-
IE00B8K7KM88,WisdomTree S&P 500 3x Daily Short,US9S,30.0,equity,USD,Ireland,False,Accumulating,0.8,,S&P 500® Short Leverage (-3x),,EUR 29 m,37.06%,-54.14%,-85.12%,-89.41%
IE00B8KGV557,iShares Edge MSCI EM Minimum Volatility UCITS ETF,EUNZ,271.0,equity,USD,Ireland,False,Accumulating,0.4,318.0,MSCI Emerging Markets Minimum Volatility,EUNZ.BE,EUR 359 m,11.76%,+21.99%,+38.60%,+37.97%
IE00B8KMSQ34,Xtrackers S&P 500 UCITS ETF 3C CHF hedged,XDPC,64.0,equity,CHF,Ireland,True,Accumulating,0.2,502.0,S&P 500® (CHF Hedged),,EUR 63 m,12.78%,+25.20%,+71.56%,+85.61%
IE00B8NB3063,WisdomTree FTSE MIB 3x Daily Leveraged,3ITL,36.0,equity,EUR,Ireland,False,Accumulating,0.75,,FTSE MIB Super Leveraged RT Net-of-Tax Lux (3x),,EUR 41 m,46.30%,+85.18%,+462.11%,+498.33%
IE00B8X9NW27,First Trust US Large Cap Core AlphaDEX UCITS ETF Acc,FTGU,86.0,equity,USD,Ireland,False,Accumulating,0.65,375.0,Nasdaq AlphaDEX® Large Cap Core,FTGU.DE,EUR 104 m,12.23%,+25.08%,+61.67%,+73.07%
IE00B8X9NX34,First Trust Emerging Markets AlphaDEX UCITS ETF Acc,6PSQ,13.0,equity,USD,Ireland,False,Accumulating,0.8,150.0,Nasdaq AlphaDEX® Emerging Markets,6PSQ.DU,EUR 14 m,14.48%,+34.83%,+61.60%,+48.63%
IE00B8X9NY41,First Trust Eurozone AlphaDEX UCITS ETF Acc,FTGE,68.0,equity,EUR,Ireland,False,Accumulating,0.65,150.0,Nasdaq AlphaDEX® Eurozone,FTGE.BE,EUR 120 m,13.75%,+30.70%,+83.89%,+75.27%
IE00B8X9NZ57,First Trust United Kingdom AlphaDEX UCITS ETF Acc,FKU,10.0,equity,GBP,Ireland,False,Accumulating,0.65,75.0,Nasdaq AlphaDEX® United Kingdom,,EUR 10 m,14.01%,+19.36%,+66.61%,+52.26%
IE00B910VR50,SPDR MSCI EMU UCITS ETF,ZPRE,311.0,equity,EUR,Ireland,False,Accumulating,0.08,223.0,MSCI EMU,ZPRE.BE,EUR 347 m,14.17%,+17.70%,+54.65%,+64.56%
IE00B94ZB998,Invesco Morningstar US Energy Infrastructure MLP UCITS ETF Acc,SMLP,40.0,equity,USD,Ireland,False,Accumulating,0.5,,Morningstar MLP Composite,SMLP.DE,EUR 65 m,14.78%,+10.37%,+52.32%,+135.52%
IE00BBQ2W338,HSBC MSCI AC Far East ex Japan UCITS ETF USD,H411,325.0,equity,USD,Ireland,False,Accumulating,0.45,850.0,MSCI AC Far East ex Japan,H411.DE,EUR 405 m,20.16%,+66.53%,+96.39%,+55.02%
IE00BCBJG560,SPDR MSCI World Small Cap UCITS ETF,ZPRS,1453.0,equity,USD,Ireland,False,Accumulating,0.45,3537.0,MSCI World Small Cap,ZPRS.BE,"EUR 1,611 m",12.20%,+29.50%,+53.32%,+46.09%
IE00BCLWRD08,iShares MSCI EMU Mid Cap UCITS ETF,IS3H,424.0,equity,EUR,Ireland,False,Accumulating,0.49,119.0,MSCI EMU Mid Cap,IS3H.BE,EUR 642 m,11.54%,+18.84%,+66.80%,+58.14%
IE00BCLWRF22,iShares MSCI EMU Large Cap UCITS ETF,IS3G,150.0,equity,EUR,Ireland,False,Accumulating,0.49,103.0,MSCI EMU Large Cap,IS3G.DE,EUR 158 m,14.66%,+16.97%,+50.34%,+63.48%
IE00BCLWRG39,iShares MSCI Japan USD Hedged UCITS ETF (Acc),IS30,412.0,equity,USD,Ireland,True,Accumulating,0.64,182.0,MSCI Japan (USD Hedged),IS30.BE,EUR 480 m,19.75%,+43.06%,+98.17%,+169.48%
IE00BD0B9B76,iShares Refinitiv Inclusion and Diversity UCITS ETF USD (Acc),OPEN,39.0,equity,USD,Ireland,False,Accumulating,0.25,102.0,Refinitiv Global Large/Mid Diversity & Inclusion ex Controversial Weapons Equal Weight,OPEN.DE,EUR 45 m,10.12%,+29.55%,+62.85%,+76.70%
IE00BD1F4K20,iShares MSCI USA Mid-Cap Equal Weight UCITS ETF USD (Acc),QDVC,279.0,equity,USD,Ireland,False,Accumulating,0.2,311.0,MSCI USA Mid-Cap Equal Weighted,QDVC.DE,EUR 249 m,13.00%,+13.61%,+39.78%,+40.99%
IE00BD1F4L37,iShares Edge MSCI USA Quality Factor UCITS ETF,QDVB,1320.0,equity,USD,Ireland,False,Accumulating,0.2,125.0,MSCI USA Sector Neutral Quality,QDVB.BE,"EUR 1,550 m",11.26%,+18.88%,+58.03%,+82.94%
IE00BD1F4M44,iShares Edge MSCI USA Value Factor UCITS ETF,QDVI,2590.0,equity,USD,Ireland,False,Accumulating,0.2,149.0,MSCI USA Enhanced Value,QDVI.BE,"EUR 4,467 m",16.23%,+82.84%,+117.45%,+116.00%
IE00BD1F4N50,iShares Edge MSCI USA Momentum Factor UCITS ETF,QDVA,490.0,equity,USD,Ireland,False,Accumulating,0.2,125.0,MSCI USA Momentum,QDVA.BE,EUR 497 m,18.20%,+33.81%,+109.54%,+97.08%
IE00BD34DB16,UBS Core S&P 500 UCITS ETF hCHF acc,SP500S,426.0,equity,CHF,Ireland,True,Accumulating,0.06,503.0,S&P 500® (CHF Hedged),,EUR 677 m,12.66%,+25.30%,+70.89%,+85.24%
IE00BD34DK07,UBS Core S&P 500 UCITS ETF hEUR acc,UEQD,268.0,equity,EUR,Ireland,True,Accumulating,0.06,503.0,S&P 500® (EUR Hedged),UEQD.DE,EUR 223 m,12.25%,+25.73%,+73.92%,+70.09%
IE00BD3RYZ16,iShares OMX Stockholm Capped UCITS ETF,OMXS,170.0,equity,SEK,Ireland,False,Accumulating,0.1,110.0,OMX Stockholm Benchmark Cap,,EUR 221 m,17.46%,+23.12%,+52.89%,+34.25%
IE00BD3V0B10,iShares S&P U.S. Banks UCITS ETF USD (Acc),IUS2,900.0,equity,USD,Ireland,False,Accumulating,0.35,43.0,S&P 900 Banks 7/4 Capped,IUS2.BE,EUR 782 m,35.03%,+21.20%,+86.35%,+27.67%
IE00BD4TXS21,UBS Core MSCI USA UCITS ETF USD acc,4UBB,2170.0,equity,USD,Ireland,False,Accumulating,0.06,543.0,MSCI USA,,"EUR 2,620 m",11.56%,+24.78%,+71.27%,+95.12%
IE00BD4TXV59,UBS Core MSCI World UCITS ETF USD acc,UETW,6209.0,equity,USD,Ireland,False,Accumulating,0.06,1319.0,MSCI World,UETW.DE,"EUR 8,914 m",9.99%,+23.46%,+64.82%,+83.04%
IE00BD4TXW66,UBS Core S&P 500 UCITS ETF USD acc,BCFT,1342.0,equity,USD,Ireland,False,Accumulating,0.03,503.0,S&P 500®,,"EUR 1,474 m",-,-,-,-
IE00BD4TY451,UBS MSCI Australia UCITS ETF AUD acc,AUST,224.0,equity,AUD,Ireland,False,Accumulating,0.4,46.0,MSCI Australia,AUST.MI,EUR 241 m,14.05%,+14.06%,+33.63%,+41.23%
IE00BD4TYG73,UBS Core MSCI USA UCITS ETF EUR Hedged acc,UBUJ,502.0,equity,EUR,Ireland,True,Accumulating,0.09,543.0,MSCI USA (EUR Hedged),UBUJ.BE,EUR 751 m,11.83%,+26.02%,+74.80%,+67.61%
IE00BD4TYL27,UBS Core MSCI USA UCITS ETF CHF Hedged acc,USCHWH,494.0,equity,CHF,Ireland,True,Accumulating,0.09,543.0,MSCI USA (CHF Hedged),,EUR 582 m,12.20%,+24.77%,+70.75%,+82.50%
IE00BD6GCF16,First Trust US Equity Income UCITS ETF Acc,FTGI,28.0,equity,USD,Ireland,False,Accumulating,0.55,135.0,Nasdaq US High Equity Income,,EUR 33 m,13.60%,+19.96%,+43.84%,+51.32%
IE00BD6RZT93,WisdomTree US Equity Income UCITS ETF Acc,WTD9,80.0,equity,USD,Ireland,False,Accumulating,0.29,333.0,WisdomTree US Equity Income,WTD9.BE,EUR 86 m,11.84%,+19.01%,+43.75%,+65.66%
IE00BD6RZW23,WisdomTree US Equity Income UCITS ETF EUR Hedged Acc,WTDY,1.0,equity,EUR,Ireland,True,Accumulating,0.35,333.0,WisdomTree US Equity Income (EUR Hedged),WTDY.DE,EUR 1 m,11.88%,+18.56%,+45.05%,+40.97%
IE00BD6RZZ53,WisdomTree US Equity Income UCITS ETF GBP Hedged Acc,DHSG,1.0,equity,GBP,Ireland,True,Accumulating,0.35,333.0,WisdomTree US Equity Income (GBP Hedged),,EUR 1 m,12.68%,+18.31%,+54.33%,+50.65%
IE00BDBRT036,First Trust Nasdaq Clean Edge Green Energy UCITS ETF Acc,QCLN,10.0,equity,USD,Ireland,False,Accumulating,0.6,47.0,Nasdaq Clean Edge Green Energy,QCLN.AS,EUR 30 m,36.37%,+110.15%,+26.89%,+10.47%
IE00BDDRF478,iShares S&P 500 Communication Sector UCITS ETF USD (Acc),IU5C,1050.0,equity,USD,Ireland,False,Accumulating,0.15,24.0,S&P 500 Capped 35/20 Communication Services,IU5C.DE,"EUR 1,114 m",14.29%,+21.79%,+100.47%,+84.72%
IE00BDDRF700,HANetf HAN-GINS Tech Megatrend Equal Weight UCITS ETF,T3KE,96.0,equity,USD,Ireland,False,Accumulating,0.59,139.0,Solactive Innovative Technologies,T3KE.BE,EUR 101 m,21.16%,+41.69%,+84.90%,+43.78%
IE00BDF12W49,WisdomTree Emerging Markets Equity Income UCITS ETF Acc,WTD8,44.0,equity,USD,Ireland,False,Accumulating,0.46,397.0,WisdomTree Emerging Markets Equity Income,WTD8.BE,EUR 67 m,9.82%,+25.21%,+57.44%,+67.75%
IE00BDF16007,WisdomTree Europe Equity Income UCITS ETF Acc,EEIP,25.0,equity,EUR,Ireland,False,Accumulating,0.29,185.0,WisdomTree Europe Equity Income,,EUR 39 m,9.95%,+26.64%,+62.51%,+80.93%
IE00BDF16114,WisdomTree Europe SmallCap Dividend UCITS ETF Acc,WTD7,34.0,equity,EUR,Ireland,False,Accumulating,0.38,280.0,WisdomTree Europe SmallCap Dividend,WTD7.BE,EUR 34 m,11.18%,+13.88%,+43.77%,+35.01%
IE00BDFBTQ78,VanEck S&P Global Mining UCITS ETF A,WMIN,1524.0,equity,USD,Ireland,False,Accumulating,0.5,152.0,S&P Global Mining Reduced Coal,WMIN.BE,"EUR 1,686 m",27.77%,+84.59%,+110.24%,+110.24%
IE00BDGV0415,UBS MSCI USA Select Factor Mix UCITS ETF USD acc,USUE,94.0,equity,USD,Ireland,False,Accumulating,0.25,1865.0,MSCI USA Select Factor Mix,USUE.DE,EUR 110 m,10.87%,+19.71%,+56.07%,+70.41%
IE00BDGV0746,UBS MSCI USA Select Factor Mix UCITS ETF hEUR acc,USMUFE,9.0,equity,EUR,Ireland,True,Accumulating,0.28,1865.0,MSCI USA Select Factor Mix (EUR Hedged),USMUFE.MI,EUR 8 m,11.80%,+20.40%,+60.05%,+46.12%
IE00BDGV0C91,UBS MSCI USA Select Factor Mix UCITS ETF hCHF acc,USMUFS,32.0,equity,CHF,Ireland,True,Accumulating,0.28,1865.0,MSCI USA Select Factor Mix (CHF Hedged),,EUR 25 m,12.37%,+20.49%,+57.55%,+60.56%
IE00BDQZN113,UBS MSCI ACWI Universal UCITS ETF hUSD acc,AWESGW,1193.0,equity,USD,Ireland,True,Accumulating,0.26,1840.0,MSCI ACWI Universal Low Carbon Select 5% Issuer Capped (USD Hedged),,"EUR 1,279 m",9.87%,+27.54%,+68.67%,+90.96%
IE00BDQZN337,UBS MSCI ACWI Universal UCITS ETF hEUR acc,AWESGE,804.0,equity,EUR,Ireland,True,Accumulating,0.26,1840.0,MSCI ACWI Universal Low Carbon Select 5% Issuer Capped (EUR Hedged),AWESGE.SW,EUR 680 m,10.59%,+27.72%,+71.82%,+66.10%
IE00BDQZN550,UBS MSCI ACWI Universal UCITS ETF hGBP acc,AWESGG,290.0,equity,GBP,Ireland,True,Accumulating,0.26,1840.0,MSCI ACWI Universal Low Carbon Select 5% Issuer Capped (GBP Hedged),,EUR 283 m,11.78%,+26.25%,+79.39%,+74.44%
IE00BDQZN774,UBS MSCI ACWI Universal UCITS ETF hCHF acc,AWESGS,1402.0,equity,CHF,Ireland,True,Accumulating,0.26,1840.0,MSCI ACWI Universal Low Carbon Select 5% Issuer Capped (CHF Hedged),,"EUR 1,451 m",11.09%,+27.62%,+69.24%,+80.34%
IE00BDR55471,UBS MSCI ACWI Socially Responsible UCITS ETF USD acc,AW1P,577.0,equity,USD,Ireland,False,Accumulating,0.25,569.0,MSCI ACWI SRI Low Carbon Select 5% Issuer Capped,,EUR 671 m,11.44%,+23.96%,+61.47%,+74.69%
IE00BDR55703,UBS MSCI ACWI Socially Responsible UCITS ETF hUSD acc,AWSR,197.0,equity,USD,Ireland,True,Accumulating,0.28,569.0,MSCI ACWI SRI Low Carbon Select 5% Issuer Capped (USD Hedged),AWSR.AS,EUR 390 m,11.38%,+24.93%,+64.40%,+86.99%
IE00BDR55927,UBS MSCI ACWI Socially Responsible UCITS ETF hEUR acc,AW1R,785.0,equity,EUR,Ireland,True,Accumulating,0.28,569.0,MSCI ACWI SRI Low Carbon Select 5% Issuer Capped (EUR Hedged),AW1R.BE,EUR 785 m,12.42%,+25.21%,+66.79%,+63.56%
IE00BDR55F85,UBS MSCI ACWI Socially Responsible UCITS ETF hCHF acc,AWSRIS,601.0,equity,CHF,Ireland,True,Accumulating,0.28,569.0,MSCI ACWI SRI Low Carbon Select 5% Issuer Capped (CHF Hedged),,EUR 492 m,12.83%,+24.89%,+63.88%,+77.10%
IE00BDR5GV14,UBS Global Gender Equality UCITS ETF USD acc,GENE,89.0,equity,USD,Ireland,False,Accumulating,0.2,100.0,Solactive Equileap Global Gender Equality 100 Leaders,,EUR 85 m,9.04%,+13.84%,+44.64%,+51.37%
IE00BDR5GY45,UBS Global Gender Equality UCITS ETF hUSD acc,GENDEW,4.0,equity,USD,Ireland,True,Accumulating,0.23,100.0,Solactive Equileap Global Gender Equality 100 (USD Hedged),,EUR 3 m,8.96%,+13.32%,+42.51%,+64.39%
IE00BDR5H073,UBS Global Gender Equality UCITS ETF hEUR acc,GGUE,24.0,equity,EUR,Ireland,True,Accumulating,0.23,100.0,Solactive Equileap Global Gender Equality 100 (EUR Hedged),GGUE.DE,EUR 19 m,9.65%,+12.86%,+44.68%,+39.30%
IE00BDR5H297,UBS Global Gender Equality UCITS ETF hGBP acc,GENG,6.0,equity,GBP,Ireland,True,Accumulating,0.23,100.0,Solactive Equileap Global Gender Equality 100 Leaders (GBP Hedged),,EUR 3 m,10.47%,+11.94%,+51.86%,+47.67%
IE00BDR5H412,UBS Global Gender Equality UCITS ETF hCHF acc,AW1A,70.0,equity,CHF,Ireland,True,Accumulating,0.23,100.0,Solactive Equileap Global Gender Equality 100 (CHF Hedged),,EUR 59 m,10.47%,+13.63%,+42.86%,+54.41%
IE00BDT8TZ34,Invesco Preferred Shares UCITS UCITS ETF CHF Hedged,PRFC,0.0,equity,CHF,Ireland,True,Accumulating,0.55,256.0,BofA Merrill Lynch Diversified Core Plus Fixed Rate Preferred Securities (CHF Hedged),,EUR 0 m,8.33%,+3.39%,+7.70%,-6.95%
IE00BDVPNG13,WisdomTree Artificial Intelligence UCITS ETF USD Acc,WTI2,919.0,equity,USD,Ireland,False,Accumulating,0.4,63.0,Nasdaq CTA Artificial Intelligence,WTI2.BE,"EUR 1,208 m",22.99%,+82.16%,+118.73%,+117.25%
IE00BF0H7608,L&G Pharma Breakthrough UCITS ETF,ETLI,17.0,equity,USD,Ireland,False,Accumulating,0.49,36.0,Solactive Pharma Breakthrough Value,ETLI.BE,EUR 16 m,16.45%,+25.64%,+12.69%,+13.67%
IE00BF0M2Z96,L&G Battery Value-Chain UCITS ETF,BATE,664.0,equity,USD,Ireland,False,Accumulating,0.49,45.0,Solactive Battery Value-Chain,BATE.BE,EUR 889 m,32.36%,+121.99%,+103.32%,+127.74%
IE00BF0M6N54,L&G Ecommerce Logistics UCITS ETF,ETLH,70.0,equity,USD,Ireland,False,Accumulating,0.49,49.0,Solactive eCommerce Logistics,ETLH.BE,EUR 63 m,12.10%,+4.90%,+19.82%,+14.35%
IE00BF16M727,First Trust Nasdaq Cybersecurity UCITS ETF Acc,CBRS,996.0,equity,USD,Ireland,False,Accumulating,0.6,31.0,Nasdaq CTA Cybersecurity,CBRS.BE,"EUR 1,187 m",24.78%,+17.36%,+76.29%,+96.43%
IE00BF1B7272,SPDR MSCI All Country World UCITS ETF USD Hedged (Acc),SPP2,65.0,equity,USD,Ireland,True,Accumulating,0.17,2280.0,MSCI ACWI (USD Hedged),,EUR 91 m,9.48%,+26.69%,+67.60%,+89.66%
IE00BF1B7389,SPDR MSCI All Country World UCITS ETF EUR Hedged (Acc),SPP1,1027.0,equity,EUR,Ireland,True,Accumulating,0.17,2280.0,MSCI ACWI (EUR Hedged),SPP1.DE,"EUR 1,540 m",10.25%,+27.05%,+71.01%,+66.08%
IE00BF20LF40,iShares MSCI Europe Mid Cap UCITS ETF EUR (Acc),2B72,522.0,equity,EUR,Ireland,False,Accumulating,0.15,224.0,MSCI Europe Mid Cap,2B72.DU,EUR 527 m,11.22%,+17.29%,+54.94%,+46.57%
IE00BF2B0K52,Franklin EM Multi-Factor Equity UCITS ETF USD,FLXE,54.0,equity,USD,Ireland,False,Accumulating,0.3,291.0,LibertyQ Emerging Markets Equity,FLXE.BE,EUR 77 m,11.48%,+28.99%,+57.41%,+46.27%
IE00BF2B0P08,Franklin U.S. Equity UCITS ETF,FLXU,56.0,equity,USD,Ireland,False,Accumulating,0.2,211.0,Franklin US Equity,FLXU.DE,EUR 72 m,12.24%,+26.25%,+54.38%,+84.51%
IE00BF4G6Y48,JPMorgan Global Research Enhanced Index Equity (ESG) UCITS ETF USD (acc),JREG,4989.0,equity,USD,Ireland,False,Accumulating,0.25,667.0,JP Morgan Global Research Enhanced Index Equity (ESG),JREG.BE,"EUR 5,500 m",9.87%,+22.43%,+62.43%,+85.36%
IE00BF4G6Z54,JPMorgan Global Emerging Markets Research Enhanced Index Equity (ESG) UCITS ETF USD (acc),JREM,1697.0,equity,USD,Ireland,False,Accumulating,0.35,371.0,JP Morgan Global Emerging Markets Research Enhanced Index Equity (ESG),JREM.DE,"EUR 1,999 m",16.77%,+52.10%,+80.14%,+50.63%
IE00BF4G7076,JPMorgan US Research Enhanced Index Equity (ESG) UCITS ETF USD (acc),JREU,8845.0,equity,USD,Ireland,False,Accumulating,0.2,240.0,JP Morgan US Research Enhanced Index Equity (ESG),JREU.DE,"EUR 10,180 m",11.45%,+24.27%,+68.87%,+98.53%
IE00BF4G7183,JPMorgan Europe Research Enhanced Index Equity (ESG) UCITS ETF EUR (acc),JREE,2805.0,equity,EUR,Ireland,False,Accumulating,0.23,142.0,JP Morgan Europe Research Enhanced Index Equity (ESG),JREE.DE,"EUR 2,727 m",12.36%,+16.74%,+43.84%,+61.34%
IE00BF4RFH31,iShares MSCI World Small Cap UCITS ETF,IUSN,6501.0,equity,USD,Ireland,False,Accumulating,0.35,3473.0,MSCI World Small Cap,IUSN.BE,"EUR 6,981 m",15.18%,+29.40%,+54.07%,+47.43%
IE00BF5DXP42,First Trust Indxx Innovative Transaction & Process UCITS ETF Acc,02F0,44.0,equity,USD,Ireland,False,Accumulating,0.65,101.0,Indxx Blockchain,02F0.BE,EUR 44 m,10.47%,+27.51%,+76.10%,+83.23%
IE00BF92J153,L&G Digital Payments UCITS ETF,DPGA,9.0,equity,USD,Ireland,False,Accumulating,0.49,42.0,Solactive Digital Payments,,EUR 8 m,19.97%,-8.91%,+5.76%,-
IE00BF92LR56,Ossiam ESG Low Carbon Shiller Barclays CAPE® US Sector UCITS ETF 1A (USD),5HED,5.0,equity,USD,Ireland,False,Accumulating,0.75,98.0,Ossiam ESG Low Carbon Shiller Barclays CAPE® US Sector,,EUR 10 m,11.92%,+3.82%,+6.44%,+18.24%
IE00BF92LV92,Ossiam ESG Low Carbon Shiller Barclays CAPE® US Sector UCITS ETF 1A (EUR),5HEE,7.0,equity,EUR,Ireland,False,Accumulating,0.75,98.0,Ossiam ESG Low Carbon Shiller Barclays CAPE® US Sector,5HEE.DU,EUR 10 m,11.92%,+3.73%,+6.20%,+18.05%
IE00BFD26097,First Trust IPOX Europe Equity Opportunities UCITS ETF Acc,IPXE,2.0,equity,EUR,Ireland,False,Accumulating,0.65,100.0,IPOX® 100 Europe,,EUR 1 m,15.02%,+17.95%,+62.28%,-
IE00BFD2H405,First Trust Cloud Computing UCITS ETF Acc,SKYE,388.0,equity,USD,Ireland,False,Accumulating,0.6,64.0,ISE Cloud Computing,SKYE.AS,EUR 344 m,26.37%,+19.97%,+83.64%,+51.64%
IE00BFMNHK08,Xtrackers MSCI Europe ESG UCITS ETF 1C,XZEU,1063.0,equity,EUR,Ireland,False,Accumulating,0.2,209.0,MSCI Europe Low Carbon SRI Selection,XZEU.BE,"EUR 1,017 m",12.79%,+6.76%,+32.56%,+44.53%
IE00BFMNPS42,Xtrackers MSCI USA ESG UCITS ETF 1C,XZMU,8099.0,equity,USD,Ireland,False,Accumulating,0.15,249.0,MSCI USA Low Carbon SRI Selection,XZMU.BE,"EUR 7,316 m",12.50%,+22.63%,+69.38%,+97.85%
IE00BFMXVQ44,Vanguard FTSE 250 UCITS ETF (GBP) Accumulating,VMIG,833.0,equity,GBP,Ireland,False,Accumulating,0.1,250.0,FTSE 250,VMIG.BE,EUR 678 m,13.74%,+11.95%,+37.89%,+18.93%
IE00BFMXXD54,Vanguard S&P 500 UCITS ETF (USD) Accumulating,VUAA,25752.0,equity,USD,Ireland,False,Accumulating,0.07,502.0,S&P 500®,VUAA.BE,"EUR 29,138 m",11.70%,+25.26%,+71.19%,+99.05%
IE00BFMXYP42,Vanguard FTSE 100 UCITS ETF (GBP) Accumulating,VUKG,2657.0,equity,GBP,Ireland,False,Accumulating,0.09,100.0,FTSE 100,VUKG.BE,"EUR 2,588 m",11.37%,+19.25%,+52.07%,+75.55%
IE00BFMXYX26,Vanguard FTSE Japan UCITS ETF (USD) Accumulating,VJPA,1189.0,equity,USD,Ireland,False,Accumulating,0.1,489.0,FTSE Japan,VJPA.DE,"EUR 1,216 m",19.01%,+26.81%,+57.29%,+60.94%
IE00BFMXYY33,Vanguard FTSE Japan UCITS ETF EUR Hedged Accumulating,VJPE,79.0,equity,EUR,Ireland,True,Accumulating,0.15,489.0,FTSE Japan (EUR Hedged),VJPE.DE,EUR 85 m,19.33%,+45.07%,+107.81%,+136.90%
IE00BFMXZJ56,Vanguard FTSE Japan UCITS ETF USD Hedged Accumulating,VJPU,51.0,equity,USD,Ireland,True,Accumulating,0.15,489.0,FTSE Japan (USD Hedged),VJPU.BE,EUR 73 m,18.89%,+44.50%,+102.71%,+174.96%
IE00BFNM3B99,iShares MSCI EMU Screened UCITS ETF EUR (Acc),SLMA,1441.0,equity,EUR,Ireland,False,Accumulating,0.12,209.0,MSCI EMU Screened,SLMA.BE,"EUR 1,466 m",13.98%,+16.51%,+52.88%,+62.24%
IE00BFNM3D14,iShares MSCI Europe Screened UCITS ETF EUR (Acc),SLMC,4637.0,equity,EUR,Ireland,False,Accumulating,0.12,377.0,MSCI Europe Screened,SLMC.BE,"EUR 4,825 m",12.67%,+16.67%,+47.16%,+59.52%
IE00BFNM3G45,iShares MSCI USA Screened UCITS ETF USD (Acc),SGAS,13694.0,equity,USD,Ireland,False,Accumulating,0.07,495.0,MSCI USA Screened,SGAS.BE,"EUR 15,130 m",12.10%,+25.77%,+75.13%,+101.19%
IE00BFNM3J75,iShares MSCI World Screened UCITS ETF USD (Acc),SNAW,4902.0,equity,USD,Ireland,False,Accumulating,0.2,1211.0,MSCI World Screened,SNAW.BE,"EUR 5,063 m",10.53%,+23.62%,+66.95%,+85.92%
IE00BFNM3L97,iShares MSCI Japan Screened UCITS ETF USD (Acc),SGAJ,1652.0,equity,USD,Ireland,False,Accumulating,0.15,162.0,MSCI Japan Screened,SGAJ.DE,"EUR 1,947 m",19.48%,+25.88%,+55.09%,+58.08%
IE00BFNM3P36,iShares MSCI EM IMI Screened UCITS ETF USD (Acc),AYEM,5128.0,equity,USD,Ireland,False,Accumulating,0.18,2673.0,MSCI Emerging Markets IMI Screened,AYEM.BE,"EUR 5,885 m",16.67%,+45.13%,+74.81%,+50.33%
IE00BFTWP510,SPDR EURO STOXX Low Volatility UCITS ETF EUR,ZPRL,34.0,equity,EUR,Ireland,False,Accumulating,0.3,101.0,EURO STOXX® Low Risk Weighted 100,ZPRL.BE,EUR 33 m,8.99%,+7.24%,+39.14%,+42.44%
IE00BFWFPX50,SPDR S&P U.S. Communication Services Select Sector UCITS ETF USD,ZPDK,216.0,equity,USD,Ireland,False,Accumulating,0.15,23.0,S&P Communication Services Select Sector Daily Capped 35/20,ZPDK.BE,EUR 270 m,14.35%,+21.59%,+90.82%,+75.72%
IE00BFWMQ331,Invesco MSCI Saudi Arabia UCITS UCITS ETF,MSAU,42.0,equity,USD,Ireland,False,Accumulating,0.5,,MSCI Saudi Arabia 20/35,,EUR 38 m,13.21%,+3.27%,-2.01%,+20.92%
IE00BFWXDV39,Franklin FTSE Asia ex China ex Japan UCITS ETF,FVSJ,550.0,equity,USD,Ireland,False,Accumulating,0.14,756.0,FTSE Asia ex Japan ex China,FVSJ.DE,EUR 479 m,21.09%,+71.22%,+98.31%,+95.99%
IE00BFXR5Q31,L&G US Equity UCITS ETF,ETLS,1003.0,equity,USD,Ireland,False,Accumulating,0.05,418.0,Solactive Core United States Large & Mid Cap,ETLS.BE,"EUR 1,306 m",11.77%,+25.29%,+72.88%,+97.74%
IE00BFXR5R48,L&G UK Equity UCITS ETF GBP Acc,XML4,180.0,equity,GBP,Ireland,False,Accumulating,0.05,77.0,Solactive Core United Kingdom Large & Mid Cap,XML4.BE,EUR 203 m,11.99%,+17.79%,+51.49%,+74.38%
IE00BFXR5S54,L&G Global Equity UCITS ETF,ETLQ,907.0,equity,USD,Ireland,False,Accumulating,0.1,1389.0,Solactive Core Developed Markets Large & Mid Cap,ETLQ.BE,"EUR 1,287 m",10.00%,+23.72%,+65.75%,+85.14%
IE00BFXR5T61,L&G Japan Equity UCITS ETF,ETLR,717.0,equity,USD,Ireland,False,Accumulating,0.1,300.0,Solactive Core Japan Large & Mid Cap,ETLR.BE,EUR 718 m,18.76%,+24.73%,+56.47%,+60.81%
IE00BFXR5V83,L&G Europe ex UK Equity UCITS ETF,ETLN,902.0,equity,EUR,Ireland,False,Accumulating,0.1,328.0,Solactive Core Developed Markets Europe ex UK Large & Mid Cap,ETLN.BE,EUR 959 m,12.98%,+17.26%,+46.43%,+57.92%
IE00BFXR5W90,L&G Asia Pacific ex Japan Equity UCITS ETF,ETLK,669.0,equity,USD,Ireland,False,Accumulating,0.1,144.0,Solactive Core Developed Markets Pacific ex Japan Large & Mid Cap,ETLK.BE,EUR 665 m,11.67%,+16.00%,+36.24%,+32.70%
IE00BFXR7892,KraneShares CSI China Internet UCITS ETF USD,KWBE,597.0,equity,USD,Ireland,False,Accumulating,0.75,32.0,CSI Overseas China Internet,KWBE.L,EUR 363 m,25.97%,-19.33%,+5.66%,-51.48%
IE00BFXR7900,KraneShares CSI China Internet UCITS ETF EUR,KWBE,201.0,equity,EUR,Ireland,False,Accumulating,0.75,32.0,CSI Overseas China Internet,KWBE.L,EUR 138 m,31.36%,-19.57%,+4.99%,-51.34%
IE00BFY0GT14,SPDR MSCI World UCITS ETF,SPPW,13871.0,equity,USD,Ireland,False,Accumulating,0.12,1311.0,MSCI World,SPPW.BE,"EUR 16,249 m",10.04%,+23.36%,+65.20%,+84.38%
IE00BFYN8Y92,HANetf EMQQ Emerging Markets Internet UCITS ETF,EMQQ,125.0,equity,USD,Ireland,False,Accumulating,0.86,52.0,EMQQ The Emerging Markets Internet ESG-Screened,EMQQ.BE,EUR 92 m,16.41%,-19.47%,+9.15%,-42.65%
IE00BFZXGZ54,Invesco EQQQ Nasdaq-100 UCITS ETF Acc,EQQB,3270.0,equity,USD,Ireland,False,Accumulating,0.3,101.0,Nasdaq 100®,EQQB.DU,"EUR 3,791 m",15.29%,+37.59%,+96.76%,+134.87%
IE00BG04LZ52,Xtrackers MSCI USA UCITS ETF 3C CHF Hedged,XD9C,285.0,equity,CHF,Ireland,True,Accumulating,0.12,544.0,MSCI USA (CHF Hedged),,EUR 348 m,12.89%,+24.75%,+72.32%,+82.73%
IE00BG04M077,Xtrackers MSCI USA UCITS ETF 2C EUR Hedged,XD9E,544.0,equity,EUR,Ireland,True,Accumulating,0.12,544.0,MSCI USA (EUR Hedged),XD9E.BE,EUR 574 m,12.43%,+24.92%,+74.29%,+66.17%
IE00BG0J4C88,iShares Digital Security UCITS ETF USD (Acc),L0CK,1351.0,equity,USD,Ireland,False,Accumulating,0.4,110.0,STOXX® Global Digital Security,L0CK.BE,"EUR 1,462 m",19.57%,+20.26%,+64.07%,+65.14%
IE00BG0SKF03,iShares Edge MSCI EM Value Factor UCITS ETF USD (Acc),5MVL,1097.0,equity,USD,Ireland,False,Accumulating,0.4,167.0,MSCI Emerging Markets Select Value Factor Focus,,"EUR 1,583 m",18.87%,+80.65%,+141.43%,+123.14%
IE00BG0SSC32,First Trust Dow Jones Internet UCITS ETF Acc,FTGC,76.0,equity,USD,Ireland,False,Accumulating,0.55,41.0,Dow Jones Internet Composite,FTGC.MU,EUR 40 m,18.03%,+9.03%,+67.32%,+29.29%
IE00BG36TC12,Xtrackers MSCI Japan ESG UCITS ETF 1C,XZMJ,2963.0,equity,USD,Ireland,False,Accumulating,0.2,92.0,MSCI Japan Low Carbon SRI Selection,XZMJ.BE,"EUR 2,527 m",20.45%,+24.70%,+53.38%,+51.30%
IE00BG370F43,Xtrackers MSCI Emerging Markets ESG UCITS ETF 1C,XZEM,1561.0,equity,USD,Ireland,False,Accumulating,0.25,332.0,MSCI Emerging Markets Low Carbon SRI Selection,XZEM.BE,"EUR 1,325 m",15.28%,+26.16%,+51.89%,+18.82%
IE00BG482169,Invesco Preferred Shares UCITS ETF A,PRAC,64.0,equity,USD,Ireland,False,Accumulating,0.5,256.0,BofA Merrill Lynch Diversified Core Plus Fixed Rate Preferred Securities,PRAC.DE,EUR 63 m,7.32%,+2.85%,+6.58%,-1.78%
IE00BG7PP820,Invesco Communications S&P US Select Sector UCITS ETF A,SMLA,107.0,equity,USD,Ireland,False,Accumulating,0.14,,S&P Select Sector Capped 20% Communications,SMLA.BE,EUR 138 m,13.25%,+7.72%,+79.58%,+58.53%
IE00BGBN6P67,Invesco CoinShares Global Blockchain UCITS ETF Acc,BNXG,784.0,equity,USD,Ireland,False,Accumulating,0.65,45.0,CoinShares Blockchain Global Equity,BNXG.BE,EUR 997 m,33.32%,+64.95%,+199.31%,+82.83%
IE00BGHQ0G80,Xtrackers MSCI AC World Screened UCITS ETF 1C,XMAW,5118.0,equity,EUR,Ireland,False,Accumulating,0.25,1880.0,MSCI ACWI Select Screened,XMAW.BE,"EUR 5,683 m",10.14%,+27.06%,+66.78%,+78.83%
IE00BGL86Z12,iShares Electric Vehicles and Driving Technology UCITS ETF USD (Acc),IEVD,401.0,equity,USD,Ireland,False,Accumulating,0.4,89.0,STOXX® Global Electric Vehicles & Driving Technology,IEVD.BE,EUR 585 m,20.48%,+88.47%,+93.84%,+95.90%
IE00BGV5VN51,Xtrackers Artificial Intelligence & Big Data UCITS ETF 1C,XAIX,6023.0,equity,USD,Ireland,False,Accumulating,0.35,89.0,Nasdaq Global Artificial Intelligence and Big Data,XAIX.BE,"EUR 7,347 m",16.85%,+61.95%,+152.00%,+175.49%
IE00BGV5VR99,Xtrackers Future Mobility UCITS ETF 1C,XMOV,146.0,equity,USD,Ireland,False,Accumulating,0.35,65.0,Nasdaq Global Future Mobility,XMOV.BE,EUR 187 m,17.06%,+50.43%,+99.85%,+101.18%
IE00BH361H73,Xtrackers MSCI North America High Dividend Yield UCITS ETF 1C,XDND,112.0,equity,USD,Ireland,False,Accumulating,0.39,183.0,MSCI North America High Dividend Yield,XDND.BE,EUR 124 m,10.42%,+17.24%,+38.95%,+55.30%
IE00BH3YZ803,Invesco S&P SmallCap 600 UCITS ETF Acc,SMLK,227.0,equity,USD,Ireland,False,Accumulating,0.14,,S&P SmallCap 600,SMLK.BE,EUR 309 m,23.91%,+28.80%,+42.17%,+38.44%
IE00BH4GPZ28,SPDR S&P 500 Leaders UCITS ETF USD Unhedged (Acc),SPPY,4269.0,equity,USD,Ireland,False,Accumulating,0.03,235.0,S&P 500 Scored & Screened Leaders,SPPY.BE,"EUR 4,611 m",12.18%,+27.36%,+70.79%,+105.54%
IE00BHJYDT11,Invesco Variable Rate Preferred Shares UCITS ETF A,VPAC,5.0,equity,USD,Ireland,False,Accumulating,0.5,303.0,Wells Fargo Diversified Hybrid and Preferred Securities Floating and Variable Rate,,EUR 5 m,5.83%,+3.30%,+19.65%,+24.87%
IE00BHJYDV33,Invesco MDAX UCITS ETF A,DEAM,1142.0,equity,EUR,Ireland,False,Accumulating,0.19,50.0,MDAX®,DEAM.BE,EUR 777 m,18.06%,+8.26%,+22.24%,-1.93%
IE00BHXMHL11,UBS S&P 500 Scored & Screened UCITS ETF USD acc,4UBQ,1726.0,equity,USD,Ireland,False,Accumulating,0.1,314.0,S&P 500 Scored & Screened,,"EUR 1,940 m",11.24%,+27.55%,+68.16%,+104.55%
IE00BHXMHN35,UBS S&P 500 Scored & Screened UCITS ETF hCHF acc,5ESGS,321.0,equity,CHF,Ireland,True,Accumulating,0.13,314.0,S&P 500 Scored & Screened (CHF Hedged),,EUR 465 m,12.47%,+27.62%,+69.19%,+91.43%
IE00BHXMHQ65,UBS S&P 500 Scored & Screened UCITS ETF hEUR acc,S5SG,960.0,equity,EUR,Ireland,True,Accumulating,0.13,314.0,S&P 500 Scored & Screened (EUR Hedged),S5SG.BE,EUR 898 m,12.05%,+27.97%,+71.90%,+75.14%
IE00BHZPJ015,iShares MSCI EMU ESG Enhanced CTB UCITS ETF EUR (Acc),EDM4,2801.0,equity,EUR,Ireland,False,Accumulating,0.12,204.0,MSCI EMU ESG Enhanced Focus CTB,EDM4.BE,"EUR 3,302 m",14.24%,+16.99%,+52.18%,+59.87%
IE00BHZPJ239,iShares MSCI EM ESG Enhanced CTB UCITS ETF USD (Acc),EDM2,7415.0,equity,USD,Ireland,False,Accumulating,0.18,1046.0,MSCI Emerging Markets ESG Enhanced Focus CTB,EDM2.BE,"EUR 8,340 m",16.60%,+46.11%,+75.58%,+46.11%
IE00BHZPJ452,iShares MSCI Japan ESG Enhanced CTB UCITS ETF USD (Acc),EDMJ,1133.0,equity,USD,Ireland,False,Accumulating,0.15,174.0,MSCI Japan ESG Enhanced Focus CTB,EDMJ.BE,"EUR 1,217 m",20.14%,+27.07%,+52.53%,+55.62%
IE00BHZPJ569,iShares MSCI World ESG Enhanced CTB UCITS ETF USD (Acc),EDMW,4313.0,equity,USD,Ireland,False,Accumulating,0.2,1124.0,MSCI World ESG Enhanced Focus CTB,EDMW.BE,"EUR 4,049 m",10.21%,+21.47%,+58.69%,+72.64%
IE00BHZPJ783,iShares MSCI Europe ESG Enhanced CTB UCITS ETF EUR (Acc),EDM6,1708.0,equity,EUR,Ireland,False,Accumulating,0.12,372.0,MSCI Europe ESG Enhanced Focus CTB,EDM6.BE,"EUR 2,234 m",12.47%,+16.81%,+43.62%,+53.16%
IE00BHZPJ908,iShares MSCI USA ESG Enhanced CTB UCITS ETF USD (Acc),EDMU,6992.0,equity,USD,Ireland,False,Accumulating,0.07,493.0,MSCI USA ESG Enhanced Focus CTB,EDMU.BE,"EUR 7,642 m",11.68%,+22.78%,+64.41%,+82.73%
IE00BHZRQY00,Franklin FTSE Brazil UCITS ETF,FLXB,75.0,equity,USD,Ireland,False,Accumulating,0.19,73.0,FTSE Brazil 30/18 Capped,FLXB.BE,EUR 115 m,21.95%,+32.28%,+41.18%,+48.58%
IE00BHZRQZ17,Franklin FTSE India UCITS ETF ,FLXI,1464.0,equity,USD,Ireland,False,Accumulating,0.19,270.0,FTSE India 30/18 Capped,FLXI.BE,"EUR 1,547 m",14.07%,-12.52%,+13.37%,+33.73%
IE00BHZRR030,Franklin FTSE Korea UCITS ETF,FLXK,2152.0,equity,USD,Ireland,False,Accumulating,0.09,152.0,FTSE Korea 30/18 Capped,FLXK.BE,"EUR 3,734 m",44.62%,+232.92%,+222.52%,+158.70%
IE00BHZRR147,Franklin FTSE China UCITS ETF,FLXC,1367.0,equity,USD,Ireland,False,Accumulating,0.19,997.0,FTSE China 30/18 Capped,FLXC.BE,"EUR 1,384 m",17.19%,+3.11%,+27.04%,-18.38%
IE00BJ0KDQ92,Xtrackers MSCI World UCITS ETF 1C,XDWD,16437.0,equity,USD,Ireland,False,Accumulating,0.12,1454.0,MSCI World,XDWD.BE,"EUR 18,980 m",10.04%,+23.30%,+64.24%,+83.29%
IE00BJ0KDR00,Xtrackers MSCI USA UCITS ETF 1C,XD9U,9078.0,equity,USD,Ireland,False,Accumulating,0.07,544.0,MSCI USA,XD9U.BE,"EUR 10,887 m",11.75%,+24.74%,+70.96%,+95.25%
IE00BJ38QD84,SPDR Russell 2000 US Small Cap UCITS ETF,ZPRR,4213.0,equity,USD,Ireland,False,Accumulating,0.3,1929.0,Russell 2000®,ZPRR.BE,"EUR 4,806 m",18.67%,+36.94%,+55.39%,+40.10%
IE00BJ5CMD00,Goldman Sachs ActiveBeta® Emerging Markets Equity UCITS ETF CLASS USD (Acc.),GACB,12.0,equity,USD,Ireland,False,Accumulating,0.49,750.0,Goldman Sachs ActiveBeta Emerging Markets Equity,GACB.BE,EUR 12 m,15.46%,+40.08%,+45.71%,+26.33%
IE00BJ5CNR11,Goldman Sachs ActiveBeta® Paris-Aligned Sustainable US Large Cap Equity UCITS ETF CLASS USD (Acc.),GACA,144.0,equity,USD,Ireland,False,Accumulating,0.14,442.0,Goldman Sachs ActiveBeta US Large Cap Equity,GACA.BE,EUR 132 m,12.84%,+20.57%,+64.02%,+88.06%
IE00BJ5JPG56,iShares MSCI China UCITS ETF USD (Acc),ICGA,3404.0,equity,USD,Ireland,False,Accumulating,0.28,560.0,MSCI China,ICGA.BE,"EUR 2,703 m",18.05%,+0.63%,+25.78%,-20.17%
IE00BJGWQN72,WisdomTree Cloud Computing UCITS ETF USD Acc,WTEJ,189.0,equity,USD,Ireland,False,Accumulating,0.4,68.0,BVP Nasdaq Emerging Cloud,WTEJ.BE,EUR 225 m,39.05%,-12.87%,+0.07%,-32.57%
IE00BJK9H753,JPMorgan BetaBuilders US Equity UCITS ETF (Acc),BBUS,71.0,equity,USD,Ireland,False,Accumulating,0.04,519.0,Morningstar US Target Market Exposure,BBUS.DE,EUR 80 m,11.64%,+24.71%,+71.43%,+95.00%
IE00BJLKK341,iShares MSCI EMU SRI UCITS ETF EUR (Acc),AYE4,34.0,equity,EUR,Ireland,False,Accumulating,0.2,69.0,MSCI EMU SRI Select Reduced Fossil Fuels,,EUR 37 m,13.56%,+12.00%,+40.12%,+44.09%
IE00BJQRDK83,Invesco MSCI World Universal Screened UCITS ETF Acc,ESGW,207.0,equity,USD,Ireland,False,Accumulating,0.19,416.0,MSCI World Universal Select Business Screens,ESGW.DE,EUR 239 m,10.18%,+22.96%,+63.97%,+80.23%
IE00BJQRDL90,Invesco MSCI Europe Universal Screened UCITS ETF Acc,ESGE,171.0,equity,EUR,Ireland,False,Accumulating,0.16,297.0,MSCI Europe Universal Select Business Screens,AWESGE.SW,EUR 193 m,12.64%,+17.45%,+45.25%,+56.94%
IE00BJQRDM08,Invesco MSCI USA Universal Screened UCITS ETF Acc,ESGU,2777.0,equity,USD,Ireland,False,Accumulating,0.09,331.0,MSCI USA Universal Select Business Screens,ESGU.DE,"EUR 2,681 m",12.03%,+24.26%,+70.43%,+90.69%
IE00BJQRDN15,Invesco Quantitative Strategies ESG Global Equity Multi-Factor UCITS ETF Acc,IQSA,1246.0,equity,USD,Ireland,False,Accumulating,0.3,184.0,Invesco Quantitative Strategies ESG Global Equity Multi-Factor,IQSA.DE,"EUR 1,818 m",10.85%,+26.64%,+82.30%,+104.19%
IE00BJQRDP39,Invesco Quantitative Strategies ESG Global Equity Multi-Factor UCITS ETF EUR PfHdg Acc,IQSE,341.0,equity,EUR,Ireland,True,Accumulating,0.3,184.0,Invesco Quantitative Strategies ESG Global Equity Multi-Factor (EUR Hedged),IQSE.BE,EUR 369 m,11.77%,+28.39%,+90.15%,+88.85%
IE00BJQTJ848,Harbor Health Care UCITS ETF Accumulating,W311,12.0,equity,USD,Ireland,False,Accumulating,0.89,40.0,Harbor Health Care,W311.BE,EUR 13 m,19.35%,+14.96%,-5.91%,-27.44%
IE00BJRCLL96,JPMorgan Global Equity Multi-Factor UCITS ETF Accumulating,JPGL,194.0,equity,USD,Ireland,False,Accumulating,0.19,519.0,JP Morgan Diversified Factor Global Developed (Region Aware) Equity,JPGL.DE,EUR 224 m,8.42%,+17.74%,+46.75%,+62.40%
IE00BJXRT813,SPDR MSCI World Value UCITS ETF USD Unhedged (Acc),SPF4,110.0,equity,USD,Ireland,False,Accumulating,0.25,350.0,MSCI World Value Exposure Select,,EUR 175 m,11.68%,+41.08%,+78.32%,+97.27%
IE00BJXRZJ40,Rize Cybersecurity and Data Privacy UCITS ETF,RCRS,91.0,equity,USD,Ireland,False,Accumulating,0.45,34.0,Foxberry Tematica Research Cybersecurity & Data Privacy,RCRS.BE,EUR 100 m,25.51%,+5.49%,+51.28%,+45.17%
IE00BJXT3C94,UBS MSCI USA Socially Responsible UCITS ETF USD acc,4UBI,466.0,equity,USD,Ireland,False,Accumulating,0.19,181.0,MSCI USA SRI Low Carbon Select 5% Issuer Capped,4UBI.DU,EUR 502 m,13.42%,+21.25%,+59.34%,+78.78%
IE00BJXT3G33,UBS MSCI USA Socially Responsible UCITS ETF hEUR acc,4UBD,20.0,equity,EUR,Ireland,True,Accumulating,0.22,181.0,MSCI USA SRI Low Carbon Select 5% Issuer Capped (EUR Hedged),,EUR 18 m,14.26%,+21.74%,+62.79%,+52.95%
IE00BJXT3L85,UBS MSCI USA Socially Responsible UCITS ETF hCHF acc,USSRIC,31.0,equity,CHF,Ireland,True,Accumulating,0.22,181.0,MSCI USA SRI Low Carbon Select 5% Issuer Capped (CHF Hedged),,EUR 31 m,14.67%,+20.48%,+59.06%,+66.49%
IE00BJZ2DC62,Xtrackers MSCI USA Screened UCITS ETF 1C,XRSM,245.0,equity,USD,Ireland,False,Accumulating,0.07,493.0,MSCI USA Select Screened,XRSM.BE,EUR 660 m,12.39%,+25.69%,+73.52%,+92.87%
IE00BJZ2DD79,Xtrackers Russell 2000 UCITS ETF 1C,XRS2,1942.0,equity,USD,Ireland,False,Accumulating,0.3,1458.0,Russell 2000®,XRS2.BE,"EUR 2,465 m",18.66%,+36.74%,+54.62%,+39.67%
IE00BK5BC677,L&G Healthcare Technology & Innovation UCITS ETF USD Acc,XMLH,193.0,equity,USD,Ireland,False,Accumulating,0.49,62.0,ROBO Global Healthcare Technology and Innovation,XMLH.BE,EUR 177 m,18.67%,+26.22%,+13.85%,-16.44%
IE00BK5BC891,L&G Clean Water UCITS ETF,XMLC,531.0,equity,USD,Ireland,False,Accumulating,0.49,61.0,Solactive Clean Water,XMLC.BE,EUR 587 m,13.22%,+4.90%,+27.36%,+35.00%
IE00BK5BCD43,L&G Artificial Intelligence UCITS ETF,XMLD,1130.0,equity,USD,Ireland,False,Accumulating,0.49,52.0,ROBO Global Artificial Intelligence,XMLD.BE,"EUR 1,715 m",23.30%,+69.37%,+143.80%,+131.33%
IE00BK5BCH80,L&G Clean Energy UCITS ETF,RENW,362.0,equity,USD,Ireland,False,Accumulating,0.49,58.0,Solactive Clean Energy,RENW.DE,EUR 756 m,20.43%,+85.70%,+58.65%,+57.32%
IE00BK5BQT80,Vanguard FTSE All-World UCITS ETF (USD) Accumulating,VWCE,28535.0,equity,USD,Ireland,False,Accumulating,0.19,3624.0,FTSE All-World,VWCE.BE,"EUR 39,274 m",9.35%,+25.76%,+65.95%,+78.70%
IE00BK5BQV03,Vanguard FTSE Developed World UCITS ETF Acc,VGVF,4896.0,equity,USD,Ireland,False,Accumulating,0.12,1999.0,FTSE Developed,VGVF.BE,"EUR 5,872 m",9.84%,+25.96%,+67.83%,+85.55%
IE00BK5BQW10,Vanguard FTSE North America UCITS ETF (USD) Accumulating,VNRA,2067.0,equity,USD,Ireland,False,Accumulating,0.08,584.0,FTSE North America,VNRA.DE,"EUR 2,628 m",11.53%,+24.69%,+71.50%,+94.71%
IE00BK5BQX27,Vanguard FTSE Developed Europe UCITS ETF (EUR) Accumulating,VWCG,2171.0,equity,EUR,Ireland,False,Accumulating,0.1,524.0,FTSE Developed Europe,VWCG.BE,"EUR 2,850 m",12.09%,+17.54%,+48.62%,+62.58%
IE00BK5BQY34,Vanguard FTSE Developed Europe ex UK UCITS ETF (EUR) Accumulating,VERE,1178.0,equity,EUR,Ireland,False,Accumulating,0.1,426.0,FTSE Developed Europe ex UK,VERE.DE,"EUR 1,364 m",12.94%,+16.68%,+46.87%,+57.60%
IE00BK5BQZ41,Vanguard FTSE Developed Asia Pacific ex Japan UCITS ETF (USD) Accumulating,VGEK,498.0,equity,USD,Ireland,False,Accumulating,0.15,373.0,FTSE Developed Asia Pacific ex Japan,VGEK.BE,EUR 914 m,23.63%,+82.76%,+99.25%,+86.10%
IE00BK5BR626,Vanguard FTSE All-World High Dividend Yield UCITS ETF Acc,VGWE,1599.0,equity,USD,Ireland,False,Accumulating,0.29,2219.0,FTSE All-World High Dividend Yield,VGWE.DE,"EUR 2,286 m",10.92%,+23.83%,+56.42%,+73.04%
IE00BK5BR733,Vanguard FTSE Emerging Markets UCITS ETF (USD) Accumulating,VFEA,1561.0,equity,USD,Ireland,False,Accumulating,0.17,2267.0,FTSE Emerging,VFEA.BE,"EUR 1,859 m",13.16%,+24.62%,+53.31%,+34.76%
IE00BK5BZT14,Leverage Shares 3x Salesforce.com ETP Securities,3CRE,,equity,USD,Ireland,False,Accumulating,0.75,,iSTOXX Leveraged 3x CRM,,EUR 2 m,105.85%,-77.97%,-87.05%,-96.51%
IE00BK5BZV36,Leverage Shares 3x Microsoft ETP Securities,3MSE,,equity,USD,Ireland,False,Accumulating,0.75,,iSTOXX Leveraged 3x MSFT,,EUR 30 m,71.88%,-37.44%,-13.61%,+19.01%
IE00BK5BZX59,Leverage Shares 3x Alphabet ETP,3GGL,19.0,equity,USD,Ireland,False,Accumulating,0.75,,iSTOXX Leveraged 3x GOOG,,EUR 16 m,83.65%,+591.49%,+646.77%,+311.04%
IE00BK5C1B80,Leverage Shares 3x Facebook ETP,FB3,28.0,equity,USD,Ireland,False,Accumulating,0.75,,iSTOXX Leveraged 3x FB,FB3.PA,EUR 18 m,100.71%,-48.02%,+167.76%,-86.67%
IE00BK5H8015,SPDR STOXX Europe 600 SRI UCITS ETF,ZPDX,514.0,equity,EUR,Ireland,False,Accumulating,0.12,199.0,STOXX® Europe 600 SRI,ZPDX.BE,EUR 494 m,13.04%,+12.97%,+42.85%,+56.07%
IE00BK63RN45,Invesco MSCI Kuwait UCITS ETF Acc,MKUW,6.0,equity,USD,Ireland,False,Accumulating,0.5,,MSCI Kuwait 20/35,,EUR 3 m,11.52%,+8.42%,+26.04%,+52.25%
IE00BK72HJ67,UBS MSCI World Socially Responsible UCITS ETF USD acc,4UBH,1202.0,equity,USD,Ireland,False,Accumulating,0.19,377.0,MSCI World SRI Low Carbon Select 5% Issuer Capped,4UBH.DU,"EUR 1,289 m",11.37%,+15.67%,+50.48%,+65.62%
IE00BK72HM96,UBS MSCI World Socially Responsible UCITS ETF hEUR acc,4UB1,205.0,equity,EUR,Ireland,True,Accumulating,0.22,377.0,MSCI World SRI Low Carbon Select 5% Issuer Capped (EUR Hedged),4UB1.DU,EUR 212 m,12.29%,+16.96%,+55.95%,+53.47%
IE00BK72HT65,UBS MSCI World Socially Responsible UCITS ETF hCHF acc,WSRIC,276.0,equity,CHF,Ireland,True,Accumulating,0.22,377.0,MSCI World SRI Low Carbon Select 5% Issuer Capped (CHF Hedged),,EUR 332 m,12.93%,+16.53%,+52.67%,+67.94%
IE00BK80XL30,Invesco MSCI China All Shares Stock Connect UCITS ETF Acc,MCHN,92.0,equity,USD,Ireland,False,Accumulating,0.35,400.0,MSCI China All Shares Stock Connect Select,MCHN.BE,EUR 98 m,15.14%,+11.19%,+25.51%,-14.15%
IE00BKBF6616,iShares Core MSCI EMU UCITS ETF USD Hedged (Acc),SNAY,584.0,equity,USD,Ireland,True,Accumulating,0.15,224.0,MSCI EMU (USD Hedged),SNAY.MU,EUR 770 m,13.24%,+17.17%,+52.41%,+95.14%
IE00BKFB6K94,UBS MSCI China A SF UCITS ETF USD acc,CNUA,129.0,equity,USD,Ireland,False,Accumulating,0.24,,MSCI China A,CNUA.DE,EUR 135 m,14.38%,+39.68%,+42.43%,+20.00%
IE00BKLF1R75,WisdomTree Battery Solutions UCITS ETF USD Acc,W1TA,144.0,equity,USD,Ireland,False,Accumulating,0.4,90.0,WisdomTree Battery Solutions,W1TA.BE,EUR 189 m,25.18%,+102.57%,+55.63%,+37.77%
IE00BKLTRN76,L&G MSCI Europe Climate Pathway UCITS ETF EUR Accumulating ETF,DELF,848.0,equity,EUR,Ireland,False,Accumulating,0.1,106.0,MSCI ACWI Select Climate 500 Europe Subset,DELF.DE,EUR 466 m,11.83%,+11.89%,+39.21%,+48.29%
IE00BKLWY790,L&G US ESG Exclusions Paris Aligned UCITS ETF USD Accumulating,DELG,155.0,equity,USD,Ireland,False,Accumulating,0.12,440.0,Foxberry Sustainability Consensus US,DELG.DE,EUR 176 m,12.76%,+25.72%,+74.41%,+97.56%
IE00BKM4GZ66,iShares Core MSCI Emerging Markets IMI UCITS ETF (Acc),IS3N,30369.0,equity,USD,Ireland,False,Accumulating,0.18,2956.0,MSCI Emerging Markets Investable Market (IMI),IS3N.BE,"EUR 36,796 m",16.15%,+44.82%,+74.55%,+52.27%
IE00BKM4H197,iShares MSCI Emerging Markets Consumer Growth UCITS ETF USD (Acc),CEMG,38.0,equity,USD,Ireland,False,Accumulating,0.6,309.0,MSCI ACWI Emerging Market Consumer Growth,CEMG.BE,EUR 37 m,10.59%,-9.09%,+12.23%,-9.61%
IE00BKPJY434,KraneShares ICBCUBS SSE STAR Market 50 Index UCITS ETF ,KSRE,7.0,equity,USD,Ireland,False,Accumulating,0.82,45.0,SSE Science and Technology Innovation Board 50,UKSRE.SW,EUR 18 m,38.86%,+81.41%,+47.74%,+9.86%
IE00BKPJY541,KraneShares ICBCCS SSE Star Market 50 Index UCITS ETF EUR,KSTR,9.0,equity,EUR,Ireland,False,Accumulating,0.82,45.0,SSE Science and Technology Innovation Board 50,,EUR 17 m,29.94%,+90.51%,+57.96%,-
IE00BKPSFC54,iShares MSCI World Quality Dividend Advanced UCITS ETF USD (Acc),AYEG,240.0,equity,USD,Ireland,False,Accumulating,0.38,213.0,MSCI World High Dividend Yield Advanced Select,,EUR 406 m,9.29%,+26.98%,+57.36%,+82.56%
IE00BKPSPT20,First Trust Global Capital Strength ESG Leaders UCITS ETF Class A Accumulation,FTGS,51.0,equity,USD,Ireland,False,Accumulating,0.75,50.0,First Trust Global Capital Strength ESG Leaders,,EUR 30 m,8.54%,-2.95%,+22.30%,+34.68%
IE00BKPX3K41,iShares MSCI AC Far East ex-Japan UCITS ETF USD (Acc),IS3Z,103.0,equity,USD,Ireland,False,Accumulating,0.74,846.0,MSCI AC Far East ex Japan,,EUR 104 m,21.00%,+67.34%,+96.62%,+53.57%
IE00BKS7L097,Invesco S&P 500 Scored & Screened UCITS ETF Acc,5ESG,2747.0,equity,USD,Ireland,False,Accumulating,0.09,,S&P 500 Scored & Screened,E5ESG.SW,"EUR 2,961 m",11.37%,+27.75%,+69.49%,+106.08%
IE00BKSBGS44,Fidelity US Equity Research Enhanced UCITS ETF ACC-USD,FUSR,1092.0,equity,USD,Ireland,False,Accumulating,0.2,249.0,Fidelity US Equity Research Enhanced,FUSR.DE,"EUR 1,316 m",11.90%,+25.75%,+73.63%,+98.31%
IE00BKSBGT50,Fidelity Europe Equity Research Enhanced UCITS ETF ACC-Euro,FEUR,130.0,equity,EUR,Ireland,False,Accumulating,0.25,191.0,Fidelity Europe Equity Research Enhanced,FEUR.DE,EUR 96 m,12.47%,+12.78%,+37.43%,+50.43%
IE00BKSBGV72,Fidelity Global Equity Research Enhanced UCITS ETF ACC-USD,FGLR,199.0,equity,USD,Ireland,False,Accumulating,0.25,527.0,Fidelity Global Equity Research Enhanced,FGLR.DE,EUR 230 m,10.31%,+21.14%,+57.55%,+74.41%
IE00BKSCBX74,UBS MSCI World Small Cap Socially Responsible UCITS ETF USD acc,UIMS,646.0,equity,USD,Ireland,False,Accumulating,0.23,716.0,MSCI World Small Cap SRI Low Carbon Select 5% Issuer Capped,,EUR 651 m,11.82%,+17.62%,+34.99%,-
IE00BKT6FV49,iShares Core MSCI Japan IMI UCITS ETF EUR Hedged (Acc),AYEI,76.0,equity,EUR,Ireland,True,Accumulating,0.17,964.0,MSCI Japan IMI (EUR Hedged),,EUR 191 m,19.07%,+47.12%,+107.86%,+139.31%
IE00BKTLJC87,iShares Smart City Infrastructure UCITS ETF USD (Acc),AYEU,312.0,equity,USD,Ireland,False,Accumulating,0.4,146.0,STOXX® Global Smart City Infrastructure,AYEU.DE,EUR 370 m,13.11%,+25.34%,+56.04%,+62.87%
IE00BKVKW020,First Trust Value Line® Dividend Index UCITS ETF Acc,FVD,6.0,equity,USD,Ireland,False,Accumulating,0.7,238.0,Value Line® Dividend,,EUR 6 m,10.39%,+4.47%,+18.07%,+33.62%
IE00BKVL7331,iShares Edge MSCI USA Minimum Volatility Advanced UCITS ETF,MVEA,100.0,equity,USD,Ireland,False,Accumulating,0.2,155.0,MSCI USA Minimum Volatility Advanced Select,MVEA.DE,EUR 89 m,9.71%,-0.14%,+22.15%,+39.17%
IE00BKVL7778,iShares Edge MSCI World Minimum Volatility Advanced UCITS ETF (Acc),MVEW,250.0,equity,USD,Ireland,False,Accumulating,0.3,242.0,MSCI World Minimum Volatility Advanced Select,MVEW.DE,EUR 213 m,8.05%,-0.57%,+21.25%,+36.74%
IE00BKVL7D31,iShares Edge MSCI Europe Minimum Volatility Advanced UCITS ETF (Acc),MVEE,26.0,equity,EUR,Ireland,False,Accumulating,0.25,109.0,MSCI Europe Minimum Volatility Advanced Select,MVEE.BE,EUR 28 m,9.38%,+5.55%,+28.34%,+35.23%
IE00BKW9SX35,Invesco S&P 500 Low Volatility UCITS ETF Acc,SPLW,19.0,equity,USD,Ireland,False,Accumulating,0.25,100.0,S&P 500 Low Volatility,,EUR 114 m,11.18%,-2.32%,+16.07%,-
IE00BKWQ0C77,SPDR MSCI Europe Consumer Discretionary UCITS ETF,SPYR,73.0,equity,EUR,Ireland,False,Accumulating,0.18,40.0,MSCI Europe Consumer Discretionary 20/35 Capped,SPYR.BE,EUR 53 m,18.61%,-5.06%,-7.55%,-5.15%
IE00BKWQ0D84,SPDR MSCI Europe Consumer Staples UCITS ETF,SPYC,186.0,equity,EUR,Ireland,False,Accumulating,0.18,37.0,MSCI Europe Consumer Staples 20/35 Capped,SPYC.BE,EUR 107 m,12.76%,-1.80%,-1.20%,+7.33%
IE00BKWQ0F09,SPDR MSCI Europe Energy UCITS ETF,SPYN,619.0,equity,EUR,Ireland,False,Accumulating,0.18,11.0,MSCI Europe Energy 20/35 Capped,SPYN.BE,EUR 677 m,21.50%,+49.04%,+54.14%,+146.76%
IE00BKWQ0G16,SPDR MSCI Europe Financials UCITS ETF,SPYZ,746.0,equity,EUR,Ireland,False,Accumulating,0.18,86.0,MSCI Europe Financials 20/35 Capped,SPYZ.BE,EUR 727 m,17.05%,+24.39%,+117.52%,+146.21%
IE00BKWQ0H23,SPDR MSCI Europe Health Care UCITS ETF,SPYH,661.0,equity,EUR,Ireland,False,Accumulating,0.18,39.0,MSCI Europe Health Care 20/35 Capped,SPYH.BE,EUR 516 m,15.70%,+9.28%,+8.93%,+34.40%
IE00BKWQ0J47,SPDR MSCI Europe Industrials UCITS ETF,SPYQ,1071.0,equity,EUR,Ireland,False,Accumulating,0.18,90.0,MSCI Europe Industrials 20/35 Capped,SPYQ.BE,"EUR 1,236 m",18.70%,+17.48%,+73.97%,+85.91%
IE00BKWQ0K51,SPDR MSCI Europe Technology UCITS ETF,SPYK,135.0,equity,EUR,Ireland,False,Accumulating,0.18,15.0,MSCI Europe Information Technology 20/35 Capped,SPYK.BE,EUR 187 m,24.20%,+51.18%,+82.88%,+89.80%
IE00BKWQ0L68,SPDR MSCI Europe Materials UCITS ETF,SPYP,87.0,equity,EUR,Ireland,False,Accumulating,0.18,29.0,MSCI Europe Materials 20/35 Capped,SPYP.BE,EUR 96 m,16.19%,+26.02%,+42.60%,+40.87%
IE00BKWQ0M75,SPDR MSCI Europe Small Cap UCITS ETF,SPYS,269.0,equity,EUR,Ireland,False,Accumulating,0.3,825.0,MSCI Europe Small Cap,,EUR 296 m,12.33%,+14.46%,+42.55%,+25.98%
IE00BKWQ0N82,SPDR MSCI Europe Communication Services UCITS ETF,SPYT,52.0,equity,EUR,Ireland,False,Accumulating,0.18,22.0,MSCI Europe Communication Services 20/35 Capped,SPYT.BE,EUR 62 m,12.93%,-4.06%,+33.60%,+33.37%
IE00BKWQ0P07,SPDR MSCI Europe Utilities UCITS ETF,SPYU,657.0,equity,EUR,Ireland,False,Accumulating,0.18,24.0,MSCI Europe Utilities 20/35 Capped,SPYU.BE,EUR 752 m,14.46%,+27.55%,+60.36%,+71.06%
IE00BKWQ0Q14,SPDR MSCI Europe UCITS ETF,SPYE,380.0,equity,EUR,Ireland,False,Accumulating,0.08,403.0,MSCI Europe,SPYE.BE,EUR 404 m,12.10%,+17.24%,+46.71%,+61.72%
IE00BKX8G916,Invesco S&P 500 UCITS ETF GBP Hedged Acc,SML2,1465.0,equity,GBP,Ireland,True,Accumulating,0.05,,S&P 500® (GBP Hedged),SML2.BE,"EUR 1,660 m",13.47%,+24.56%,+84.51%,+82.02%
IE00BKY40J65,HSBC USA SCREENED EQUITY UCITS ETF USD,H412,687.0,equity,USD,Ireland,False,Accumulating,0.12,304.0,FTSE USA ESG Low Carbon Select,H412.BE,EUR 715 m,11.09%,+31.62%,+68.43%,+91.65%
IE00BKY53D40,HSBC UK Screened Equity UCITS ETF GBP,R390,31.0,equity,GBP,Ireland,False,Accumulating,0.12,76.0,FTSE UK ESG Low Carbon Select,,EUR 28 m,13.75%,+8.88%,+40.62%,+39.81%
IE00BKY55S33,HSBC JAPAN SCREENED EQUITY UCITS ETF USD,XU8Z,233.0,equity,USD,Ireland,False,Accumulating,0.18,241.0,FTSE Japan ESG Low Carbon Select,XU8Z.BE,EUR 266 m,19.23%,+23.37%,+62.20%,+69.39%
IE00BKY55W78,HSBC Europe Screened Equity UCITS ETF EUR,H413,27.0,equity,EUR,Ireland,False,Accumulating,0.15,317.0,FTSE Developed Europe ESG Low Carbon Select,H413.BE,EUR 23 m,13.08%,+19.98%,+51.00%,+58.71%
IE00BKY58G26,HSBC Asia Pacific Ex Japan Screened Equity UCITS ETF USD,H4Z2,377.0,equity,USD,Ireland,False,Accumulating,0.25,430.0,FTSE Asia Pacific ex Japan ESG Low Carbon Select,H4Z2.BE,EUR 499 m,17.77%,+62.23%,+97.64%,+75.62%
IE00BKY59G90,HSBC EMERGING MARKET SCREENED EQUITY UCITS ETF USD,H4Z1,218.0,equity,USD,Ireland,False,Accumulating,0.18,657.0,FTSE Emerging ESG Low Carbon Select,H4Z1.BE,EUR 203 m,13.93%,+32.86%,+63.17%,+43.75%
IE00BKY59K37,HSBC DEVELOPED WORLD SCREENED EQUITY UCITS ETF USD,H41C,246.0,equity,USD,Ireland,False,Accumulating,0.18,680.0,FTSE Developed ESG Low Carbon Select,H41C.DE,EUR 384 m,9.15%,+27.94%,+64.61%,+82.00%
IE00BL0BMZ89,VanEck Morningstar Global Wide Moat UCITS ETF,VVGM,140.0,equity,USD,Ireland,False,Accumulating,0.52,78.0,Morningstar Global Wide Moat Focus,VVGM.BE,EUR 149 m,10.14%,+7.48%,+36.16%,+44.15%
IE00BL0L0D23,First Trust Capital Strength UCITS ETF Acc,FTCS,8.0,equity,USD,Ireland,False,Accumulating,0.6,50.0,Capital Strength,,EUR 8 m,10.84%,+0.50%,+23.29%,+35.77%
IE00BL0L0H60,First Trust NYSE Arca Biotechnology UCITS ETF Acc,FBTU,11.0,equity,USD,Ireland,False,Accumulating,0.6,30.0,NYSE Arca Biotechnology,,EUR 11 m,20.01%,+31.33%,+32.60%,+42.29%
IE00BL25JL35,Xtrackers MSCI World Quality UCITS ETF 1C,XDEQ,2280.0,equity,USD,Ireland,False,Accumulating,0.25,299.0,MSCI World Sector Neutral Quality,XDEQ.BE,"EUR 2,454 m",9.67%,+18.34%,+52.88%,+71.05%
IE00BL25JM42,Xtrackers MSCI World Value UCITS ETF 1C,XDEV,3224.0,equity,USD,Ireland,False,Accumulating,0.25,400.0,MSCI World Enhanced Value,XDEV.BE,"EUR 4,445 m",12.10%,+61.22%,+104.70%,+124.16%
IE00BL25JN58,Xtrackers MSCI World Minimum Volatility UCITS ETF 1C,XDEB,642.0,equity,USD,Ireland,False,Accumulating,0.25,275.0,MSCI World Minimum Volatility,XDEB.BE,EUR 970 m,8.24%,-1.21%,+20.81%,+35.04%
IE00BL25JP72,Xtrackers MSCI World Momentum UCITS ETF 1C,XDEM,1607.0,equity,USD,Ireland,False,Accumulating,0.25,348.0,MSCI World Momentum,XDEM.BE,"EUR 1,870 m",15.15%,+28.72%,+97.13%,+94.57%
IE00BL643144,Goshawk Global Balanced Fund UCITS ETF Accumulating,ROE,19.0,equity,USD,Ireland,False,Accumulating,0.69,70.0,Global Balance Fund,,EUR 20 m,7.66%,+12.71%,+37.28%,+28.63%
IE00BL6K8C82,iShares MSCI Europe Paris-Aligned Climate UCITS ETF EUR (Acc),CBUA,125.0,equity,EUR,Ireland,False,Accumulating,0.15,270.0,MSCI Europe Climate Paris Aligned Benchmark Select,,EUR 174 m,12.91%,+12.72%,+37.67%,-
IE00BL6K8D99,iShares MSCI EMU Paris-Aligned Climate UCITS ETF EUR (Acc),CBUB,1240.0,equity,EUR,Ireland,False,Accumulating,0.15,146.0,MSCI EMU Climate Paris Aligned Benchmark Select,,"EUR 1,500 m",14.39%,+11.46%,+40.59%,-
IE00BLB2GQ94,iShares Conservative Portfolio UCITS ETF USD Hedged (Acc),MACU,0.0,equity,USD,Ireland,True,Accumulating,0.25,13760.0,iShares Conservative Portfolio (USD Hedged),,EUR 0 m,6.18%,+6.74%,+13.68%,-
IE00BLB2GS19,iShares Growth Portfolio UCITS ETF USD Hedged (Acc),MAGU,1.0,equity,USD,Ireland,True,Accumulating,0.25,8491.0,iShares Growth Portfolio (USD Hedged),,EUR 2 m,9.73%,+23.40%,+49.32%,-
IE00BLB2GT26,iShares Moderate Portfolio UCITS ETF USD Hedged (Acc),MODU,5.0,equity,USD,Ireland,True,Accumulating,0.25,13691.0,iShares Moderate Portfolio (USD Hedged),,EUR 7 m,7.13%,+13.15%,+28.51%,-
IE00BLCHJ534,Global X U.S. Infrastructure Development UCITS ETF USD Accumulating,94VE,459.0,equity,USD,Ireland,False,Accumulating,0.47,98.0,Indxx U.S. Infrastructure Development,,EUR 587 m,19.19%,+32.02%,+90.92%,-
IE00BLCHJB90,Global X Robotics & Artificial Intelligence UCITS ETF USD Accumulating,XB0T,96.0,equity,USD,Ireland,False,Accumulating,0.5,45.0,Indxx Global Robotics & Artificial Intelligence Thematic,,EUR 119 m,19.81%,+23.67%,+35.77%,-
IE00BLCHJH52,Global X Renewable Energy Producers UCITS ETF USD Accumulating,R4RU,5.0,equity,USD,Ireland,False,Accumulating,0.5,27.0,Indxx Renewable Energy Producers,,EUR 12 m,14.72%,+50.73%,+12.81%,-
IE00BLCHJN13,Global X Lithium & Battery Tech UCITS ETF USD Accumulating,LI7U,100.0,equity,USD,Ireland,False,Accumulating,0.6,35.0,Solactive Global Lithium,,EUR 131 m,25.45%,+128.62%,+33.66%,-
IE00BLCHJT74,Global X Internet of Things UCITS ETF USD Accumulating,SN5R,1.0,equity,USD,Ireland,False,Accumulating,0.6,56.0,Indxx Global Internet of Things Thematic,,EUR 2 m,19.57%,+40.25%,+47.92%,-
IE00BLCHJZ35,Global X FinTech UCITS ETF USD Accumulating,XFIN,4.0,equity,USD,Ireland,False,Accumulating,0.6,60.0,Indxx Global Fintech Thematic,,EUR 4 m,26.98%,-16.94%,+18.86%,-
IE00BLDGHF56,UBS US Equity Defensive Put Write SF UCITS ETF USD acc,SPXPW,41.0,equity,USD,Ireland,False,Accumulating,0.24,,US Equity Defensive Put Write,,EUR 44 m,6.48%,+9.83%,+20.84%,+47.92%
IE00BLDGHQ61,UBS Euro Equity Defensive Covered Call SF UCITS ETF EUR acc,E50CC,10.0,equity,EUR,Ireland,False,Accumulating,0.26,,Euro Equity Defensive Covered Call,E50CC.SW,EUR 7 m,13.29%,+15.40%,+38.28%,+41.90%
IE00BLDGHT92,UBS Euro Equity Defensive Put Write SF UCITS ETF EUR acc,UIQ4,140.0,equity,EUR,Ireland,False,Accumulating,0.21,,Euro Equity Defensive Put Write,,EUR 160 m,4.98%,+10.20%,+25.99%,+41.20%
IE00BLDGHX39,UBS US Equity Defensive Covered Call SF UCITS ETF USD acc,SPXCC,32.0,equity,USD,Ireland,False,Accumulating,0.2,,US Equity Defensive Covered Call,,EUR 38 m,10.64%,+20.69%,+55.55%,+79.77%
IE00BLLZQ805,iShares Growth Portfolio UCITS ETF EUR (Acc),MAGR,75.0,equity,EUR,Ireland,False,Accumulating,0.25,8491.0,iShares Growth Portfolio,MAGR.BE,EUR 94 m,8.88%,+24.37%,+53.65%,+45.42%
IE00BLLZQS08,iShares Moderate Portfolio UCITS ETF EUR (Acc),MODR,36.0,equity,EUR,Ireland,False,Accumulating,0.25,13691.0,iShares Moderate Portfolio,MODR.BE,EUR 44 m,5.54%,+14.07%,+31.98%,+23.15%
IE00BLNMYC90,Xtrackers S&P 500 Equal Weight UCITS ETF 1C,XDEW,7538.0,equity,USD,Ireland,False,Accumulating,0.15,503.0,S&P 500® Equal Weight,XDEW.BE,"EUR 8,907 m",11.63%,+16.06%,+41.25%,+53.97%
IE00BLP53M98,iShares Conservative Portfolio UCITS ETF EUR (Acc),MACV,13.0,equity,EUR,Ireland,False,Accumulating,0.25,13760.0,iShares Conservative Portfolio,MACV.DE,EUR 16 m,3.76%,+7.37%,+16.16%,+4.26%
IE00BLPK3577,WisdomTree Cybersecurity UCITS ETF USD Acc,W1TB,280.0,equity,USD,Ireland,False,Accumulating,0.45,24.0,WisdomTree Team8 Cybersecurity UCITS,W1TB.BE,EUR 374 m,29.97%,+6.95%,+57.89%,+53.78%
IE00BLR6Q544,Global X Video Games & Esports UCITS ETF Acc USD,H3R0,5.0,equity,USD,Ireland,False,Accumulating,0.5,45.0,Solactive Video Games & Esports,H3R0.BE,EUR 4 m,15.17%,-15.40%,+20.02%,-19.28%
IE00BLR6QB00,Global X Telemedicine & Digital Health UCITS ETF Acc USD,DDOC,5.0,equity,USD,Ireland,False,Accumulating,0.68,39.0,Solactive Telemedicine & Digital Health,DDOC.BE,EUR 4 m,18.58%,-3.17%,-15.22%,-42.03%
IE00BLRB0242,Invesco Global Clean Energy UCITS ETF Acc,G1CE,62.0,equity,USD,Ireland,False,Accumulating,0.6,110.0,WilderHill New Energy Global Innovation,G1CE.BE,EUR 192 m,20.06%,+86.32%,+19.64%,-15.77%
IE00BLRPN388,Fidelity Emerging Markets Equity Research Enhanced UCITS ETF ACC-USD,FYER,2838.0,equity,USD,Ireland,False,Accumulating,0.3,416.0,Fidelity Emerging Markets Equity Research Enhanced,FYER.DE,"EUR 2,838 m",17.20%,+48.76%,+72.51%,+42.33%
IE00BLRPQH31,Rize Sustainable Future of Food UCITS ETF,RIZF,73.0,equity,USD,Ireland,False,Accumulating,0.45,52.0,Foxberry Tematica Research Sustainable Future of Food,RIZF.BE,EUR 54 m,13.82%,-6.59%,-15.32%,-36.82%
IE00BLRPRJ20,WisdomTree NASDAQ 100 3x Daily Short,3QSS,86.0,equity,USD,Ireland,False,Accumulating,0.8,,Nasdaq 100® Short Leverage (-3x),,EUR 70 m,48.78%,-67.89%,-92.86%,-96.66%
IE00BLRPRL42,WisdomTree NASDAQ 100 3x Daily Leveraged,3QQQ,478.0,equity,USD,Ireland,False,Accumulating,0.75,,Nasdaq 100® Leverage (3x),,EUR 596 m,45.69%,+127.24%,+330.16%,+245.89%
IE00BLRPRR04,Rize Environmental Impact 100 UCITS ETF,WRLD,110.0,equity,USD,Ireland,False,Accumulating,0.55,99.0,Foxberry SMS Environmental Impact 100,,EUR 101 m,12.77%,+25.44%,+36.19%,-
IE00BLS09N40,WisdomTree EURO STOXX Banks 3x Daily Leveraged,0LJI,166.0,equity,EUR,Ireland,False,Accumulating,0.89,,EURO STOXX® Banks Leverage (3x),,EUR 156 m,70.05%,+118.15%,"+1,273.95%","+1,008.47%"
IE00BLSN7P11,UBS S&P 500 ESG Elite UCITS ETF USD acc,AW1C,173.0,equity,USD,Ireland,False,Accumulating,0.15,124.0,S&P 500® ESG Elite,AW1C.DE,EUR 418 m,12.74%,+36.53%,+76.92%,+105.32%
IE00BLSN7W87,UBS S&P 500 ESG Elite UCITS ETF hEUR acc,AW1B,93.0,equity,EUR,Ireland,True,Accumulating,0.18,124.0,S&P 500® ESG Elite (EUR Hedged),AW1B.DE,EUR 219 m,13.62%,+37.00%,+81.14%,+75.84%
IE00BM67HJ62,Xtrackers MSCI Emerging Markets ex China UCITS ETF 1C,XDEX,67.0,equity,GBP,Ireland,False,Accumulating,0.16,622.0,MSCI Emerging Markets ex China,,EUR 136 m,19.32%,+66.74%,+85.75%,+85.75%
IE00BM67HK77,Xtrackers MSCI World Health Care UCITS ETF 1C,XDWH,3064.0,equity,USD,Ireland,False,Accumulating,0.25,118.0,MSCI World Health Care,XDWH.BE,"EUR 2,893 m",12.91%,+8.61%,+8.85%,+28.56%
IE00BM67HL84,Xtrackers MSCI World Financials UCITS ETF 1C,XDWF,2472.0,equity,USD,Ireland,False,Accumulating,0.25,236.0,MSCI World Financials,XDWF.BE,EUR 747 m,11.39%,+11.18%,+77.45%,+82.43%
IE00BM67HM91,Xtrackers MSCI World Energy UCITS ETF 1C,XDW0,1012.0,equity,USD,Ireland,False,Accumulating,0.25,50.0,MSCI World Energy,XDW0.BE,"EUR 1,682 m",18.99%,+37.99%,+48.60%,+151.71%
IE00BM67HN09,Xtrackers MSCI World Consumer Staples UCITS ETF 1C,XDWS,722.0,equity,USD,Ireland,False,Accumulating,0.25,92.0,MSCI World Consumer Staples,XDWS.BE,EUR 806 m,11.83%,-0.24%,+10.54%,+29.16%
IE00BM67HP23,Xtrackers MSCI World Consumer Discretionary UCITS ETF 1C,XDWC,207.0,equity,USD,Ireland,False,Accumulating,0.25,126.0,MSCI World Consumer Discretionary,XDWC.BE,EUR 291 m,15.59%,+7.67%,+39.69%,+35.89%
IE00BM67HQ30,Xtrackers MSCI World Utilities UCITS ETF 1C,XDWU,535.0,equity,USD,Ireland,False,Accumulating,0.25,74.0,MSCI World Utilities,XDWU.BE,EUR 769 m,12.17%,+14.11%,+43.22%,+61.58%
IE00BM67HR47,Xtrackers MSCI World Communication Services UCITS ETF 1C,XWTS,407.0,equity,USD,Ireland,False,Accumulating,0.25,65.0,MSCI World Communication Services 20/35 Custom,XWTS.BE,EUR 481 m,13.89%,+24.61%,+95.16%,+78.14%
IE00BM67HS53,Xtrackers MSCI World Materials UCITS ETF 1C,XDWM,545.0,equity,USD,Ireland,False,Accumulating,0.25,88.0,MSCI World Materials,XDWM.BE,EUR 657 m,15.02%,+30.25%,+44.66%,+47.12%
IE00BM67HT60,Xtrackers MSCI World Information Technology UCITS ETF 1C,XDWT,4788.0,equity,USD,Ireland,False,Accumulating,0.25,144.0,MSCI World Information Technology 20/35 Custom,XDWT.BE,"EUR 5,409 m",18.46%,+47.89%,+116.34%,+173.47%
IE00BM67HV82,Xtrackers MSCI World Industrials UCITS ETF 1C,XDWI,587.0,equity,USD,Ireland,False,Accumulating,0.25,257.0,MSCI World Industrials,XDWI.BE,EUR 862 m,12.93%,+18.94%,+67.52%,+79.42%
IE00BM67HW99,Xtrackers S&P 500 UCITS ETF 1C - EUR Hedged,XDPE,489.0,equity,EUR,Ireland,True,Accumulating,0.2,502.0,S&P 500® (EUR Hedged),XDPE.BE,EUR 437 m,12.31%,+25.30%,+73.46%,+68.68%
IE00BM67HX07,Xtrackers S&P 500 UCITS ETF 2C - GBP Hedged,XDPG,540.0,equity,GBP,Ireland,True,Accumulating,0.09,502.0,S&P 500® (GBP Hedged),,EUR 639 m,13.48%,+24.42%,+84.04%,+79.19%
IE00BM8QRZ79,Invesco Solar Energy UCITS ETF Acc,S0LR,126.0,equity,USD,Ireland,False,Accumulating,0.69,29.0,MAC Global Solar Energy,,EUR 230 m,31.56%,+122.34%,-3.90%,-
IE00BM8QS095,Invesco MSCI China Technology All Shares Stock Connect UCITS ETF Acc,ICNT,131.0,equity,USD,Ireland,False,Accumulating,0.49,100.0,MSCI China Technology All Shares Stock Connect Select,,EUR 146 m,20.34%,+13.49%,+34.73%,-
IE00BM8R0H36,Global X Nasdaq 100 Covered Call UCITS ETF USD Accumulating,QYLU,93.0,equity,USD,Ireland,False,Accumulating,0.45,,Cboe Nasdaq-100 BuyWrite,,EUR 80 m,9.27%,+18.26%,+33.27%,-
IE00BM8R0N95,Global X Genomics & Biotechnology UCITS ETF,GN0M,17.0,equity,USD,Ireland,False,Accumulating,0.5,50.0,Solactive Genomics,,EUR 22 m,36.21%,+54.71%,-7.02%,-
IE00BM9TSP27,WisdomTree Emerging Markets ex-State-Owned Enterprises UCITS ETF,XSOE,14.0,equity,USD,Ireland,False,Accumulating,0.32,542.0,WisdomTree Emerging Markets ex-State-Owned Enterprises ESG Screened,,EUR 20 m,16.86%,+44.72%,+68.17%,-
IE00BMC38736,VanEck Semiconductor UCITS ETF,VVSM,3810.0,equity,USD,Ireland,False,Accumulating,0.35,25.0,MVIS US Listed Semiconductor 10% Capped ESG,VVSM.BE,"EUR 6,990 m",31.31%,+160.49%,+266.38%,+387.76%
IE00BMD8KP97,Invesco Nasdaq Next Generation 100 UCITS ETF Acc,EQQJ,35.0,equity,USD,Ireland,False,Accumulating,0.25,106.0,Nasdaq Next Generation 100,EQQJ.DE,EUR 40 m,17.17%,+41.62%,+68.36%,+46.77%
IE00BMDBMG37,iShares MSCI Europe SRI UCITS ETF USD (Acc),AYE9,23.0,equity,USD,Ireland,False,Accumulating,0.2,120.0,MSCI Europe SRI Select Reduced Fossil Fuels,,EUR 20 m,13.01%,+4.97%,+22.16%,+31.51%
IE00BMDBMK72,iShares MSCI Pacific ex-Japan ESG Enhanced CTB UCITS ETF USD (Acc),APJX,79.0,equity,USD,Ireland,False,Accumulating,0.2,88.0,MSCI Pacific ex Japan ESG Enhanced Focus CTB,,EUR 102 m,12.52%,+10.57%,+26.97%,-
IE00BMDBMT65,Invesco MSCI Pacific Ex Japan Universal Screened UCITS ETF Acc,ESGP,61.0,equity,USD,Ireland,False,Accumulating,0.19,87.0,MSCI Pacific ex Japan Universal Select Business Screens,ESGP.BE,EUR 67 m,11.60%,+12.77%,+32.49%,+32.11%
IE00BMDBMV87,Invesco MSCI Japan Universal Screened UCITS ETF Acc,ESGJ,8.0,equity,USD,Ireland,False,Accumulating,0.15,172.0,MSCI Japan Universal Select Business Screens,ESGJ.BE,EUR 11 m,19.67%,+26.50%,+57.39%,+60.58%
IE00BMDBMW94,Invesco MSCI Europe Ex UK Universal Screened UCITS ETF Acc,ESGX,10.0,equity,EUR,Ireland,False,Accumulating,0.16,255.0,MSCI Europe ex UK Universal Select Business Screens,ESGX.DE,EUR 13 m,13.17%,+17.38%,+46.22%,+56.38%
IE00BMDBMY19,Invesco MSCI Emerging Markets Universal Screened UCITS ETF Acc,ESGM,75.0,equity,USD,Ireland,False,Accumulating,0.19,449.0,MSCI Emerging Markets Universal Select Business Screens,,EUR 63 m,17.25%,+50.49%,+76.91%,-
IE00BMDH1538,VanEck Hydrogen Economy UCITS ETF,HDR0,83.0,equity,USD,Ireland,False,Accumulating,0.55,20.0,MVIS Global Hydrogen Economy ESG,HDR0.DE,EUR 175 m,33.42%,+143.93%,+21.40%,-35.75%
IE00BMDKNW35,VanEck Crypto and Blockchain Innovators UCITS ETF,DAVV,563.0,equity,USD,Ireland,False,Accumulating,0.65,23.0,MVIS Global Digital Assets Equity,,EUR 629 m,57.58%,+64.61%,+282.87%,+0.00%
IE00BMDPBY65,Franklin STOXX Europe 600 Paris Aligned Climate UCITS ETF,FLXP,36.0,equity,EUR,Ireland,False,Accumulating,0.15,306.0,STOXX® Europe 600 Paris-Aligned,FLXP.DE,EUR 33 m,12.92%,+6.67%,+24.01%,+35.53%
IE00BMDPBZ72,Franklin S&P 500 Paris Aligned Climate UCITS ETF,FLX5,408.0,equity,USD,Ireland,False,Accumulating,0.07,270.0,S&P 500 Net Zero 2050 Paris-Aligned ESG,FLX5.DE,EUR 388 m,11.68%,+20.51%,+67.08%,+94.94%
IE00BMDV7354,JPMorgan AC Asia Pacific ex Japan Research Enhanced Index Equity (ESG) UCITS ETF USD (acc),JREA,125.0,equity,USD,Ireland,False,Accumulating,0.36,339.0,JP Morgan AC Asia Pacific ex Japan Research Enhanced Index Equity (ESG),,EUR 177 m,17.32%,+48.67%,+73.68%,-
IE00BMDV7578,JPMorgan China A Research Enhanced Index Equity (ESG) UCITS ETF USD (acc),JREC,17.0,equity,USD,Ireland,False,Accumulating,0.4,278.0,JP Morgan China A Research Enhanced Index Equity (ESG),,EUR 15 m,14.37%,+36.44%,+29.75%,-
IE00BMDWYZ92,JPMorgan Carbon Transition Global Equity (CTB) UCITS ETF USD (acc),JPCT,421.0,equity,USD,Ireland,False,Accumulating,0.19,359.0,Solactive JP Morgan Asset Management Carbon Transition Global Equity,JPCT.DE,EUR 289 m,10.38%,+18.76%,+55.11%,+73.47%
IE00BMFKG444,Xtrackers Nasdaq 100 UCITS ETF 1C,XNAS,1620.0,equity,USD,Ireland,False,Accumulating,0.2,101.0,Nasdaq 100®,XNAS.DE,"EUR 2,044 m",15.40%,+37.70%,+96.51%,+135.83%
IE00BMFNW783,US Global Investors Travel UCITS ETF Accumulating,7RIP,17.0,equity,USD,Ireland,False,Accumulating,0.69,50.0,US Global Investors Travel,,EUR 16 m,20.18%,+13.81%,+55.83%,-
IE00BMG6Z448,iShares MSCI EM ex-China UCITS ETF USD (Acc),84X0,3701.0,equity,USD,Ireland,False,Accumulating,0.18,637.0,MSCI Emerging Markets ex China,,"EUR 5,035 m",23.54%,+67.07%,+97.12%,+94.33%
IE00BMH5VP31,iShares Edge MSCI World Minimum Volatility Advanced UCITS ETF EUR Hedged (Acc),3I40,78.0,equity,EUR,Ireland,True,Accumulating,0.35,242.0,MSCI World Minimum Volatility Advanced Select (EUR Hedged),,EUR 52 m,8.31%,+1.17%,+27.83%,+28.79%
IE00BMH5XY61,Global X E-commerce UCITS ETF USD Accumulating,E61Z,3.0,equity,USD,Ireland,False,Accumulating,0.5,40.0,Solactive E-commerce,,EUR 3 m,17.84%,-8.58%,+54.37%,-
IE00BMH5Y327,Global X Data Center REITs & Digital Infrastructure UCITS ETF USD Accumulating,V9N,107.0,equity,USD,Ireland,False,Accumulating,0.5,24.0,Solactive Data Center REITs & Digital Infrastructure,,EUR 350 m,18.66%,+77.26%,+129.00%,-
IE00BMH5Y871,Global X Cybersecurity UCITS ETF USD Accumulating,BUG,34.0,equity,USD,Ireland,False,Accumulating,0.5,28.0,Indxx Cybersecurity,,EUR 47 m,28.74%,-1.18%,+35.32%,-
IE00BMH5YF48,Global X Cloud Computing UCITS ETF,CL0U,4.0,equity,USD,Ireland,False,Accumulating,0.55,37.0,Indxx Global Cloud Computing,,EUR 7 m,27.10%,+2.01%,+22.00%,-
IE00BMH5YL08,Global X CleanTech UCITS ETF USD Accumulating,CT3C,6.0,equity,USD,Ireland,False,Accumulating,0.5,34.0,Indxx Global CleanTech,,EUR 9 m,31.63%,+128.67%,+9.68%,-
IE00BMH5YR69,Global X Autonomous & Electric Vehicles UCITS ETF USD Accumulating,DR7E,7.0,equity,USD,Ireland,False,Accumulating,0.5,75.0,Solactive Autonomous & Electric Vehicles,,EUR 10 m,20.42%,+81.97%,+68.88%,-
IE00BMTX1Y45,iShares S&P 500 Swap UCITS ETF USD (Acc),I500,10295.0,equity,USD,Ireland,False,Accumulating,0.05,,S&P 500®,I500.DE,"EUR 10,976 m",11.37%,+25.40%,+71.29%,+101.11%
IE00BMTX2B82,iShares AEX UCITS ETF EUR (Acc),AYE7,57.0,equity,EUR,Ireland,False,Accumulating,0.3,30.0,AEX®,,EUR 66 m,13.04%,+14.19%,+44.77%,+63.46%
IE00BMVB5K07,Vanguard LifeStrategy 20% Equity UCITS ETF Accumulating,V20A,89.0,equity,EUR,Ireland,False,Accumulating,0.25,14545.0,Vanguard LifeStrategy 20% Equity,V20A.AS,EUR 98 m,3.57%,+6.53%,+17.82%,+4.56%
IE00BMVB5M21,Vanguard LifeStrategy 40% Equity UCITS ETF Accumulating,V40A,196.0,equity,EUR,Ireland,False,Accumulating,0.25,14545.0,Vanguard LifeStrategy 40% Equity,V40A.AS,EUR 223 m,4.63%,+11.35%,+28.73%,+20.43%
IE00BMVB5P51,Vanguard LifeStrategy 60% Equity UCITS ETF Accumulating,V60A,695.0,equity,EUR,Ireland,False,Accumulating,0.25,14555.0,Vanguard LifeStrategy 60% Equity,V60A.AS,EUR 832 m,6.12%,+16.05%,+40.08%,+37.92%
IE00BMVB5R75,Vanguard LifeStrategy 80% Equity UCITS ETF (EUR) Accumulating,V80A,904.0,equity,EUR,Ireland,False,Accumulating,0.25,14571.0,Vanguard LifeStrategy 80% Equity,V80A.AS,"EUR 1,099 m",7.78%,+21.40%,+52.67%,+58.08%
IE00BMW13836,KraneShares CSI China Internet UCITS ETF GBP,KWBP,58.0,equity,GBP,Ireland,False,Accumulating,0.75,32.0,CSI Overseas China Internet,,EUR 48 m,22.06%,-19.36%,+5.53%,-50.96%
IE00BMW3QX54,L&G ROBO Global Robotics and Automation UCITS ETF,IROB,751.0,equity,USD,Ireland,False,Accumulating,0.8,77.0,ROBO-STOX® Global Robotics and Automation,IROB.BE,"EUR 1,419 m",18.79%,+50.02%,+49.00%,+45.65%
IE00BMW42074,iShares MSCI Europe Consumer Staples Sector UCITS ETF EUR (Acc),ESIS,428.0,equity,EUR,Ireland,False,Accumulating,0.18,38.0,MSCI Europe Consumer Staples 20/35 Capped,ESIS.DE,EUR 450 m,12.89%,-1.87%,-1.20%,+7.43%
IE00BMW42181,iShares MSCI Europe Health Care Sector UCITS ETF EUR (Acc),ESIH,1497.0,equity,EUR,Ireland,False,Accumulating,0.18,39.0,MSCI Europe Health Care 20/35 Capped,ESIH.DE,EUR 824 m,15.98%,+9.15%,+8.98%,+34.61%
IE00BMW42298,iShares MSCI Europe Consumer Discretionary Sector UCITS ETF EUR (Acc),ESIC,156.0,equity,EUR,Ireland,False,Accumulating,0.18,40.0,MSCI Europe Consumer Discretionary 20/35 Capped,ESIC.DE,EUR 91 m,18.56%,-5.21%,-7.82%,-5.21%
IE00BMW42306,iShares MSCI Europe Financials Sector UCITS ETF EUR (Acc),ESIF,1986.0,equity,EUR,Ireland,False,Accumulating,0.18,87.0,MSCI Europe Financials 20/35 Capped,ESIF.DE,"EUR 1,451 m",17.08%,+24.67%,+118.09%,+146.94%
IE00BMW42413,iShares MSCI Europe Information Technology Sector UCITS ETF EUR (Acc),ESIT,365.0,equity,EUR,Ireland,False,Accumulating,0.18,17.0,MSCI Europe Information Technology 20/35 Capped,ESIT.DE,EUR 299 m,24.46%,+53.13%,+83.33%,+89.42%
IE00BMW42520,iShares MSCI Europe Industrials Sector UCITS ETF EUR (Acc),ESIN,1172.0,equity,EUR,Ireland,False,Accumulating,0.18,89.0,MSCI Europe Industrials 20/35 Capped,,"EUR 1,314 m",18.90%,+17.32%,+73.64%,+85.80%
IE00BMW42637,iShares MSCI Europe Energy Sector UCITS ETF EUR (Acc),ESIE,158.0,equity,EUR,Ireland,False,Accumulating,0.18,12.0,MSCI Europe Energy 20/35 Capped,ESIE.DE,EUR 247 m,21.58%,+50.71%,+55.47%,+144.13%
IE00BMWXKN31,HSBC Hang Seng TECH UCITS ETF HKD,H4ZX,1601.0,equity,HKD,Ireland,False,Accumulating,0.5,30.0,Hang Seng TECH,H4ZX.BE,"EUR 1,469 m",25.55%,-10.14%,+22.64%,-35.50%
IE00BMX0DF60,iShares US Medical Devices UCITS ETF USD (Acc),U5MD,140.0,equity,USD,Ireland,False,Accumulating,0.25,49.0,Dow Jones US Select Medical Equipment Capped 35/20,,EUR 129 m,16.47%,-24.20%,-12.67%,-8.01%
IE00BMXC7V63,iShares S&P 500 Paris-Aligned Climate UCITS ETF USD (Acc),UQAB,383.0,equity,USD,Ireland,False,Accumulating,0.07,297.0,S&P 500® Paris-Aligned Climate Sustainability Screened,,EUR 321 m,11.49%,+19.28%,+63.98%,+91.77%
IE00BMXC7W70,iShares MSCI World Paris-Aligned Climate UCITS ETF USD (Acc),WPAB,317.0,equity,USD,Ireland,False,Accumulating,0.2,453.0,MSCI World Climate Paris Aligned Benchmark Select,,EUR 408 m,10.79%,+18.77%,+56.80%,+70.24%
IE00BMY76136,Xtrackers MSCI World ESG UCITS ETF 2C EUR Hedged,XZWE,901.0,equity,EUR,Ireland,True,Accumulating,0.25,636.0,MSCI World Low Carbon SRI Selection (EUR Hedged),XZWE.DE,"EUR 1,058 m",11.85%,+20.80%,+65.54%,+64.67%
IE00BMYDM794,L&G Hydrogen Economy UCITS ETF USD Acc,HTMW,399.0,equity,USD,Ireland,False,Accumulating,0.49,33.0,Solactive Hydrogen Economy,HTMW.BE,EUR 532 m,26.29%,+114.21%,+85.90%,+15.78%
IE00BMYMHS24,HANetf Saturna Al-Kawthar Global Focused Equity UCITS ETF Acc,ASWE,15.0,equity,USD,Ireland,False,Accumulating,0.75,41.0,HANetf Saturna Al-Kawthar Global Focused Equity,ASWE.DE,EUR 16 m,11.73%,+22.60%,+51.68%,+40.00%
IE00BN4PXC48,UBS Climate Aware Global Developed Equity CTB UCITS ETF USD acc,AW11,15.0,equity,USD,Ireland,False,Accumulating,0.19,812.0,Solactive UBS Climate Aware Global Developed Equity CTB,AW11.DE,EUR 17 m,9.79%,+24.34%,+55.19%,+73.91%
IE00BN4Q0370,UBS MSCI World ex USA Climate Paris Aligned UCITS ETF USD acc,AW10,19.0,equity,USD,Ireland,False,Accumulating,0.12,423.0,MSCI World ex USA Climate Paris Aligned,AW10.DE,EUR 50 m,11.35%,+16.52%,+61.79%,+77.86%
IE00BN4Q0602,UBS MSCI USA Climate Paris Aligned UCITS ETF USD acc,AW16,100.0,equity,USD,Ireland,False,Accumulating,0.09,150.0,MSCI USA Climate Paris Aligned,AW16.DE,EUR 119 m,12.61%,+22.01%,+63.06%,+84.90%
IE00BN4Q0933,UBS MSCI Europe Climate Paris Aligned UCITS ETF EUR acc,AW13,6.0,equity,EUR,Ireland,False,Accumulating,0.15,241.0,MSCI Europe Climate Paris Aligned,AW13.DE,EUR 6 m,13.00%,+13.38%,+38.51%,+50.04%
IE00BN4Q0L55,UBS MSCI EMU Climate Paris Aligned UCITS ETF EUR acc,AW1Z,4.0,equity,EUR,Ireland,False,Accumulating,0.14,117.0,MSCI EMU Climate Paris Aligned,AW1Z.DE,EUR 5 m,14.50%,+11.51%,+37.67%,+45.55%
IE00BN4Q0P93,UBS MSCI ACWI Climate Paris Aligned UCITS ETF USD acc,AW14,33.0,equity,USD,Ireland,False,Accumulating,0.18,677.0,MSCI ACWI Climate Paris Aligned,,EUR 79 m,10.03%,+21.56%,+56.62%,-
IE00BN4Q0X77,UBS MSCI Japan Climate Paris Aligned UCITS ETF JPY acc,AW15,126.0,equity,JPY,Ireland,False,Accumulating,0.12,53.0,MSCI Japan Climate Paris Aligned,AW15.DE,EUR 145 m,18.71%,+18.94%,+26.99%,+18.85%
IE00BN4Q1675,UBS MSCI EM Climate Paris Aligned UCITS ETF USD acc,AW12,206.0,equity,USD,Ireland,False,Accumulating,0.16,340.0,MSCI Emerging Markets Climate Paris Aligned,,EUR 618 m,16.31%,+44.19%,+68.62%,-
IE00BNC0M350,UBS MSCI USA Universal UCITS ETF USD acc,AW1F,3.0,equity,USD,Ireland,False,Accumulating,0.07,482.0,MSCI USA Universal Low Carbon Select 5% Issuer Capped,,EUR 3 m,12.02%,+24.68%,+71.12%,-
IE00BNC0M913,UBS MSCI EMU Universal UCITS ETF EUR acc,AW1H,203.0,equity,EUR,Ireland,False,Accumulating,0.12,200.0,MSCI EMU Universal Low Carbon Select 5% Issuer Capped,,EUR 231 m,14.76%,+17.44%,+53.94%,-
IE00BNC0MD55,UBS MSCI Japan Universal UCITS ETF JPY acc,AW1I,97.0,equity,JPY,Ireland,False,Accumulating,0.15,166.0,MSCI Japan Universal Low Carbon Select 5% Issuer Capped,,EUR 63 m,18.86%,+26.24%,+56.42%,-
IE00BNC0MH93,UBS MSCI EM ex China Socially Responsible UCITS ETF USD acc,AW1J,5.0,equity,USD,Ireland,False,Accumulating,0.2,151.0,MSCI Emerging Markets ex China SRI Low Carbon Select 5% Issuer Capped,,EUR 11 m,19.35%,+80.15%,-,-
IE00BNC1F287,Guinness Sustainable Energy UCITS ETF Accumulating,ECLM,15.0,equity,USD,Ireland,False,Accumulating,0.65,38.0,Guinness Sustainable Energy,ECLM.BE,EUR 17 m,16.52%,+36.23%,+13.91%,-2.25%
IE00BNC1G699,Xtrackers MSCI EMU ESG UCITS ETF 1C,XZEZ,51.0,equity,EUR,Ireland,False,Accumulating,0.2,104.0,MSCI EMU Low Carbon SRI Selection,XZEZ.DE,EUR 35 m,13.96%,+5.03%,+36.10%,+41.63%
IE00BNG8L278,Vanguard ESG Global All Cap UCITS ETF (USD) Accumulating,V3AA,731.0,equity,USD,Ireland,False,Accumulating,0.24,5681.0,FTSE Global All Cap Choice,V3AA.AS,EUR 898 m,10.28%,+26.39%,+65.64%,+72.08%
IE00BNGFMX61,Fidelity Japan Equity Research Enhanced UCITS ETF ACC-JPY,FJPR,297.0,equity,JPY,Ireland,False,Accumulating,0.25,108.0,Fidelity Japan Equity Research Enhanced,FJPR.BE,EUR 297 m,17.88%,+25.09%,+51.21%,+59.26%
IE00BNGFMY78,Fidelity Pacific ex-Japan Equity Research Enhanced UCITS ETF ACC-USD,FEPX,395.0,equity,USD,Ireland,False,Accumulating,0.2,73.0,Fidelity Pacific ex-Japan Equity Research Enhanced,FEPX.BE,EUR 395 m,11.92%,+13.90%,+32.56%,+30.91%
IE00BNGJJT35,Invesco S&P 500 Equal Weight UCITS ETF Acc,SP2Q,794.0,equity,USD,Ireland,False,Accumulating,0.2,500.0,S&P 500® Equal Weight,SP2Q.DE,"EUR 1,011 m",11.63%,+16.71%,+42.56%,+55.07%
IE00BNKF6C99,Xtrackers Stoxx European Market Leaders UCITS ETF 1C,XZEC,7.0,equity,EUR,Ireland,False,Accumulating,0.25,40.0,STOXX Europe Total Market Leaders,,EUR 7 m,14.66%,+10.46%,+6.32%,-
IE00BNRQM384,Invesco Nasdaq-100 Swap UCITS ETF Acc,EQQX,1475.0,equity,USD,Ireland,False,Accumulating,0.2,,Nasdaq 100®,EQQX.BE,"EUR 1,983 m",15.49%,+37.86%,+97.93%,+137.19%
IE00BNTVVR89,HANetf Gold Miners Screened UCITS ETF (Acc),ZSG0,69.0,equity,USD,Ireland,False,Accumulating,0.6,34.0,VettaFi Gold Miners Screened,,EUR 56 m,39.77%,+71.14%,+153.72%,-
IE00BP2C0316,HSBC MSCI Europe Climate Paris Aligned UCITS ETF EUR Acc,HPAE,38.0,equity,EUR,Ireland,False,Accumulating,0.15,242.0,MSCI Europe Climate Paris Aligned,,EUR 40 m,12.94%,+13.29%,+38.38%,-
IE00BP2C1S34,HSBC MSCI USA Climate Paris Aligned UCITS ETF USD Acc,HPAU,28.0,equity,USD,Ireland,False,Accumulating,0.12,150.0,MSCI USA Climate Paris Aligned,,EUR 29 m,12.81%,+22.05%,+63.32%,-
IE00BP2C1V62,HSBC MSCI World Climate Paris Aligned UCITS ETF,HPAW,476.0,equity,USD,Ireland,False,Accumulating,0.18,461.0,MSCI World Climate Paris Aligned,,EUR 449 m,10.69%,+18.59%,+55.82%,-
IE00BP2NF958,JPMorgan Japan Research Enhanced Index Equity (ESG) UCITS ETF USD (acc),JREJ,350.0,equity,USD,Ireland,False,Accumulating,0.25,123.0,JP Morgan Japan Research Enhanced Index Equity (ESG),,EUR 423 m,19.24%,+25.14%,+55.67%,-
IE00BP3QZ601,iShares Edge MSCI World Quality Factor UCITS ETF (Acc),IS3Q,3815.0,equity,USD,Ireland,False,Accumulating,0.25,297.0,MSCI World Sector Neutral Quality,IS3Q.BE,"EUR 4,592 m",9.58%,+18.29%,+52.74%,+70.60%
IE00BP3QZ825,iShares Edge MSCI World Momentum Factor UCITS ETF (Acc),IS3R,3362.0,equity,USD,Ireland,False,Accumulating,0.25,350.0,MSCI World Momentum,IS3R.BE,"EUR 4,454 m",15.06%,+28.68%,+96.78%,+94.02%
IE00BP3QZB59,iShares Edge MSCI World Value Factor UCITS ETF,IS3S,4595.0,equity,USD,Ireland,False,Accumulating,0.25,400.0,MSCI World Enhanced Value,IS3S.BE,"EUR 6,390 m",11.91%,+60.85%,+104.51%,+123.35%
IE00BP3QZD73,iShares MSCI World Mid-Cap Equal Weight UCITS ETF USD (Acc),IS3T,358.0,equity,USD,Ireland,False,Accumulating,0.3,778.0,MSCI World Mid Cap Equal Weighted,IS3T.BE,EUR 394 m,9.25%,+14.90%,+40.80%,+37.25%
IE00BP3QZJ36,iShares MSCI France UCITS ETF,IS3U,210.0,equity,EUR,Ireland,False,Accumulating,0.25,55.0,MSCI France,IS3U.BE,EUR 218 m,13.74%,+8.45%,+22.63%,+43.63%
IE00BPRCH686,Invesco JPX-Nikkei 400 UCITS ETF,SMLN,137.0,equity,JPY,Ireland,False,Accumulating,0.19,,JPX-Nikkei 400,SMLN.DE,EUR 152 m,17.75%,+26.02%,+56.28%,+60.89%
IE00BQ70R696,Invesco Nasdaq Biotech UCITS ETF,NBTK,358.0,equity,USD,Ireland,False,Accumulating,0.4,,Nasdaq Biotechnology,NBTK.BE,EUR 341 m,19.26%,+38.68%,+35.95%,+32.87%
IE00BQN1K562,iShares Edge MSCI Europe Quality Factor UCITS ETF,CEMQ,652.0,equity,EUR,Ireland,False,Accumulating,0.25,126.0,MSCI Europe Sector Neutral Quality,CEMQ.BE,EUR 733 m,11.40%,+7.77%,+25.81%,+35.31%
IE00BQN1K786,iShares Edge MSCI Europe Momentum Factor UCITS ETF,CEMR,825.0,equity,EUR,Ireland,False,Accumulating,0.25,126.0,MSCI Europe Momentum,CEMR.BE,EUR 789 m,16.36%,+17.87%,+70.54%,+72.62%
IE00BQN1K901,iShares Edge MSCI Europe Value Factor UCITS ETF,CEMS,2247.0,equity,EUR,Ireland,False,Accumulating,0.25,151.0,MSCI Europe Enhanced Value,CEMS.BE,"EUR 2,641 m",13.21%,+33.00%,+79.76%,+99.70%
IE00BQN1KC32,iShares Edge MSCI Europe Size Factor UCITS ETF,CEMT,31.0,equity,EUR,Ireland,False,Accumulating,0.25,224.0,MSCI Europe Mid Cap Equal Weighted,CEMT.DE,EUR 33 m,11.07%,+14.34%,+44.84%,+35.78%
IE00BQQP9F84,VanEck Gold Miners UCITS ETF,G2X,3852.0,equity,USD,Ireland,False,Accumulating,0.53,44.0,MarketVector Global Gold Miners,G2X.BE,"EUR 3,076 m",38.67%,+73.53%,+178.61%,+152.56%
IE00BQQP9G91,VanEck Junior Gold Miners UCITS,G2XJ,1415.0,equity,USD,Ireland,False,Accumulating,0.55,86.0,MVIS Global Junior Gold Miners,G2XJ.BE,"EUR 1,048 m",39.91%,+82.32%,+216.28%,+145.27%
IE00BQQP9H09,VanEck Morningstar US ESG Wide Moat UCITS ETF A,GMVM,321.0,equity,USD,Ireland,False,Accumulating,0.49,62.0,Morningstar US Sustainability Moat Focus,GMVM.BE,EUR 303 m,13.93%,+5.47%,+17.67%,+22.53%
IE00BQT3WG13,iShares MSCI China A UCITS ETF,36BZ,2085.0,equity,USD,Ireland,False,Accumulating,0.4,385.0,MSCI China A Inclusion,,"EUR 2,659 m",14.68%,+32.11%,+26.82%,-1.28%
IE00BQXKVQ19,Xtrackers MSCI GCC Select Swap UCITS ETF 1C,XGLF,22.0,equity,USD,Ireland,False,Accumulating,0.65,,MSCI GCC Countries ex Select Securities,XGLF.BE,EUR 23 m,11.15%,+4.17%,+9.89%,+34.78%
IE00BRB36B93,Xtrackers MSCI Japan Screened UCITS ETF 3C - EUR Hedged,XDNE,65.0,equity,EUR,Ireland,True,Accumulating,0.25,163.0,MSCI Japan Select Screened (EUR Hedged),XDNE.BE,EUR 73 m,19.70%,+42.88%,+101.17%,+128.29%
IE00BRKWGL70,Invesco S&P 500 EUR Hedged UCITS ETF,E500,2757.0,equity,EUR,Ireland,True,Accumulating,0.05,,S&P 500® (EUR Hedged),E500.BE,"EUR 2,698 m",12.32%,+25.39%,+74.48%,+70.30%
IE00BSPLC298,SPDR MSCI Europe Small Cap Value Weighted UCITS ETF,ZPRX,519.0,equity,EUR,Ireland,False,Accumulating,0.3,801.0,MSCI Europe Small Cap Value Weighted,ZPRX.BE,EUR 661 m,12.97%,+19.39%,+56.67%,+49.50%
IE00BSPLC306,SPDR MSCI Europe Value UCITS ETF,ZPRW,66.0,equity,EUR,Ireland,False,Accumulating,0.2,125.0,MSCI Europe Value Exposure Select,ZPRW.DE,EUR 68 m,12.95%,+32.14%,+76.85%,+96.94%
IE00BSPLC413,SPDR MSCI USA Small Cap Value Weighted UCITS ETF,ZPRV,756.0,equity,USD,Ireland,False,Accumulating,0.3,1662.0,MSCI USA Small Cap Value Weighted,ZPRV.BE,EUR 847 m,16.53%,+31.80%,+60.02%,+64.73%
IE00BSPLC520,SPDR MSCI USA Value Weighted UCITS ETF,ZPRU,156.0,equity,USD,Ireland,False,Accumulating,0.2,125.0,MSCI USA Value Weighted,ZPRU.BE,EUR 190 m,14.87%,+59.17%,+86.88%,+87.62%
IE00BT9PVG14,First Trust Dow Jones International Internet UCITS ETF Acc,FDIU,8.0,equity,USD,Ireland,False,Accumulating,0.65,40.0,Dow Jones International Internet,,EUR 7 m,18.67%,-17.09%,+18.71%,-32.80%
IE00BTGD1B38,Xtrackers MSCI Japan Screened UCITS ETF 4C - USD Hedged,XDNU,5.0,equity,USD,Ireland,True,Accumulating,0.25,163.0,MSCI Japan Select Screened (USD Hedged),,EUR 5 m,19.43%,+41.83%,+95.57%,+164.21%
IE00BTJRMP35,Xtrackers MSCI Emerging Markets UCITS ETF 1C,XMME,9222.0,equity,USD,Ireland,False,Accumulating,0.18,1209.0,MSCI Emerging Markets,XMME.BE,"EUR 11,595 m",16.69%,+47.92%,+77.38%,+50.91%
IE00BVGC6645,Invesco JPX-Nikkei 400 EUR Hedged UCITS ETF,NS4E,10.0,equity,EUR,Ireland,True,Accumulating,0.19,,JPX-Nikkei 400 (EUR Hedged),NS4E.BE,EUR 12 m,18.73%,+44.25%,+107.78%,+140.93%
IE00BVGC6751,Invesco JPX-Nikkei 400 USD Hedged UCITS ETF,N4US,8.0,equity,USD,Ireland,True,Accumulating,0.19,,JPX-Nikkei 400 (USD Hedged),,EUR 11 m,18.67%,+43.26%,+101.82%,+176.72%
IE00BWBXM278,SPDR S&P U.S. Consumer Discretionary Select Sector UCITS ETF USD,ZPDD,109.0,equity,USD,Ireland,False,Accumulating,0.15,49.0,S&P Consumer Discretionary Select Sector Daily Capped 35/20,ZPDD.BE,EUR 114 m,18.29%,+13.15%,+58.80%,+66.16%
IE00BWBXM385,SPDR S&P U.S. Consumer Staples Select Sector UCITS ETF USD,ZPDS,225.0,equity,USD,Ireland,False,Accumulating,0.15,37.0,S&P Consumer Staples Select Sector Daily Capped 35/20,ZPDS.BE,EUR 230 m,13.88%,-0.03%,+13.53%,+39.15%
IE00BWBXM492,SPDR S&P U.S. Energy Select Sector UCITS ETF USD,ZPDE,582.0,equity,USD,Ireland,False,Accumulating,0.15,22.0,S&P Energy Select Sector Daily Capped 35/20,ZPDE.BE,EUR 847 m,22.12%,+35.62%,+42.51%,+163.33%
IE00BWBXM500,SPDR S&P U.S. Financials Select Sector UCITS ETF USD,ZPDF,710.0,equity,USD,Ireland,False,Accumulating,0.15,75.0,S&P Financials Select Sector Daily Capped 35/20,ZPDF.BE,EUR 539 m,14.35%,-0.53%,+53.83%,+52.05%
IE00BWBXM617,SPDR S&P U.S. Health Care Select Sector UCITS ETF USD,ZPDH,472.0,equity,USD,Ireland,False,Accumulating,0.15,60.0,S&P Health Care Select Sector Daily Capped 35/20,ZPDH.BE,EUR 416 m,14.55%,+10.54%,+11.85%,+34.16%
IE00BWBXM724,SPDR S&P U.S. Industrials Select Sector UCITS ETF USD,ZPDI,398.0,equity,USD,Ireland,False,Accumulating,0.15,79.0,S&P Industrial Select Sector Daily Capped 35/20,ZPDI.BE,EUR 751 m,15.13%,+18.87%,+67.93%,+82.81%
IE00BWBXM831,SPDR S&P U.S. Materials Select Sector UCITS ETF USD,ZPDM,29.0,equity,USD,Ireland,False,Accumulating,0.15,26.0,S&P Materials Select Sector Daily Capped 35/20,ZPDM.BE,EUR 175 m,15.55%,+15.84%,+29.10%,+32.47%
IE00BWBXM948,SPDR S&P U.S. Technology Select Sector UCITS ETF USD,ZPDT,1171.0,equity,USD,Ireland,False,Accumulating,0.15,70.0,S&P Technology Select Sector Daily Capped 35/20,ZPDT.BE,"EUR 1,635 m",19.20%,+50.16%,+103.36%,+175.07%
IE00BWBXMB69,SPDR S&P U.S. Utilities Select Sector UCITS ETF USD,ZPDU,161.0,equity,USD,Ireland,False,Accumulating,0.15,31.0,S&P Utilities Select Sector Daily Capped 35/20,ZPDU.BE,EUR 188 m,15.09%,+8.36%,+36.26%,+60.81%
IE00BWK1SP74,iShares MSCI EMU CHF Hedged UCITS ETF (Acc),SXR9,155.0,equity,CHF,Ireland,True,Accumulating,0.38,225.0,MSCI EMU (CHF Hedged),,EUR 179 m,14.17%,+16.90%,+51.46%,+81.61%
IE00BWT3KJ20,UBS Factor MSCI USA Low Volatility UCITS ETF hEUR acc,UBUV,5.0,equity,EUR,Ireland,True,Accumulating,0.21,154.0,MSCI USA Select Dynamic 50% Risk Weighted (EUR Hedged),UBUV.AS,EUR 4 m,10.78%,-1.99%,+22.85%,+19.68%
IE00BWT3KL42,UBS Factor MSCI USA Prime Value Screened UCITS ETF hEUR acc,UBUW,16.0,equity,EUR,Ireland,True,Accumulating,0.28,126.0,MSCI USA Prime Value ESG Low Carbon Select (EUR Hedged),UBUW.AS,EUR 17 m,13.02%,+14.78%,+36.61%,+29.13%
IE00BWT3KN65,UBS Factor MSCI USA Quality Screened UCITS ETF hEUR acc,UBUX,76.0,equity,EUR,Ireland,True,Accumulating,0.28,101.0,MSCI USA Quality ESG Low Carbon Select (EUR Hedged),UBUX.AS,EUR 48 m,14.10%,+26.10%,+69.36%,+68.77%
IE00BWT3KS11,UBS MSCI Australia UCITS ETF hEUR acc,BCF0,32.0,equity,EUR,Ireland,True,Accumulating,0.43,46.0,MSCI Australia (EUR Hedged),,EUR 35 m,11.58%,+3.92%,+30.08%,+41.48%
IE00BWTNM743,First Trust Indxx NextG UCITS ETF Acc,FTG5,7.0,equity,USD,Ireland,False,Accumulating,0.7,100.0,Indxx 5G & NextG Thematic,FTG5.BE,EUR 8 m,13.57%,+69.33%,+118.11%,+140.80%
IE00BWZN1T31,iShares MSCI EMU USD Hedged UCITS ETF (Acc),CEBP,220.0,equity,USD,Ireland,True,Accumulating,0.38,225.0,MSCI EMU (USD Hedged),CEBP.DE,EUR 247 m,13.32%,+15.97%,+49.82%,+88.77%
IE00BX7RS555,UBS MSCI Australia UCITS ETF hUSD acc,AUHUSA,34.0,equity,USD,Ireland,True,Accumulating,0.43,46.0,MSCI Australia (USD Hedged),,EUR 38 m,12.19%,+3.76%,+27.83%,+64.61%
IE00BX7RS779,UBS MSCI Australia UCITS ETF hCHF acc,AUHCHA,37.0,equity,CHF,Ireland,True,Accumulating,0.43,46.0,MSCI Australia (CHF Hedged),,EUR 39 m,11.98%,+3.87%,+27.57%,+55.13%
IE00BXDZNQ90,UBS MSCI Australia UCITS ETF hGBP acc,AUGA,4.0,equity,GBP,Ireland,True,Accumulating,0.43,46.0,MSCI Australia (GBP Hedged),,EUR 4 m,15.17%,+3.01%,+35.98%,+48.83%
IE00BYM11H29,UBS MSCI ACWI SF UCITS ETF USD acc,ACWIA,1781.0,equity,USD,Ireland,False,Accumulating,0.21,,MSCI All Country World (ACWI),ACWIA.MI,"EUR 3,911 m",9.61%,+25.91%,+66.15%,+79.56%
IE00BYM11J43,UBS MSCI ACWI SF UCITS ETF hUSD acc,ACWIU,1940.0,equity,USD,Ireland,True,Accumulating,0.21,,MSCI ACWI (USD Hedged),,"EUR 2,065 m",9.64%,+26.55%,+67.25%,+90.17%
IE00BYM11K57,UBS MSCI ACWI SF UCITS ETF hEUR acc,ACWIE,1605.0,equity,EUR,Ireland,True,Accumulating,0.21,,MSCI ACWI (EUR Hedged),ACWIE.MI,"EUR 1,706 m",10.29%,+26.65%,+70.22%,+65.57%
IE00BYM11L64,UBS MSCI ACWI SF UCITS ETF hCHF acc,ACWIS,1613.0,equity,CHF,Ireland,True,Accumulating,0.21,,MSCI ACWI (CHF Hedged),,"EUR 1,833 m",10.80%,+26.52%,+67.48%,+79.31%
IE00BYMB4Q22,WisdomTree FTSE MIB Banks,ITBL,33.0,equity,EUR,Ireland,False,Accumulating,0.35,,FTSE MIB Banks 15% Capped,ITBL.MI,EUR 39 m,23.81%,+41.45%,+274.85%,+402.34%
IE00BYMS5W68,Invesco KBW NASDAQ Fintech UCITS ETF Acc,KFTK,45.0,equity,USD,Ireland,False,Accumulating,0.49,,KBW Nasdaq Financial Technology,KFTK.BE,EUR 62 m,21.82%,-11.07%,+38.51%,+16.00%
IE00BYNQMK61,UBS MSCI United Kingdom IMI Socially Responsible UCITS ETF hEUR acc,UKSRE,113.0,equity,EUR,Ireland,True,Accumulating,0.26,135.0,MSCI UK IMI Extended SRI Low Carbon Select 5% Issuer Capped (EUR Hedged),UKSRE.SW,EUR 112 m,12.63%,+7.26%,+30.39%,+26.20%
IE00BYPLS672,L&G Cyber Security UCITS ETF,USPY,2210.0,equity,USD,Ireland,False,Accumulating,0.69,31.0,ISE Cyber Security UCITS,USPY.BE,"EUR 2,840 m",24.13%,+28.70%,+88.98%,+74.38%
IE00BYQ00Y50,UBS Core MSCI USA UCITS ETF hGBP acc,UB0A,56.0,equity,GBP,Ireland,True,Accumulating,0.09,543.0,MSCI USA (GBP Hedged),,EUR 35 m,13.44%,+24.18%,+84.88%,+76.18%
IE00BYQCZD50,WisdomTree Japan Equity UCITS ETF USD Hedged Acc,DXJA,76.0,equity,USD,Ireland,True,Accumulating,0.48,448.0,WisdomTree Japan Equity (USD Hedged),,EUR 91 m,42.96%,+47.69%,+122.27%,+232.71%
IE00BYQCZJ13,WisdomTree Japan Equity UCITS ETF EUR Hedged Acc,WTIF,95.0,equity,EUR,Ireland,True,Accumulating,0.45,448.0,WisdomTree Japan Equity (EUR Hedged),WTIF.DE,EUR 66 m,19.66%,+48.44%,+129.62%,+190.59%
IE00BYQCZL35,WisdomTree Japan Equity UCITS ETF CHF Hedged Acc,DXJD,15.0,equity,CHF,Ireland,True,Accumulating,0.45,448.0,WisdomTree Japan Equity (CHF Hedged),,EUR 24 m,20.35%,+51.30%,+129.68%,+226.26%
IE00BYQCZN58,WisdomTree Japan Equity UCITS ETF USD Acc,WTIZ,200.0,equity,USD,Ireland,False,Accumulating,0.4,448.0,WisdomTree Japan Equity,WTIZ.BE,EUR 360 m,19.11%,+29.69%,+73.41%,+94.95%
IE00BYQCZP72,WisdomTree Europe Equity UCITS ETF USD Hedged Acc,HEDK,35.0,equity,USD,Ireland,True,Accumulating,0.58,115.0,WisdomTree Europe Equity (USD Hedged),,EUR 47 m,13.79%,+12.60%,+37.62%,+76.76%
IE00BYQCZT11,WisdomTree Europe Equity UCITS ETF CHF Hedged Acc,HEDD,4.0,equity,CHF,Ireland,True,Accumulating,0.35,115.0,WisdomTree Europe Equity (CHF Hedged),,EUR 4 m,15.41%,+13.42%,+40.60%,+71.82%
IE00BYQCZX56,WisdomTree Europe Equity UCITS ETF EUR Acc,WTDF,11.0,equity,EUR,Ireland,False,Accumulating,0.32,115.0,WisdomTree Europe Equity,WTDF.BE,EUR 10 m,14.57%,+13.49%,+42.20%,+54.46%
IE00BYSX4283,Fidelity Europe Quality Income UCITS ETF ACC-Euro,FEUQ,28.0,equity,EUR,Ireland,False,Accumulating,0.3,89.0,Fidelity Europe Quality Income,FEUQ.DE,EUR 32 m,11.51%,+16.91%,+46.09%,+46.54%
IE00BYSX4408,Fidelity Europe Quality Income UCITS ETF ACC-GBP (hedged),FEQP,2.0,equity,GBP,Ireland,True,Accumulating,0.35,89.0,Fidelity Europe Quality Income (GBP Hedged),,EUR 2 m,12.31%,+15.06%,+50.44%,+52.19%
IE00BYSX4846,Fidelity Emerging Markets Quality Income UCITS ETF ACC-USD,FYEM,16.0,equity,USD,Ireland,False,Accumulating,0.5,132.0,Fidelity Emerging Markets Quality Income,FYEM.DE,EUR 41 m,15.73%,+56.10%,+96.38%,+64.76%
IE00BYTH6121,First Trust Global Equity Income UCITS ETF Acc,FTG4,6.0,equity,USD,Ireland,False,Accumulating,0.6,292.0,Nasdaq Global High Equity Income,FTG4.BE,EUR 85 m,8.50%,+26.63%,+69.16%,+74.46%
IE00BYTH6238,First Trust US IPO Index UCITS ETF Acc,FTG2,12.0,equity,USD,Ireland,False,Accumulating,0.65,99.0,IPOX Schuster US 100,FTG2.BE,EUR 12 m,22.54%,+38.61%,+118.63%,+67.30%
IE00BYTRR640,SPDR MSCI World Consumer Discretionary UCITS ETF,SS41,60.0,equity,USD,Ireland,False,Accumulating,0.3,126.0,MSCI World Consumer Discretionary,SS41.BE,EUR 66 m,15.29%,+7.75%,+40.16%,+35.91%
IE00BYTRR756,SPDR MSCI World Consumer Staples UCITS ETF,SS40,121.0,equity,USD,Ireland,False,Accumulating,0.3,94.0,MSCI World Consumer Staples,SS40.BE,EUR 151 m,11.86%,-0.24%,+10.55%,+28.89%
IE00BYTRR863,SPDR MSCI World Energy UCITS ETF,SS42,354.0,equity,USD,Ireland,False,Accumulating,0.3,50.0,MSCI World Energy,SS42.BE,EUR 507 m,19.21%,+38.01%,+48.48%,+151.02%
IE00BYTRR970,SPDR MSCI World Financials UCITS ETF,SS43,295.0,equity,USD,Ireland,False,Accumulating,0.3,236.0,MSCI World Financials,SS43.BE,EUR 253 m,12.38%,+11.23%,+77.74%,+82.13%
IE00BYTRRB94,SPDR MSCI World Health Care UCITS ETF,SPFS,542.0,equity,USD,Ireland,False,Accumulating,0.3,118.0,MSCI World Health Care,,EUR 464 m,12.93%,+8.60%,+8.94%,+28.10%
IE00BYTRRC02,SPDR MSCI World Industrials UCITS ETF,SS44,128.0,equity,USD,Ireland,False,Accumulating,0.3,257.0,MSCI World Industrials,SS44.BE,EUR 188 m,13.01%,+18.98%,+67.78%,+79.22%
IE00BYTRRD19,SPDR MSCI World Technology UCITS ETF,SPFT,886.0,equity,USD,Ireland,False,Accumulating,0.3,143.0,MSCI World Information Technology,,"EUR 1,062 m",18.44%,+47.66%,+116.81%,+173.07%
IE00BYTRRF33,SPDR MSCI World Materials UCITS ETF,SS48,102.0,equity,USD,Ireland,False,Accumulating,0.3,89.0,MSCI World Materials,SS48.BE,EUR 165 m,15.22%,+30.35%,+44.81%,+46.86%
IE00BYTRRG40,SPDR MSCI World Telecommunications UCITS ETF,SS45,97.0,equity,USD,Ireland,False,Accumulating,0.3,65.0,MSCI World Communication Services,SS45.BE,EUR 101 m,14.26%,+25.26%,+96.36%,+77.79%
IE00BYTRRH56,SPDR MSCI World Utilities UCITS ETF USD,SS46,53.0,equity,USD,Ireland,False,Accumulating,0.3,74.0,MSCI World Utilities,SS46.BE,EUR 75 m,30.67%,+14.08%,+43.41%,+61.25%
IE00BYTYHM11,WisdomTree Emerging Markets 3x Daily Short,3E3S,1.0,equity,USD,Ireland,False,Accumulating,0.99,,Emerging Equities Rolling Futures Short Leverage (-3x),,EUR 1 m,61.55%,-76.04%,-88.58%,-79.22%
IE00BYTYHN28,WisdomTree Emerging Markets 3x Daily Leveraged,3E3M,22.0,equity,USD,Ireland,False,Accumulating,0.99,,Emerging Equities Rolling Futures Leverage (3x),,EUR 30 m,56.53%,+170.60%,+214.10%,+1.15%
IE00BYV03C98,Fidelity US Quality Income UCITS ETF ACC-GBP (hedged),FUSP,6.0,equity,GBP,Ireland,True,Accumulating,0.3,111.0,Fidelity US Quality Income (GBP Hedged),,EUR 5 m,12.32%,+20.23%,+64.02%,+64.57%
IE00BYV1Y969,Fidelity US Quality Income UCITS ETF ACC-Euro (hedged),FUSU,53.0,equity,EUR,Ireland,True,Accumulating,0.3,111.0,Fidelity US Quality Income (EUR Hedged),FUSU.BE,EUR 82 m,11.22%,+21.20%,+56.65%,+55.83%
IE00BYVHJM24,UBS MSCI ACWI Universal UCITS ETF hJPY acc,AWESGJ,109.0,equity,JPY,Ireland,True,Accumulating,0.26,1840.0,MSCI ACWI Universal Low Carbon Select 5% Issuer Capped (JPY Hedged),,EUR 112 m,11.48%,+13.14%,+32.06%,+13.68%
IE00BYVJRP78,iShares MSCI EM SRI UCITS ETF,QDVS,3227.0,equity,USD,Ireland,False,Accumulating,0.25,217.0,MSCI Emerging Markets SRI Select Reduced Fossil Fuels,QDVS.BE,"EUR 3,150 m",15.36%,+37.09%,+54.29%,+33.33%
IE00BYVJRR92,iShares MSCI USA SRI UCITS ETF USD (Acc),QDVR,2523.0,equity,USD,Ireland,False,Accumulating,0.2,153.0,MSCI USA SRI Select Reduced Fossil Fuels,QDVR.BE,"EUR 2,702 m",12.73%,+19.42%,+50.00%,+75.08%
IE00BYVQ9F29,iShares Nasdaq 100 UCITS ETF EUR Hedged Acc,NQSE,1705.0,equity,EUR,Ireland,True,Accumulating,0.33,102.0,Nasdaq 100® (EUR Hedged),NQSE.BE,"EUR 2,195 m",15.84%,+37.97%,+100.45%,+100.68%
IE00BYVTMS52,Invesco Nasdaq-100 UCITS ETF EUR Hedged,EQEU,535.0,equity,EUR,Ireland,True,Accumulating,0.35,101.0,Nasdaq 100® (EUR Hedged),EQEU.BE,EUR 568 m,16.02%,+37.62%,+101.39%,+99.34%
IE00BYVTMT69,Invesco Nasdaq-100 UCITS ETF CHF Hedged,EQCH,660.0,equity,CHF,Ireland,True,Accumulating,0.35,101.0,Nasdaq 100® (CHF Hedged),,EUR 821 m,16.22%,+36.76%,+97.59%,+119.42%
IE00BYWQWR46,VanEck Video Gaming and eSports UCITS ETF,ESP0,703.0,equity,USD,Ireland,False,Accumulating,0.55,25.0,MarketVector Global Video Gaming and eSports ESG,ESP0.BE,EUR 528 m,14.39%,-13.26%,+59.78%,+42.79%
IE00BYX2JD69,iShares MSCI World SRI UCITS ETF EUR (Acc),2B7K,6303.0,equity,EUR,Ireland,False,Accumulating,0.2,357.0,MSCI World SRI Select Reduced Fossil Fuels,2B7K.BE,"EUR 6,613 m",12.23%,+16.23%,+44.63%,+62.64%
IE00BYX5K108,Invesco MSCI Europe ex-UK UCITS ETF,MXUK,57.0,equity,EUR,Ireland,False,Accumulating,0.2,,MSCI Europe ex UK,MXUK.DE,EUR 58 m,12.80%,+15.67%,+44.66%,+57.64%
IE00BYX8XC17,iShares MSCI Japan SRI UCITS ETF USD (Acc),SXR6,426.0,equity,USD,Ireland,False,Accumulating,0.2,38.0,MSCI Japan SRI Select Reduced Fossil Fuels,SXR6.BE,EUR 436 m,17.83%,+6.22%,+21.72%,+22.54%
IE00BYX8XD24,iShares Edge S&P 500 Minimum Volatility UCITS ETF EUR Hedged (Acc),IS31,57.0,equity,EUR,Ireland,True,Accumulating,0.25,122.0,S&P 500 Minimum Volatility (EUR Hedged),IS31.BE,EUR 30 m,9.92%,+8.79%,+39.69%,+36.16%
IE00BYXG2H39,iShares Nasdaq US Biotechnology UCITS ETF,2B70,752.0,equity,USD,Ireland,False,Accumulating,0.35,249.0,Nasdaq Biotechnology,2B70.BE,EUR 714 m,19.11%,+38.48%,+35.21%,+32.56%
IE00BYXPXK00,iShares STOXX World Equity Multifactor UCITS ETF EUR Hedged (Acc),IS07,53.0,equity,EUR,Ireland,True,Accumulating,0.33,269.0,STOXX Developed World Equity Factor Screened (EUR Hedged),IS07.BE,EUR 26 m,10.55%,+28.21%,+72.83%,+60.35%
IE00BYXPXL17,iShares Edge MSCI World Minimum Volatility UCITS ETF EUR Hedged (Acc),SXR0,155.0,equity,EUR,Ireland,True,Accumulating,0.35,277.0,MSCI World Minimum Volatility (EUR Hedged),SXR0.BE,EUR 159 m,8.32%,+0.48%,+26.81%,+26.43%
IE00BYXVGY31,Fidelity US Quality Income UCITS ETF ACC-USD,FUSA,227.0,equity,USD,Ireland,False,Accumulating,0.25,111.0,Fidelity US Quality Income,ETFUSA.MI,EUR 277 m,10.55%,+20.89%,+53.33%,+81.97%
IE00BYYR0489,iShares MSCI Saudi Arabia Capped UCITS ETF USD (Acc),IUSS,403.0,equity,USD,Ireland,False,Accumulating,0.6,36.0,MSCI Saudi Arabia 20/35,IUSS.DE,EUR 456 m,14.56%,+3.18%,-1.96%,+21.10%
IE00BYYW2V44,SPDR S&P 500 EUR Hedged UCITS ETF,SPPE,2335.0,equity,EUR,Ireland,True,Accumulating,0.05,503.0,S&P 500® (EUR Hedged),SPPE.BE,"EUR 2,432 m",12.14%,+25.82%,+75.10%,+70.40%
IE00BYZ28W67,iShares Core FTSE 100 UCITS ETF USD Hedged (Acc),2B7I,164.0,equity,USD,Ireland,True,Accumulating,0.2,102.0,FTSE 100 (USD Hedged),,EUR 196 m,15.00%,+19.11%,+40.07%,+88.60%
IE00BYZK4552,iShares Automation & Robotics UCITS ETF,2B76,3240.0,equity,USD,Ireland,False,Accumulating,0.4,137.0,iSTOXX® FactSet Automation & Robotics,,"EUR 4,237 m",18.05%,+42.05%,+67.95%,+74.34%
IE00BYZK4669,iShares Ageing Population UCITS ETF,2B77,566.0,equity,USD,Ireland,False,Accumulating,0.4,338.0,iSTOXX® FactSet Ageing Population,2B77.BE,EUR 681 m,10.00%,+16.90%,+39.27%,+28.66%
IE00BYZK4776,iShares Healthcare Innovation UCITS ETF,2B78,925.0,equity,USD,Ireland,False,Accumulating,0.4,175.0,iSTOXX® FactSet Breakthrough Healthcare,2B78.MU,EUR 864 m,14.26%,+16.89%,+10.19%,-7.36%
IE00BYZK4883,iShares Digitalisation UCITS ETF,2B79,648.0,equity,USD,Ireland,False,Accumulating,0.4,205.0,iSTOXX® FactSet Digitalisation,2B79.DE,EUR 635 m,15.45%,-1.24%,+40.92%,+9.40%
IE00BYZNF849,Xtrackers Global Infrastructure ESG UCITS ETF 1C,XIFE,9.0,equity,USD,Ireland,False,Accumulating,0.35,66.0,Dow Jones Brookfield Global Green Infrastructure,,EUR 15 m,10.90%,+7.02%,-,-
IE00BZ02LR44,Xtrackers MSCI World ESG UCITS ETF 1C,XZW0,5674.0,equity,USD,Ireland,False,Accumulating,0.2,636.0,MSCI World Low Carbon SRI Selection,XZW0.BE,"EUR 5,238 m",10.99%,+19.64%,+60.25%,+80.17%
IE00BZ0G8B96,SPDR MSCI Japan UCITS ETF,ZPDJ,804.0,equity,JPY,Ireland,False,Accumulating,0.12,182.0,MSCI Japan,ZPDJ.DE,EUR 876 m,19.03%,+26.55%,+56.99%,+61.22%
IE00BZ0G8C04,SPDR MSCI Japan EUR Hedged UCITS ETF,ZPDW,33.0,equity,EUR,Ireland,True,Accumulating,0.17,182.0,MSCI Japan (EUR Hedged),ZPDW.DE,EUR 48 m,19.80%,+44.82%,+107.29%,+138.97%
IE00BZ0PKS76,iShares STOXX USA Equity Multifactor UCITS ETF USD (Acc),IBCY,72.0,equity,USD,Ireland,False,Accumulating,0.2,295.0,STOXX US Equity Factor Screened,IBCY.BE,EUR 89 m,11.38%,+25.06%,+65.01%,+80.10%
IE00BZ0PKT83,iShares STOXX World Equity Multifactor UCITS ETF USD (Acc),IBCZ,638.0,equity,USD,Ireland,False,Accumulating,0.3,269.0,STOXX Developed World Equity Factor Screened,IBCZ.BE,EUR 708 m,9.66%,+26.78%,+66.95%,+75.16%
IE00BZ0PKV06,iShares STOXX Europe Equity Multifactor UCITS ETF EUR (Acc),IBC0,566.0,equity,EUR,Ireland,False,Accumulating,0.25,159.0,STOXX Developed Europe Equity Factor Screened,IBC0.BE,EUR 598 m,11.83%,+20.09%,+65.19%,+68.04%
IE00BZ56RG20,WisdomTree US Quality Dividend Growth UCITS ETF USD Acc,WTDM,527.0,equity,USD,Ireland,False,Accumulating,0.33,300.0,WisdomTree US Quality Dividend Growth,WTDM.DE,EUR 569 m,10.49%,+16.68%,+47.36%,+81.29%
IE00BZ56SW52,WisdomTree Global Quality Dividend Growth UCITS ETF USD Acc,WTEM,620.0,equity,USD,Ireland,False,Accumulating,0.38,474.0,WisdomTree Global Developed Quality Dividend Growth,WTEM.BE,EUR 629 m,10.35%,+13.97%,+35.53%,+54.42%
IE00BZ56TQ67,WisdomTree Eurozone Quality Dividend Growth UCITS ETF EUR Acc,WTIM,40.0,equity,EUR,Ireland,False,Accumulating,0.29,85.0,WisdomTree Eurozone Quality Dividend Growth,WTIM.BE,EUR 40 m,15.57%,+10.83%,+23.15%,+22.52%
IE00BZCQB185,iShares MSCI India UCITS ETF USD (Acc),QDV5,4399.0,equity,USD,Ireland,False,Accumulating,0.65,164.0,MSCI India,QDV5.BE,"EUR 4,380 m",16.03%,-14.65%,+9.63%,+28.25%
LU0252633754,Amundi DAX II UCITS ETF Acc,LYY7,1319.0,equity,EUR,Luxembourg,False,Accumulating,0.15,40.0,DAX®,LYY7.BE,"EUR 1,279 m",15.67%,+4.42%,+55.06%,+57.35%
LU0252634307,Amundi LevDax Daily (2x) leveraged UCITS ETF Acc,LYY8,191.0,equity,EUR,Luxembourg,False,Accumulating,0.35,,LevDAX® (2x),LYY8.BE,EUR 198 m,31.32%,+3.41%,+101.26%,+90.79%
LU0259322260,Market Access NYSE Arca Gold Bugs UCITS ETF,M9SD,131.0,equity,EUR,Luxembourg,False,Accumulating,0.65,,NYSE Arca Gold BUGS,M9SD.BE,EUR 104 m,42.71%,+86.96%,+194.87%,+153.90%
LU0274208692,Xtrackers MSCI World Swap UCITS ETF 1C,DBXW,4843.0,equity,USD,Luxembourg,False,Accumulating,0.45,,MSCI World,DBXW.BE,"EUR 5,143 m",10.05%,+23.14%,+63.89%,+82.29%
LU0274209237,Xtrackers MSCI Europe UCITS ETF 1C,XMEU,7129.0,equity,USD,Luxembourg,False,Accumulating,0.12,401.0,MSCI Europe,XMEU.MI,"EUR 7,803 m",12.45%,+16.58%,+46.69%,+61.90%
LU0274209740,Xtrackers MSCI Japan UCITS ETF 1C,DBXJ,3923.0,equity,USD,Luxembourg,False,Accumulating,0.12,181.0,MSCI Japan,DBXJ.BE,"EUR 5,446 m",19.39%,+26.10%,+57.18%,+61.12%
LU0274210672,Xtrackers MSCI USA Swap UCITS ETF 1C,XMUS,4330.0,equity,USD,Luxembourg,False,Accumulating,0.15,,MSCI USA,XMUS.MI,"EUR 4,689 m",11.76%,+24.77%,+71.35%,+96.14%
LU0274211480,Xtrackers DAX UCITS ETF 1C,DBXD,6900.0,equity,EUR,Luxembourg,False,Accumulating,0.09,40.0,DAX®,DBXD.BE,"EUR 7,049 m",15.67%,+4.47%,+55.28%,+57.86%
LU0292100046,Xtrackers MSCI Korea UCITS ETF 1C,DBX8,111.0,equity,USD,Luxembourg,False,Accumulating,0.45,82.0,MSCI Korea 20/35 Custom,DBX8.BE,EUR 387 m,44.91%,+234.91%,+215.61%,+151.64%
LU0292100806,Xtrackers MSCI Europe Materials Screened UCITS ETF 1C,DXSC,42.0,equity,EUR,Luxembourg,False,Accumulating,0.17,23.0,MSCI Europe Materials Screened 20-35,DXSC.BE,EUR 44 m,16.14%,+9.03%,+30.42%,+25.32%
LU0292103222,Xtrackers MSCI Europe Health Care Screened UCITS ETF 1C,DXSE,274.0,equity,EUR,Luxembourg,False,Accumulating,0.17,27.0,MSCI Europe Health Care Screened 20-35,DXSE.BE,EUR 313 m,16.14%,+7.67%,+7.69%,+31.50%
LU0292103651,Xtrackers MSCI Europe Financials Screened UCITS ETF 1C,XS7R,143.0,equity,EUR,Luxembourg,False,Accumulating,0.17,54.0,MSCI Europe Financials Screened 20-35,,EUR 141 m,16.07%,+21.15%,+106.67%,+126.71%
LU0292104030,Xtrackers MSCI Europe Communication Services Screened UCITS ETF 1C,DXSG,6.0,equity,EUR,Luxembourg,False,Accumulating,0.17,14.0,MSCI Europe Communication Services Screened 20-35,DXSG.BE,EUR 16 m,14.01%,-4.53%,+32.51%,+36.26%
LU0292104469,Xtrackers MSCI Europe Information Technology Screened UCITS ETF 1C,XS8R,34.0,equity,EUR,Luxembourg,False,Accumulating,0.17,7.0,MSCI Europe Information Technology Screened 20-35,,EUR 34 m,22.64%,-19.25%,-12.29%,-8.61%
LU0292104899,Xtrackers MSCI Europe Utilities Screened UCITS ETF 1C,XS6R,64.0,equity,EUR,Luxembourg,False,Accumulating,0.17,23.0,MSCI Europe Utilities Screened 20-35,,EUR 76 m,14.17%,+25.30%,+58.30%,+66.70%
LU0292105359,Xtrackers MSCI Europe Consumer Staples Screened UCITS ETF 1C,DXSK,50.0,equity,EUR,Luxembourg,False,Accumulating,0.17,24.0,MSCI Europe Consumer Staples Screened 20-35,DXSK.BE,EUR 51 m,14.98%,-4.90%,-14.16%,-10.05%
LU0292106084,Xtrackers MSCI Europe Industrials Screened UCITS ETF 1C,DXSL,36.0,equity,EUR,Luxembourg,False,Accumulating,0.17,75.0,MSCI Europe Industrials Screened 20-35,DXSL.BE,EUR 39 m,18.71%,+16.05%,+51.91%,+56.46%
LU0292106241,Xtrackers ShortDAX Daily Swap UCITS ETF 1C,DXSN,162.0,equity,EUR,Luxembourg,False,Accumulating,0.4,,ShortDAX®,DXSN.BE,EUR 182 m,15.71%,-2.75%,-28.27%,-34.63%
LU0292106753,Xtrackers EURO STOXX 50 Short Daily Swap UCITS ETF 1C,DXSP,34.0,equity,EUR,Luxembourg,False,Accumulating,0.4,,EURO STOXX® 50 Short,DXSP.BE,EUR 42 m,15.43%,-11.75%,-26.79%,-39.62%
LU0292107645,Xtrackers MSCI Emerging Markets Swap UCITS ETF 1C,XMEM,736.0,equity,USD,Luxembourg,False,Accumulating,0.49,,MSCI Emerging Markets,XMEM.MI,EUR 873 m,16.71%,+47.17%,+76.18%,+49.22%
LU0292107991,Xtrackers MSCI EM Asia Screened Swap UCITS ETF 1C,XMAS,338.0,equity,USD,Luxembourg,False,Accumulating,0.65,,MSCI Emerging Markets Asia Select Screened,XMAS.MI,EUR 419 m,20.13%,+56.79%,+91.16%,+56.61%
LU0292108619,Xtrackers MSCI EM Latin America ESG Swap UCITS ETF 1C,DBX3,72.0,equity,USD,Luxembourg,False,Accumulating,0.4,,MSCI Emerging Markets Latin America Low Carbon SRI Selection Capped,DBX3.BE,EUR 127 m,18.30%,+25.58%,+28.80%,+37.23%
LU0292109005,Xtrackers MSCI EM Europe Middle East and Africa ESG Swap UCITS ETF 1C,XMEA,31.0,equity,USD,Luxembourg,False,Accumulating,0.65,,MSCI Emerging Markets EMEA Low Carbon SRI Selection Capped,XMEA.MI,EUR 35 m,18.59%,+22.81%,+71.98%,+58.18%
LU0292109187,Xtrackers MSCI Taiwan UCITS ETF 1C,DBX5,162.0,equity,USD,Luxembourg,False,Accumulating,0.65,83.0,MSCI Taiwan 20/35 Custom,DBX5.BE,EUR 327 m,24.18%,+107.40%,+172.83%,+178.92%
LU0292109344,Xtrackers MSCI Brazil UCITS ETF 1C,XMBR,147.0,equity,USD,Luxembourg,False,Accumulating,0.25,45.0,MSCI Brazil,XMBR.MI,EUR 228 m,21.14%,+31.86%,+34.62%,+42.24%
LU0292109690,Xtrackers Nifty 50 Swap UCITS ETF 1C,DBX7,165.0,equity,USD,Luxembourg,False,Accumulating,0.85,,Nifty 50,DBX7.BE,EUR 155 m,14.84%,-17.77%,-0.37%,+18.99%
LU0292109856,Xtrackers MSCI China A UCITS ETF 1C,DBX9,116.0,equity,USD,Luxembourg,False,Accumulating,0.35,385.0,MSCI China A Inclusion,DBX9.BE,EUR 133 m,14.35%,+32.49%,+49.94%,+2.17%
LU0322250712,Xtrackers LPX MM Private Equity Swap UCITS ETF 1C,DX2D,342.0,equity,EUR,Luxembourg,False,Accumulating,0.7,,LPX Major Market®,DX2D.BE,EUR 284 m,18.40%,-13.58%,+31.64%,+27.28%
LU0322251520,Xtrackers S&P 500 Inverse Daily Swap UCITS ETF 1C,DXS3,130.0,equity,USD,Luxembourg,False,Accumulating,0.5,,S&P 500® Short,DXS3.BE,EUR 134 m,14.70%,-19.87%,-38.26%,-32.29%
LU0322252171,Xtrackers MSCI AC Asia ex Japan ESG Swap UCITS ETF 1C,XAXJ,422.0,equity,USD,Luxembourg,False,Accumulating,0.65,,MSCI AC Asia ex Japan Low Carbon SRI Selection Capped,,EUR 313 m,16.39%,+11.01%,+31.61%,+3.83%
LU0322252338,Xtrackers MSCI Pacific ex Japan Screened UCITS ETF 1C,DXS6,669.0,equity,USD,Luxembourg,False,Accumulating,0.25,83.0,MSCI Pacific ex Japan Select Screened,DXS6.BE,EUR 631 m,12.67%,+9.74%,+28.76%,+26.21%
LU0322252924,Xtrackers Vietnam Swap UCITS ETF 1C,XFVT,308.0,equity,USD,Luxembourg,False,Accumulating,0.85,,STOXX Vietnam Total Market Liquid,XFVT.MI,EUR 330 m,24.62%,+43.05%,+43.16%,+2.80%
LU0322253229,Xtrackers S&P Global Infrastructure Swap UCITS ETF 1C,DX2E,418.0,equity,USD,Luxembourg,False,Accumulating,0.6,,S&P Global Infrastructure,DX2E.BE,EUR 589 m,9.02%,+13.01%,+42.73%,+67.59%
LU0322253732,Xtrackers MSCI Europe Screened UCITS ETF 1C,DX2I,78.0,equity,USD,Luxembourg,False,Accumulating,0.12,370.0,MSCI Europe Select Screened,DX2I.BE,EUR 82 m,12.71%,+15.33%,+41.91%,+52.27%
LU0322253906,Xtrackers MSCI Europe Small Cap UCITS ETF 1C,XXSC,2810.0,equity,USD,Luxembourg,False,Accumulating,0.3,831.0,MSCI Europe Small Cap,XXSC.MI,"EUR 3,050 m",12.96%,+13.81%,+43.02%,+24.62%
LU0328473581,Xtrackers FTSE 100 Short Daily Swap UCITS ETF 1C,XUKS,8.0,equity,GBP,Luxembourg,False,Accumulating,0.5,,FTSE 100 Short,,EUR 7 m,11.20%,-15.82%,-16.81%,-28.43%
LU0328475792,Xtrackers STOXX Europe 600 UCITS ETF 1C,XSX6,3482.0,equity,EUR,Luxembourg,False,Accumulating,0.2,603.0,STOXX® Europe 600,XSX6.MI,"EUR 3,919 m",12.05%,+17.33%,+47.74%,+60.30%
LU0328476410,Xtrackers S&P Select Frontier Swap UCITS ETF 1C,DX2Z,120.0,equity,USD,Luxembourg,False,Accumulating,0.95,,S&P Select Frontier,DX2Z.BE,EUR 130 m,14.91%,+25.46%,+79.32%,+88.41%
LU0380865021,Xtrackers EURO STOXX 50 UCITS ETF 1C,XESC,6370.0,equity,EUR,Luxembourg,False,Accumulating,0.09,50.0,EURO STOXX® 50,XESC.MI,"EUR 6,151 m",15.43%,+15.61%,+52.25%,+71.97%
LU0397221945,Xtrackers Portfolio UCITS ETF 1C,XQUI,681.0,equity,EUR,Luxembourg,False,Accumulating,0.7,12813.0,Xtrackers Portfolio,XQUI.MI,EUR 739 m,6.38%,+18.56%,+40.80%,+33.81%
LU0411075020,Xtrackers ShortDAX x2 Daily Swap UCITS ETF 1C,DBPD,71.0,equity,EUR,Luxembourg,False,Accumulating,0.6,,ShortDAX® Leverage (2x),DBPD.BE,EUR 80 m,34.30%,-9.26%,-55.86%,-66.44%
LU0411075376,Xtrackers LevDAX Daily Swap UCITS ETF 1C,DBPE,56.0,equity,EUR,Luxembourg,False,Accumulating,0.35,,LevDAX® (2x),DBPE.BE,EUR 57 m,31.29%,+3.33%,+101.28%,+90.84%
LU0411078552,Xtrackers S&P 500 2x Leveraged Daily Swap UCITS ETF 1C,DBPG,469.0,equity,USD,Luxembourg,False,Accumulating,0.6,,S&P 500® Leverage (2x),DBPG.BE,EUR 515 m,22.43%,+52.47%,+152.13%,+166.55%
LU0411078636,Xtrackers S&P 500 2x Inverse Daily Swap UCITS ETF 1C,DBPK,46.0,equity,USD,Luxembourg,False,Accumulating,0.7,,S&P 500® Short Leverage (-2x),DBPK.BE,EUR 44 m,35.78%,-33.33%,-65.00%,-66.67%
LU0476289466,Xtrackers MSCI Mexico UCITS ETF 1C,D5BI,438.0,equity,USD,Luxembourg,False,Accumulating,0.65,22.0,MSCI Mexico,D5BI.BE,EUR 299 m,19.45%,+30.31%,+30.74%,+93.87%
LU0476289540,Xtrackers MSCI Canada Screened UCITS ETF 1C,D5BH,1087.0,equity,USD,Luxembourg,False,Accumulating,0.35,71.0,MSCI Canada Select Screened,D5BH.BE,"EUR 1,117 m",13.18%,+26.18%,+70.20%,+79.56%
LU0476289623,Xtrackers MSCI Indonesia Swap UCITS ETF 1C,XAIN,39.0,equity,USD,Luxembourg,False,Accumulating,0.65,,MSCI Indonesia,XAIN.BE,EUR 30 m,22.53%,-39.90%,-51.78%,-30.94%
LU0486851024,Xtrackers MSCI Europe Value UCITS ETF 1C,D5BL,171.0,equity,EUR,Luxembourg,False,Accumulating,0.15,150.0,MSCI Europe Enhanced Value,D5BL.BE,EUR 273 m,13.12%,+33.39%,+80.60%,+100.88%
LU0490618542,Xtrackers S&P 500 Swap UCITS ETF 1C,D5BM,3976.0,equity,USD,Luxembourg,False,Accumulating,0.15,,S&P 500®,D5BM.BE,"EUR 4,323 m",11.63%,+25.22%,+70.91%,+100.03%
LU0514694370,Xtrackers MSCI Malaysia UCITS ETF 1C,XCS3,38.0,equity,USD,Luxembourg,False,Accumulating,0.5,27.0,MSCI Malaysia,XCS3.BE,EUR 62 m,10.79%,+18.13%,+39.31%,+31.68%
LU0514694701,Xtrackers MSCI Thailand UCITS ETF 1C,XCS4,126.0,equity,USD,Luxembourg,False,Accumulating,0.5,19.0,MSCI Thailand,XCS4.BE,EUR 130 m,21.78%,+44.03%,+20.74%,+27.88%
LU0514695187,Xtrackers MSCI India Swap UCITS ETF 1C,XCS5,549.0,equity,USD,Luxembourg,False,Accumulating,0.19,,MSCI India,XCS5.BE,EUR 530 m,15.64%,-15.18%,+9.03%,+25.24%
LU0514695690,Xtrackers MSCI China UCITS ETF 1C,XCS6,1129.0,equity,USD,Luxembourg,False,Accumulating,0.65,561.0,MSCI China,XCS6.BE,"EUR 1,008 m",17.78%,+0.13%,+24.27%,-21.52%
LU0533032859,Amundi MSCI World Financials UCITS ETF EUR Acc,LYPD,140.0,equity,EUR,Luxembourg,False,Accumulating,0.3,,MSCI World Financials,LYPD.DE,EUR 110 m,11.22%,+11.72%,+76.61%,+81.84%
LU0533033071,Amundi MSCI World Financials UCITS ETF USD Acc,1DR0,661.0,equity,USD,Luxembourg,False,Accumulating,0.3,,MSCI World Financials,,EUR 592 m,23.34%,+11.20%,+76.98%,+81.53%
LU0533033238,Amundi MSCI World Health Care UCITS ETF EUR Acc,LYPE,760.0,equity,EUR,Luxembourg,False,Accumulating,0.3,,MSCI World Health Care,LYPE.BE,EUR 695 m,12.40%,+9.05%,+8.24%,+27.39%
LU0533033311,Amundi MSCI World Health Care UCITS ETF USD Acc,7H60,82.0,equity,USD,Luxembourg,False,Accumulating,0.3,,MSCI World Health Care,,EUR 80 m,12.95%,+8.51%,+8.43%,+27.13%
LU0533033667,Amundi MSCI World Information Technology UCITS ETF EUR Acc,LYPG,2333.0,equity,EUR,Luxembourg,False,Accumulating,0.3,,MSCI World Information Technology,LYPG.BE,"EUR 2,721 m",19.03%,+48.48%,+115.04%,+170.84%
LU0533033741,Amundi MSCI World Information Technology UCITS ETF USD Acc,8Q70,253.0,equity,USD,Luxembourg,False,Accumulating,0.3,,MSCI World Information Technology,,EUR 287 m,19.49%,+47.63%,+115.25%,+170.08%
LU0592215403,Xtrackers MSCI Philippines UCITS ETF 1C,XPQP,36.0,equity,USD,Luxembourg,False,Accumulating,0.65,33.0,MSCI Philippines Investable Market (IMI),XPQP.BE,EUR 37 m,19.35%,-15.75%,-13.38%,-13.38%
LU0592216393,Xtrackers Spanish Equity UCITS ETF 1C,XESP,179.0,equity,EUR,Luxembourg,False,Accumulating,0.3,40.0,Solactive Spain 40,XESP.BE,EUR 180 m,16.25%,+36.21%,+120.55%,+137.60%
LU0592217524,Xtrackers MSCI EFM Africa Top 50 Capped Swap UCITS ETF 1C,XMKA,74.0,equity,USD,Luxembourg,False,Accumulating,0.65,,MSCI Emerging and Frontier (EFM) Africa Top 50 Capped,XMKA.BE,EUR 75 m,18.24%,+18.60%,+62.86%,+30.85%
LU0599612842,Ossiam Europe ESG Machine Learning UCITS ETF 1C (EUR),OSX4,17.0,equity,EUR,Luxembourg,False,Accumulating,0.65,83.0,Ossiam Europe ESG Machine Learning,OSX4.BE,EUR 17 m,9.84%,+3.62%,+37.11%,+40.49%
LU0599613147,Ossiam STOXX Europe 600 ESG Equal Weight NR UCITS ETF 1C (EUR),OSX6,193.0,equity,EUR,Luxembourg,False,Accumulating,0.3,479.0,STOXX® Europe 600 ESG Broad Market Equal Weight,OSX6.BE,EUR 193 m,12.24%,+12.92%,+40.07%,+30.10%
LU0659578842,Xtrackers MSCI Singapore UCITS ETF 1C,XBAS,73.0,equity,USD,Luxembourg,False,Accumulating,0.5,70.0,MSCI Singapore Investable Market (IMI),XBAS.BE,EUR 79 m,11.31%,+14.21%,+64.57%,+58.33%
LU0659579063,Xtrackers ATX UCITS ETF 1C,XB4A,99.0,equity,EUR,Luxembourg,False,Accumulating,0.25,20.0,ATX®,XB4A.DE,EUR 110 m,16.43%,+42.57%,+123.18%,+114.36%
LU0659579147,Xtrackers MSCI Pakistan Swap UCITS ETF 1C,XBAK,22.0,equity,USD,Luxembourg,False,Accumulating,0.85,,MSCI Pakistan Investable Market (IMI),XBAK.BE,EUR 20 m,25.85%,+29.91%,+186.79%,+53.54%
LU0659579733,Xtrackers MSCI World Swap UCITS ETF 4C EUR hedged,XWEH,1123.0,equity,EUR,Luxembourg,True,Accumulating,0.39,,MSCI World (EUR Hedged),XWEH.BE,"EUR 1,445 m",10.90%,+24.23%,+69.59%,+67.31%
LU0659580079,Xtrackers MSCI Japan UCITS ETF 4C - EUR Hedged,XMK9,751.0,equity,EUR,Luxembourg,True,Accumulating,0.4,181.0,MSCI Japan (EUR Hedged),XMK9.BE,EUR 811 m,19.74%,+44.62%,+106.09%,+135.91%
LU0779800910,Xtrackers CSI 300 Swap UCITS ETF 1C,XCHA,1401.0,equity,USD,Luxembourg,False,Accumulating,0.5,,CSI 300,XCHA.BE,"EUR 1,714 m",14.39%,+38.01%,+41.24%,+14.65%
LU0832435464,Amundi S&P 500 VIX Futures Enhanced Roll UCITS ETF Acc,VOOL,128.0,equity,EUR,Luxembourg,False,Accumulating,0.6,,S&P 500 VIX Futures Enhanced Roll,VOOL.BE,EUR 63 m,30.72%,-19.78%,-66.20%,-79.44%
LU0838780707,Xtrackers FTSE 100 UCITS ETF 1C,XDUK,95.0,equity,GBP,Luxembourg,False,Accumulating,0.09,100.0,FTSE 100,XDUK.BE,EUR 100 m,11.35%,+18.91%,+51.50%,+74.91%
LU0908500753,Amundi Core Stoxx Europe 600 UCITS ETF Acc,LYP6,16077.0,equity,EUR,Luxembourg,False,Accumulating,0.07,612.0,STOXX® Europe 600,LYP6.BE,"EUR 18,922 m",12.06%,+17.60%,+48.41%,+61.18%
LU0908501058,Amundi MSCI EMU ESG Broad Transition UCITS ETF Acc,LGQG,1029.0,equity,EUR,Luxembourg,False,Accumulating,0.12,204.0,MSCI EMU ESG Broad CTB Select,LGQG.DE,"EUR 1,218 m",14.44%,+18.27%,+55.60%,+63.57%
LU0940748279,UBS MSCI Pacific ex Japan UCITS ETF USD acc,PACUA,14.0,equity,USD,Luxembourg,False,Accumulating,0.14,94.0,MSCI Pacific ex Japan,,EUR 19 m,11.78%,+16.32%,+37.96%,+35.18%
LU0943504760,Xtrackers Swiss Large Cap UCITS ETF 1C,XSMC,742.0,equity,CHF,Luxembourg,False,Accumulating,0.3,20.0,Solactive Swiss Large Cap,,EUR 771 m,11.81%,+15.89%,+31.09%,+54.03%
LU0950668524,UBS Core MSCI Europe UCITS ETF EUR acc,CHSU,158.0,equity,EUR,Luxembourg,False,Accumulating,0.06,404.0,MSCI Europe,,EUR 303 m,-,-,-,-
LU0950668870,UBS Core MSCI EMU UCITS ETF EUR acc,EMUAA,3522.0,equity,EUR,Luxembourg,False,Accumulating,0.12,225.0,MSCI EMU,EMUAA.MI,"EUR 4,320 m",14.07%,+17.39%,+55.25%,+66.91%
LU0950669845,UBS MSCI EMU Value UCITS ETF EUR acc,AW1T,78.0,equity,EUR,Luxembourg,False,Accumulating,0.25,141.0,MSCI EMU Value,,EUR 88 m,12.64%,+22.15%,+73.82%,-
LU0950670009,UBS MSCI EMU Small Cap UCITS ETF EUR acc,EMUSC,300.0,equity,EUR,Luxembourg,False,Accumulating,0.28,376.0,MSCI EMU Small Cap,,EUR 331 m,13.14%,+19.02%,-,-
LU0950670850,UBS MSCI United Kingdom UCITS ETF GBP acc,UC64,2521.0,equity,GBP,Luxembourg,False,Accumulating,0.2,72.0,MSCI UK,,"EUR 2,297 m",11.56%,+19.79%,+51.40%,+79.31%
LU0950671825,UBS Core MSCI Japan UCITS ETF JPY acc,JPNA,3467.0,equity,JPY,Luxembourg,False,Accumulating,0.12,181.0,MSCI Japan,JPNA.MI,"EUR 4,050 m",18.80%,+26.68%,+57.14%,+61.41%
LU0950672807,UBS MSCI Canada UCITS ETF CAD acc,CANA,540.0,equity,CAD,Luxembourg,False,Accumulating,0.33,83.0,MSCI Canada,CANA.MI,EUR 612 m,11.78%,+29.24%,+69.66%,+79.96%
LU0950674175,UBS Core MSCI EM UCITS ETF USD acc,EMMUSC,4820.0,equity,USD,Luxembourg,False,Accumulating,0.15,1138.0,MSCI Emerging Markets,EMMUSC.MI,"EUR 6,795 m",16.65%,+49.04%,+77.58%,+52.24%
LU0950674332,UBS MSCI World Socially Responsible UCITS ETF USD acc,SEAC,1574.0,equity,USD,Luxembourg,False,Accumulating,0.22,378.0,MSCI World SRI Low Carbon Select 5% Issuer Capped,SEAC.BE,"EUR 1,722 m",11.36%,+15.49%,+49.96%,+64.42%
LU0950674761,UBS MSCI EMU Socially Responsible UCITS ETF EUR acc,EMUSRI,410.0,equity,EUR,Luxembourg,False,Accumulating,0.2,70.0,MSCI EMU SRI Low Carbon Select 5% Issuer Capped,EMUSRI.MI,EUR 395 m,13.98%,+8.69%,+40.22%,+41.90%
LU0950674928,UBS MSCI Pacific Socially Responsible UCITS ETF USD acc,USUP,99.0,equity,USD,Luxembourg,False,Accumulating,0.28,72.0,MSCI Pacific SRI Low Carbon Select 5% Issuer Capped,USUP.DE,EUR 110 m,16.66%,+10.96%,+27.36%,+27.23%
LU0959211326,Amundi Core S&P 500 Swap UCITS ETF EUR Hedged Acc,SPHC,1410.0,equity,EUR,Luxembourg,True,Accumulating,0.07,,S&P 500® (EUR Hedged),SPHC.MI,"EUR 1,500 m",11.83%,+24.98%,+73.49%,+70.43%
LU0977261329,UBS MSCI Switzerland 20/35 UCITS ETF CHF acc,FRCF,2312.0,equity,CHF,Luxembourg,False,Accumulating,0.2,41.0,MSCI Switzerland 20/35,,"EUR 2,608 m",11.49%,+15.32%,+31.36%,+51.53%
LU1048313974,UBS MSCI EM Socially Responsible UCITS ETF USD acc,UETE,624.0,equity,USD,Luxembourg,False,Accumulating,0.24,238.0,MSCI Emerging Markets SRI Low Carbon Select 5% Issuer Capped,UETE.BE,EUR 833 m,17.58%,+58.96%,+94.50%,+66.44%
LU1079841273,Ossiam Shiller Barclays CAPE® US Sector Value TR UCITS ETF 1C (EUR),USCP,828.0,equity,EUR,Luxembourg,False,Accumulating,0.65,,Shiller Barclays CAPE® US Sector Value,USCP.BE,EUR 633 m,10.81%,+5.24%,+33.30%,+59.41%
LU1079841513,Ossiam Shiller Barclays CAPE® US Sector Value TR UCITS ETF 1C (USD),EUPC,1856.0,equity,USD,Luxembourg,False,Accumulating,0.65,,Shiller Barclays CAPE® US Sector Value,,"EUR 1,640 m",10.81%,+5.21%,+34.48%,+59.18%
LU1079842321,Ossiam Shiller Barclays CAPE® Europe Sector Value TR UCITS ETF 1C (EUR),EUPE,135.0,equity,EUR,Luxembourg,False,Accumulating,0.65,,Shiller Barclays CAPE® Europe Sector Value,EUPE.DE,EUR 175 m,10.96%,+26.54%,+39.98%,+55.85%
LU1127514245,Xtrackers MSCI EMU UCITS ETF 1C - USD Hedged,XD5D,288.0,equity,USD,Luxembourg,True,Accumulating,0.17,222.0,MSCI EMU (USD Hedged),,EUR 321 m,13.27%,+16.87%,+51.40%,+92.38%
LU1127516455,Xtrackers MSCI EMU UCITS ETF 2C GBP hedged,XD5S,22.0,equity,GBP,Luxembourg,True,Accumulating,0.17,222.0,MSCI EMU (GBP Hedged),,EUR 23 m,15.31%,+16.11%,+62.19%,+74.37%
LU1130155432,UBS MSCI Canada UCITS ETF hCHF acc,CAHCHA,48.0,equity,CHF,Luxembourg,True,Accumulating,0.36,83.0,MSCI Canada (CHF Hedged),,EUR 53 m,12.22%,+31.68%,+79.67%,+104.30%
LU1130155606,UBS MSCI Canada UCITS ETF hEUR acc,CAHEUA,247.0,equity,EUR,Luxembourg,True,Accumulating,0.36,83.0,MSCI Canada (EUR Hedged),CAHEUA.MI,EUR 156 m,11.93%,+31.51%,+82.58%,+85.59%
LU1130155861,UBS MSCI Canada UCITS ETF hUSD acc,CAHUSA,53.0,equity,USD,Luxembourg,True,Accumulating,0.36,83.0,MSCI Canada (USD Hedged),,EUR 56 m,12.18%,+31.41%,+79.77%,+116.54%
LU1130156323,UBS MSCI Canada UCITS ETF hGBP acc,UC87,99.0,equity,GBP,Luxembourg,True,Accumulating,0.36,83.0,MSCI Canada (GBP Hedged),,EUR 230 m,12.71%,+30.90%,+92.67%,+96.93%
LU1135865084,Amundi Core S&P 500 Swap UCITS ETF Acc,LYP7,12710.0,equity,EUR,Luxembourg,False,Accumulating,0.05,,S&P 500®,,"EUR 14,700 m",12.03%,+26.21%,+72.59%,+101.33%
LU1169819635,UBS Core MSCI EMU UCITS ETF hCHF acc,EMUCHF,723.0,equity,CHF,Luxembourg,True,Accumulating,0.15,225.0,MSCI EMU (CHF Hedged),,EUR 810 m,14.79%,+17.18%,+52.71%,+82.91%
LU1169819809,UBS Core MSCI EMU UCITS ETF hUSD acc,EMUUSD,887.0,equity,USD,Luxembourg,True,Accumulating,0.15,225.0,MSCI EMU (USD Hedged),,"EUR 1,167 m",13.32%,+17.14%,+52.39%,+94.18%
LU1169820138,UBS Core MSCI EMU UCITS ETF hGBP acc,UB0E,31.0,equity,GBP,Luxembourg,True,Accumulating,0.15,225.0,MSCI EMU (GBP Hedged),,EUR 37 m,15.32%,+16.40%,+63.06%,+73.68%
LU1169820997,UBS MSCI United Kingdom UCITS ETF hCHF acc,UKCHF,229.0,equity,CHF,Luxembourg,True,Accumulating,0.23,72.0,MSCI UK (CHF Hedged),,EUR 239 m,11.41%,+21.10%,+42.87%,+86.15%
LU1169821292,UBS MSCI United Kingdom UCITS ETF hEUR acc,UFMB,432.0,equity,EUR,Luxembourg,True,Accumulating,0.23,72.0,MSCI UK (EUR Hedged),UFMB.DE,EUR 411 m,11.14%,+20.38%,+43.72%,+67.19%
LU1169821458,UBS MSCI United Kingdom UCITS ETF hUSD acc,UKUSD,630.0,equity,USD,Luxembourg,True,Accumulating,0.23,72.0,MSCI UK (USD Hedged),,EUR 518 m,11.16%,+20.66%,+41.46%,+95.00%
LU1169821888,UBS Core MSCI Japan UCITS ETF hCHF acc,JPNCHF,304.0,equity,CHF,Luxembourg,True,Accumulating,0.15,181.0,MSCI Japan (CHF Hedged),,EUR 352 m,20.11%,+46.54%,+105.92%,+167.93%
LU1169822266,UBS Core MSCI Japan UCITS ETF hEUR acc,UFMA,162.0,equity,EUR,Luxembourg,True,Accumulating,0.15,181.0,MSCI Japan (EUR Hedged),UFMA.DE,EUR 225 m,19.51%,+44.92%,+108.49%,+140.93%
LU1169822779,UBS Core MSCI Japan UCITS ETF hUSD acc,JPUSD,143.0,equity,USD,Luxembourg,True,Accumulating,0.15,181.0,MSCI Japan (USD Hedged),,EUR 149 m,19.57%,+46.66%,+103.29%,+180.57%
LU1169830103,UBS MSCI Switzerland 20/35 UCITS ETF hEUR acc,SVE,212.0,equity,EUR,Luxembourg,True,Accumulating,0.23,41.0,MSCI Switzerland 20/35 (EUR Hedged),ISVE.BE,EUR 234 m,11.24%,+15.28%,+33.20%,+37.22%
LU1169830368,UBS MSCI Switzerland 20/35 UCITS ETF hUSD acc,CHUSD,78.0,equity,USD,Luxembourg,True,Accumulating,0.23,41.0,MSCI Switzerland 20/35 (USD Hedged),,EUR 80 m,11.60%,+15.08%,+30.43%,+59.03%
LU1169830525,UBS MSCI Switzerland 20/35 UCITS ETF hGBP acc,UC93,13.0,equity,GBP,Luxembourg,True,Accumulating,0.23,41.0,MSCI Switzerland 20/35 (GBP Hedged),,EUR 15 m,12.89%,+14.39%,+39.35%,+43.08%
LU1184092051,Xtrackers MSCI Europe UCITS ETF 2C USD hedged,XEOU,255.0,equity,USD,Luxembourg,True,Accumulating,0.3,401.0,MSCI Europe (USD Hedged),,EUR 274 m,12.59%,+16.06%,+40.67%,+82.22%
LU1215452092,UBS Factor MSCI EMU Quality Screened UCITS ETF hCHF acc,EQLTS,28.0,equity,CHF,Luxembourg,True,Accumulating,0.28,60.0,MSCI EMU Quality Advanced Target Select (CHF Hedged),,EUR 31 m,14.66%,-0.47%,+12.12%,+28.29%
LU1215827756,Xtrackers MSCI Japan UCITS ETF 7C - CHF Hedged,XMCJ,31.0,equity,CHF,Luxembourg,True,Accumulating,0.25,181.0,MSCI Japan (CHF Hedged),,EUR 31 m,20.33%,+46.88%,+105.25%,+165.81%
LU1215828218,Xtrackers MSCI EMU UCITS ETF 3C CHF hedged,XDUE,81.0,equity,CHF,Luxembourg,True,Accumulating,0.17,222.0,MSCI EMU (CHF Hedged),,EUR 108 m,14.80%,+17.58%,+53.46%,+84.49%
LU1221100792,Xtrackers DAX ESG Screened UCITS ETF 2C USD Hedged,XDUD,10.0,equity,USD,Luxembourg,True,Accumulating,0.19,34.0,DAX® ESG Screened (USD Hedged),,EUR 12 m,14.74%,+6.01%,+48.95%,+80.52%
LU1221102491,Xtrackers DAX ESG Screened UCITS ETF 4C CHF Hedged,XDCH,14.0,equity,CHF,Luxembourg,True,Accumulating,0.19,34.0,DAX® ESG Screened (CHF Hedged),,EUR 15 m,15.95%,+6.55%,+49.82%,+70.86%
LU1230563022,UBS MSCI Japan Socially Responsible UCITS ETF JPY acc,JPSO,68.0,equity,JPY,Luxembourg,False,Accumulating,0.19,49.0,MSCI Japan SRI Low Carbon Select 5% Issuer Capped,,EUR 74 m,17.91%,+20.65%,+43.09%,+40.77%
LU1273488715,UBS MSCI Japan Socially Responsible UCITS ETF hEUR acc,U1FB,98.0,equity,EUR,Luxembourg,True,Accumulating,0.22,49.0,MSCI Japan SRI Low Carbon Select 5% Issuer Capped (EUR Hedged),U1FB.DE,EUR 100 m,18.79%,+37.89%,+90.38%,+110.91%
LU1273489440,UBS MSCI Japan Socially Responsible UCITS ETF hUSD acc,JPSRU,3.0,equity,USD,Luxembourg,True,Accumulating,0.22,49.0,MSCI Japan SRI Low Carbon Select 5% Issuer Capped (USD Hedged),,EUR 4 m,18.72%,+39.65%,+86.25%,+147.08%
LU1273641503,UBS MSCI USA Socially Responsible UCITS ETF hCHF acc,USSRS,12.0,equity,CHF,Luxembourg,True,Accumulating,0.25,181.0,MSCI USA SRI Low Carbon Select 5% Issuer Capped (CHF Hedged),,EUR 12 m,14.62%,+20.08%,+57.78%,+64.40%
LU1273642816,UBS MSCI EMU Socially Responsible UCITS ETF hCHF acc,EUSRS,46.0,equity,CHF,Luxembourg,True,Accumulating,0.23,70.0,MSCI EMU SRI Low Carbon Select 5% Issuer Capped (CHF Hedged),,EUR 42 m,14.81%,+8.48%,+37.77%,+55.13%
LU1280300770,UBS MSCI EMU Socially Responsible UCITS ETF hUSD acc,EUSRU,9.0,equity,USD,Luxembourg,True,Accumulating,0.23,70.0,MSCI EMU SRI Low Carbon Select 5% Issuer Capped (USD Hedged),,EUR 8 m,13.25%,+8.44%,+37.85%,+65.05%
LU1287022708,Amundi Pan Africa UCITS ETF Acc,LGQM,86.0,equity,EUR,Luxembourg,False,Accumulating,0.85,,SGI Pan Africa,LGQM.BE,EUR 106 m,21.65%,+41.06%,+78.03%,+63.43%
LU1291097779,BNP Paribas Easy MSCI Emerging Min TE UCITS ETF,EMKX,1329.0,equity,EUR,Luxembourg,False,Accumulating,0.27,955.0,MSCI Emerging Markets Select Filtered Min TE,EMKX.DE,"EUR 1,819 m",16.58%,+48.27%,+76.70%,+47.25%
LU1291098314,BNP Paribas Easy MSCI Emerging SRI S-Series PAB 5% Capped UCITS ETF USD Acc,ESRI,30.0,equity,USD,Luxembourg,False,Accumulating,0.31,,MSCI Emerging SRI S-Series PAB 5% Capped,,EUR 26 m,14.03%,+29.05%,+42.02%,+28.41%
LU1291098827,BNP Paribas Easy MSCI EMU Min TE UCITS ETF,EMUX,1053.0,equity,EUR,Luxembourg,False,Accumulating,0.15,202.0,MSCI EMU Select Filtered Min TE,EMUX.BE,"EUR 1,329 m",14.13%,+17.27%,+52.89%,+62.41%
LU1291099718,BNP Paribas Easy MSCI Europe Min TE UCITS ETF,EEUX,3086.0,equity,EUR,Luxembourg,False,Accumulating,0.15,361.0,MSCI Europe Select Filtered Min TE,EEUX.DE,"EUR 3,412 m",12.28%,+15.84%,+45.41%,+56.68%
LU1291101555,BNP Paribas Easy MSCI Europe Small Caps SRI S-Series PAB 5% Capped UCITS ETF,EESM,231.0,equity,EUR,Luxembourg,False,Accumulating,0.25,135.0,MSCI Europe Small Cap SRI S-Series PAB 5% Capped,EESM.DE,EUR 259 m,12.60%,+9.38%,+29.96%,+8.13%
LU1291102447,BNP Paribas Easy MSCI Japan Min TE UCITS ETF,EJAP,1503.0,equity,EUR,Luxembourg,False,Accumulating,0.15,163.0,MSCI Japan Select Filtered Min TE,EJAP.BE,"EUR 1,718 m",18.79%,+27.21%,+57.57%,+62.51%
LU1291103338,BNP Paribas Easy MSCI USA SRI S-Series PAB 5% Capped UCITS ETF USD Acc,EKLD,83.0,equity,USD,Luxembourg,False,Accumulating,0.25,111.0,MSCI USA SRI S-Series PAB 5% Capped,EKLDC.PA,EUR 95 m,12.33%,+8.71%,+30.88%,+50.29%
LU1291104575,BNP Paribas Easy MSCI USA Min TE UCITS ETF,ENOA,1352.0,equity,EUR,Luxembourg,False,Accumulating,0.16,464.0,MSCI USA Select Filtered Min TE,ENOA.DE,"EUR 1,162 m",12.17%,+24.88%,+66.26%,+85.49%
LU1291106356,BNP Paribas Easy MSCI Pacific ex Japan Min TE UCITS ETF,PAC,315.0,equity,EUR,Luxembourg,False,Accumulating,0.15,90.0,MSCI Pacific ex Japan Select Filtered Min TE,PAC.DE,EUR 285 m,11.92%,+15.25%,+33.90%,+35.20%
LU1291108642,BNP Paribas Easy MSCI World SRI S-Series PAB 5% Capped UCITS ETF USD Acc,EWRD,45.0,equity,USD,Luxembourg,False,Accumulating,0.26,303.0,MSCI World SRI S-Series PAB 5% Capped,,EUR 53 m,10.47%,+10.94%,+33.24%,+48.84%
LU1327051279,Amundi MSCI USA Daily (-1x) Inverse UCITS ETF Acc,VOON,32.0,equity,USD,Luxembourg,False,Accumulating,0.6,,MSCI USA Short,VOON.BE,EUR 30 m,14.90%,-20.35%,-51.14%,-54.08%
LU1377381717,BNP Paribas Easy Low Volatility Europe UCITS ETF,VLEU,57.0,equity,EUR,Luxembourg,False,Accumulating,0.31,,BNP Paribas Low Vol Europe,VLEU.BE,EUR 62 m,11.19%,+7.16%,+33.83%,+46.44%
LU1377382103,BNP Paribas Easy Quality Europe UCITS ETF,QUEU,72.0,equity,EUR,Luxembourg,False,Accumulating,0.31,,BNP Paribas Quality Europe,QUEU.DE,EUR 55 m,12.89%,+12.38%,+33.67%,+35.12%
LU1377382285,BNP Paribas Easy Value Europe UCITS ETF,VALU,48.0,equity,EUR,Luxembourg,False,Accumulating,0.3,,BNP Paribas Value Europe,VALU.DE,EUR 51 m,11.19%,+18.97%,+59.03%,+47.00%
LU1377382368,BNP Paribas Easy Low Carbon 100 Europe PAB UCITS ETF,LCEU,433.0,equity,EUR,Luxembourg,False,Accumulating,0.3,100.0,Low Carbon 100 Europe PAB,LCEU.BE,EUR 440 m,12.16%,+9.75%,+25.37%,+38.42%
LU1437015735,Amundi Core MSCI Europe UCITS ETF Acc,A4HZ,3936.0,equity,EUR,Luxembourg,False,Accumulating,0.12,412.0,MSCI Europe,A4HZ.BE,"EUR 4,101 m",12.03%,+17.36%,+46.91%,+62.41%
LU1437017350,Amundi Core MSCI Emerging Markets UCITS ETF Acc,10AF,3514.0,equity,EUR,Luxembourg,False,Accumulating,0.18,1195.0,MSCI Emerging Markets,10AF.BE,"EUR 4,163 m",16.57%,+47.46%,+76.99%,+50.37%
LU1437025023,Amundi MSCI UK IMI SRI Climate Paris Aligned UCITS ETF - EUR (C),GNAZ,41.0,equity,EUR,Luxembourg,False,Accumulating,0.18,91.0,MSCI UK IMI SRI Filtered PAB,GNAZ.BE,EUR 32 m,14.28%,+9.50%,+42.58%,+36.27%
LU1437025296,Amundi MSCI UK IMI SRI Climate Paris Aligned UCITS ETF - GBP (C),ACU5,68.0,equity,GBP,Luxembourg,False,Accumulating,0.18,91.0,MSCI UK IMI SRI Filtered PAB,,EUR 71 m,13.98%,+9.72%,+42.47%,+35.41%
LU1446552652,Ossiam Shiller Barclays CAPE® US Sector Value TR UCITS ETF 1C (EUR Hedged),CAPH,349.0,equity,EUR,Luxembourg,True,Accumulating,0.65,,Shiller Barclays CAPE® US Sector Value (EUR Hedged),CAPH.SW,EUR 367 m,11.93%,+5.29%,+36.51%,+35.94%
LU1481203070,BNP Paribas Easy MSCI Japan Min TE UCITS ETF EUR Hedged,EJAH,137.0,equity,EUR,Luxembourg,True,Accumulating,0.15,163.0,MSCI Japan Select Filtered Min TE (EUR Hedged),EJAH.BE,EUR 136 m,19.16%,+45.56%,+107.27%,+140.30%
LU1589327680,UBS Core MSCI Europe UCITS ETF hCHF acc,EURCHA,102.0,equity,CHF,Luxembourg,True,Accumulating,0.09,404.0,MSCI Europe (CHF Hedged),,EUR 130 m,12.45%,+16.74%,+43.04%,+75.47%
LU1589349734,Amundi MSCI USA Minimum Volatility Factor UCITS ETF DR,MIVU,64.0,equity,USD,Luxembourg,False,Accumulating,0.18,,MSCI USA Minimum Volatility,MIVU.DE,EUR 39 m,9.50%,+1.63%,+28.30%,+47.50%
LU1600334798,UBS Core MSCI Europe UCITS ETF hEUR acc,UIMF,126.0,equity,EUR,Luxembourg,True,Accumulating,0.09,404.0,MSCI Europe (EUR Hedged),UIMF.DE,EUR 134 m,11.60%,+17.46%,+45.18%,+58.25%
LU1602144575,Amundi MSCI EMU ESG Selection UCITS ETF DR - EUR (C),AMED,1409.0,equity,EUR,Luxembourg,False,Accumulating,0.25,111.0,MSCI EMU ESG Selection P-Series 5% Issuer Capped,AMED.BE,"EUR 1,543 m",14.71%,+25.24%,+54.04%,+63.36%
LU1602144732,Amundi MSCI Japan ESG Broad Transition UCITS ETF EUR Acc,J1GR,326.0,equity,EUR,Luxembourg,False,Accumulating,0.15,167.0,MSCI Japan ESG Broad CTB Select,J1GR.BE,EUR 373 m,19.01%,+25.48%,+50.12%,+52.71%
LU1602144906,Amundi MSCI Pacific Ex Japan SRI Climate Paris Aligned UCITS ETF DR - EUR (C),18MM,237.0,equity,EUR,Luxembourg,False,Accumulating,0.45,36.0,MSCI Pacific ex Japan SRI Filtered PAB,18MM.BE,EUR 233 m,12.47%,+3.62%,+9.58%,+9.69%
LU1602145036,Amundi MSCI Pacific Ex Japan SRI Climate Paris Aligned UCITS ETF DR - USD (C),AFIP,24.0,equity,USD,Luxembourg,False,Accumulating,0.2,36.0,MSCI Pacific ex Japan SRI Filtered PAB,AFIP.BE,EUR 22 m,12.46%,+3.37%,+10.60%,+10.66%
LU1603795458,IndexIQ Factors Sustainable Europe Equity UCITS ETF,DX1F,146.0,equity,EUR,Luxembourg,False,Accumulating,0.25,259.0,Solactive Candriam Factors Sustainable Europe Equity,DX1F.BE,EUR 159 m,10.77%,+11.63%,+47.40%,+55.87%
LU1603797587,IndexIQ Factors Sustainable Japan Equity UCITS ETF,DXK7,99.0,equity,EUR,Luxembourg,False,Accumulating,0.3,143.0,Solactive Candriam Factors Sustainable Japan Equity,,EUR 96 m,15.96%,+13.05%,+34.18%,+47.64%
LU1615090864,BNP Paribas Easy Dividend Europe UCITS ETF,EDEU,41.0,equity,EUR,Luxembourg,False,Accumulating,0.31,,BNP Paribas High Dividend Europe,EDEU.DE,EUR 50 m,10.80%,+21.48%,+73.50%,+68.77%
LU1615092217,BNP Paribas Easy MSCI World SRI S-Series PAB 5% Capped UCITS ETF EUR Acc,EMWE,895.0,equity,EUR,Luxembourg,False,Accumulating,0.26,303.0,MSCI World SRI S-Series PAB 5% Capped,EMWE.BE,EUR 881 m,10.51%,+12.03%,+34.33%,+48.70%
LU1646359619,Amundi MSCI Japan SRI Climate Paris Aligned UCITS ETF DR - GBP Hedged (C),JPXX,15.0,equity,GBP,Luxembourg,True,Accumulating,0.2,36.0,MSCI Japan SRI Filtered PAB (GBP Hedged),,EUR 15 m,17.81%,+21.32%,+49.61%,+64.00%
LU1646359882,Amundi MSCI Japan SRI Climate Paris Aligned UCITS ETF DR - USD Hedged (C),JPXU,60.0,equity,USD,Luxembourg,True,Accumulating,0.2,36.0,MSCI Japan SRI Filtered PAB (USD Hedged),,EUR 33 m,16.89%,+24.00%,+41.02%,+86.06%
LU1646361276,Amundi Core MSCI EMU UCITS ETF Acc,B8TI,293.0,equity,EUR,Luxembourg,False,Accumulating,0.12,224.0,MSCI EMU,,EUR 490 m,14.11%,+17.40%,+55.05%,+66.70%
LU1650492173,Amundi Core FTSE 100 Swap UCITS ETF Acc,B8TT,873.0,equity,GBP,Luxembourg,False,Accumulating,0.14,,FTSE 100,B8TT.BE,EUR 687 m,11.39%,+19.28%,+51.98%,+75.20%
LU1650492330,Amundi Core FTSE 100 Swap UCITS ETF EUR Hedged Acc,LMVC,54.0,equity,EUR,Luxembourg,True,Accumulating,0.3,,FTSE 100 (EUR Hedged),LMVC.MU,EUR 59 m,10.76%,+20.39%,+43.57%,+62.75%
LU1650492504,Amundi Core FTSE 100 Swap UCITS ETF USD Hedged Acc,6RQ0,3.0,equity,USD,Luxembourg,True,Accumulating,0.3,,FTSE 100 (USD Hedged),,EUR 2 m,11.05%,+18.95%,+38.74%,+85.48%
LU1655103486,Ossiam Bloomberg Europe ex Eurozone PAB NR UCITS ETF 1C (EUR),OP4E,237.0,equity,EUR,Luxembourg,False,Accumulating,0.17,90.0,Bloomberg PAB Europe DM ex Eurozone Large & Mid Cap,,EUR 246 m,12.30%,+10.94%,+30.13%,+50.05%
LU1655103643,Ossiam Bloomberg Japan PAB NR UCITS ETF 1C (EUR),OP5E,0.0,equity,EUR,Luxembourg,False,Accumulating,0.19,64.0,Bloomberg PAB Japan Large & Mid Cap,,EUR 1 m,18.10%,+27.28%,+47.61%,+49.21%
LU1655103726,Ossiam Bloomberg Japan PAB NR UCITS ETF H1C (EUR Hedged),OP5H,1.0,equity,EUR,Luxembourg,True,Accumulating,0.25,64.0,Bloomberg PAB Japan Large & Mid Cap (EUR Hedged),,EUR 1 m,18.70%,+45.64%,+93.87%,+120.29%
LU1659681230,BNP Paribas Easy MSCI Emerging SRI PAB UCITS ETF EUR Acc,ZSRN,114.0,equity,EUR,Luxembourg,False,Accumulating,0.31,,MSCI Emerging SRI S-Series PAB 5% Capped,ZSRN.BE,EUR 124 m,14.21%,+28.62%,+42.08%,+27.40%
LU1659681586,BNP Paribas Easy MSCI USA SRI S-Series PAB 5% Capped UCITS ETF EUR Acc,ZSRM,67.0,equity,EUR,Luxembourg,False,Accumulating,0.25,111.0,MSCI USA SRI S-Series PAB 5% Capped,ZSRM.BE,EUR 78 m,12.44%,+8.17%,+31.11%,+49.94%
LU1681037518,Amundi Italy MIB ESG UCITS ETF,X13H,149.0,equity,EUR,Luxembourg,False,Accumulating,0.18,38.0,MIB ESG,X13H.BE,EUR 174 m,15.89%,+26.18%,+109.31%,+141.12%
LU1681037609,Amundi Japan Topix UCITS ETF EUR,XAMY,353.0,equity,EUR,Luxembourg,False,Accumulating,0.2,,TOPIX®,XAMY.BE,EUR 337 m,17.63%,+27.40%,+56.69%,+63.09%
LU1681037781,Amundi Japan Topix UCITS ETF JPY,TPXU,201.0,equity,JPY,Luxembourg,False,Accumulating,0.2,,TOPIX®,,EUR 246 m,17.73%,+25.79%,+56.14%,+60.50%
LU1681037864,Amundi Japan Topix UCITS ETF Daily Hedged EUR (C),TTPX,278.0,equity,EUR,Luxembourg,True,Accumulating,0.48,,TOPIX® (EUR Hedged),TTPX.BE,EUR 186 m,18.26%,+43.62%,+103.95%,+133.22%
LU1681037948,Amundi Japan Topix UCITS ETF Daily Hedged USD,10A1,30.0,equity,USD,Luxembourg,True,Accumulating,0.48,,TOPIX® (USD Hedged),,EUR 34 m,18.68%,+42.30%,+99.42%,+169.38%
LU1681038086,Amundi Japan Topix UCITS ETF Daily Hedged GBP,TPHG,8.0,equity,GBP,Luxembourg,True,Accumulating,0.48,,TOPIX® (GBP Hedged),,EUR 11 m,18.95%,+41.98%,+115.29%,+148.84%
LU1681038169,Amundi Japan Topix UCITS ETF Daily Hedged CHF,TPHC,6.0,equity,CHF,Luxembourg,True,Accumulating,0.48,,TOPIX® (CHF Hedged),,EUR 7 m,18.97%,+45.28%,+102.57%,+162.25%
LU1681038243,Amundi Nasdaq-100 Swap UCITS ETF EUR Acc,6AQQ,1397.0,equity,EUR,Luxembourg,False,Accumulating,0.23,,Nasdaq 100®,6AQQ.BE,"EUR 1,621 m",15.90%,+38.64%,+97.45%,+137.42%
LU1681038326,Amundi Nasdaq-100 Swap UCITS ETF USD Acc,10A4,402.0,equity,USD,Luxembourg,False,Accumulating,0.23,,Nasdaq 100®,10A4.BE,EUR 492 m,15.33%,+37.80%,+97.59%,+136.69%
LU1681038599,Amundi Nasdaq-100 Swap UCITS ETF EUR Hedged Acc,HNDX,720.0,equity,EUR,Luxembourg,True,Accumulating,0.35,,Nasdaq 100® (EUR Hedged),HNDX.BE,EUR 939 m,15.92%,+38.66%,+100.52%,+101.25%
LU1681038672,Amundi Russell 2000 UCITS ETF EUR (C),RS2K,686.0,equity,EUR,Luxembourg,False,Accumulating,0.35,,Russell 2000®,RS2K.DE,EUR 766 m,18.63%,+37.62%,+55.30%,+40.57%
LU1681038839,Amundi Russell 2000 UCITS ETF USD,18MR,125.0,equity,USD,Luxembourg,False,Accumulating,0.35,,Russell 2000®,,EUR 171 m,18.61%,+36.85%,+55.47%,+40.19%
LU1681038912,Amundi JPX Nikkei 400 UCITS ETF EUR (C),JP40,44.0,equity,EUR,Luxembourg,False,Accumulating,0.18,,JPX-Nikkei 400,JP40.DE,EUR 56 m,17.79%,+26.20%,+56.16%,+61.25%
LU1681039050,Amundi JPX Nikkei 400 UCITS ETF JPY,JPNY,38.0,equity,JPY,Luxembourg,False,Accumulating,0.18,,JPX-Nikkei 400,,EUR 46 m,17.69%,+27.27%,+56.72%,+63.00%
LU1681039134,Amundi JPX Nikkei 400 UCITS ETF Daily Hedged EUR (C),JP4H,62.0,equity,EUR,Luxembourg,True,Accumulating,0.18,,JPX-Nikkei 400 (EUR Hedged),JP4H.BE,EUR 79 m,18.36%,+44.62%,+106.54%,+138.15%
LU1681039217,Amundi JPX Nikkei 400 UCITS ETF Daily Hedged USD,A4HU,65.0,equity,USD,Luxembourg,True,Accumulating,0.18,,JPX-Nikkei 400 (USD Hedged),A4HU.BE,EUR 77 m,18.76%,+43.16%,+101.82%,+174.95%
LU1681039308,Amundi JPX Nikkei 400 UCITS ETF Daily Hedged GBP,18MQ,7.0,equity,GBP,Luxembourg,True,Accumulating,0.18,,JPX-Nikkei 400 (GBP Hedged),18MQ.MU,EUR 9 m,19.05%,+42.84%,+117.87%,+153.85%
LU1681040223,Amundi STOXX Europe 600 ESG UCITS ETF DR EUR (C),AME6,1399.0,equity,EUR,Luxembourg,False,Accumulating,0.18,487.0,STOXX® Europe 600 ESG+,AME6.BE,"EUR 1,751 m",13.00%,+15.57%,+43.67%,+55.63%
LU1681041460,Amundi MSCI Europe Momentum Factor UCITS ETF EUR (C),MJMT,128.0,equity,EUR,Luxembourg,False,Accumulating,0.23,,MSCI Europe Momentum,MJMT.BE,EUR 145 m,16.27%,+18.07%,+71.52%,+72.72%
LU1681041544,Amundi MSCI Europe Small Cap ESG Broad Transition UCITS ETF Acc,X13N,84.0,equity,EUR,Luxembourg,False,Accumulating,0.23,782.0,MSCI Europe Small Cap ESG Broad CTB Select,X13N.BE,EUR 95 m,12.28%,+14.82%,+42.73%,+33.57%
LU1681041627,Amundi MSCI Europe Minimum Volatility Factor UCITS ETF EUR (C),MIVA,152.0,equity,EUR,Luxembourg,False,Accumulating,0.23,,MSCI Europe Minimum Volatility,MIVA.BE,EUR 159 m,8.30%,+5.95%,+33.79%,+42.61%
LU1681041890,Amundi MSCI Europe Quality Factor UCITS ETF EUR (C),AMEQ,260.0,equity,EUR,Luxembourg,False,Accumulating,0.23,,MSCI Europe Quality,AMEQ.DE,EUR 253 m,12.46%,+8.07%,+21.05%,+30.60%
LU1681041973,Amundi MSCI Europe High Dividend Factor UCITS ETF EUR (C),EHF1,341.0,equity,EUR,Luxembourg,False,Accumulating,0.23,,MSCI Europe High Dividend Yield,EHF1.BE,EUR 446 m,9.05%,+15.10%,+51.21%,+73.59%
LU1681042435,Amundi MSCI Europe Growth UCITS ETF - EUR (C),X135,114.0,equity,EUR,Luxembourg,False,Accumulating,0.35,213.0,MSCI Europe Growth,X135.BE,EUR 166 m,14.69%,+9.59%,+23.94%,+32.94%
LU1681042518,Amundi MSCI Europe Value Factor UCITS ETF EUR,10A2,295.0,equity,EUR,Luxembourg,False,Accumulating,0.23,,MSCI Europe Value,,EUR 337 m,10.81%,+23.30%,+71.11%,+92.26%
LU1681042609,Amundi MSCI Europe ESG Broad Transition UCITS ETF - EUR (C),CEUG,2406.0,equity,EUR,Luxembourg,False,Accumulating,0.12,372.0,MSCI Europe ESG Broad CTB Select,CEUG.BE,"EUR 2,349 m",12.48%,+17.25%,+46.93%,+57.85%
LU1681042864,Amundi PEA MSCI USA ESG Selection UCITS ETF - EUR,ACU2,472.0,equity,EUR,Luxembourg,False,Accumulating,0.35,,MSCI USA ESG Selection P-Series 5% Issuer Capped,ACU2.BE,EUR 496 m,13.21%,+24.01%,+60.13%,+82.50%
LU1681042948,Amundi PEA MSCI USA ESG Selection UCITS ETF - USD,XAMX,135.0,equity,USD,Luxembourg,False,Accumulating,0.35,,MSCI USA ESG Selection P-Series 5% Issuer Capped,XAMX.BE,EUR 153 m,12.93%,+23.35%,+60.32%,+82.12%
LU1681043086,Amundi MSCI India Swap II UCITS ETF EUR Acc,18MK,160.0,equity,EUR,Luxembourg,False,Accumulating,0.8,,MSCI India,18MK.BE,EUR 151 m,15.96%,-14.94%,+7.72%,+24.12%
LU1681043169,Amundi MSCI India Swap II UCITS ETF USD Acc,10A3,68.0,equity,USD,Luxembourg,False,Accumulating,0.8,,MSCI India,10A3.BE,EUR 66 m,15.48%,-15.29%,+7.98%,+23.95%
LU1681043599,Amundi MSCI World Swap UCITS ETF EUR Acc,AMEW,5493.0,equity,EUR,Luxembourg,False,Accumulating,0.38,,MSCI World,AMEW.BE,"EUR 6,123 m",10.06%,+23.60%,+63.30%,+81.72%
LU1681043672,Amundi MSCI World Swap UCITS ETF USD Acc,XAMZ,107.0,equity,USD,Luxembourg,False,Accumulating,0.38,,MSCI World,XAMZ.BE,EUR 92 m,10.03%,+22.93%,+63.50%,+81.25%
LU1681043912,Amundi MSCI China Tech UCITS ETF EUR Acc,18MG,144.0,equity,EUR,Luxembourg,False,Accumulating,0.55,95.0,MSCI China Tech IMI All Share Stock Connect Filtered,,EUR 251 m,20.33%,+28.00%,+12.79%,+8.87%
LU1681044050,Amundi MSCI China Tech UCITS ETF USD Acc,XAME,38.0,equity,USD,Luxembourg,False,Accumulating,0.55,95.0,MSCI China Tech IMI All Share Stock Connect Filtered,XAME.BE,EUR 38 m,19.99%,+27.24%,+12.87%,+8.53%
LU1681044308,Amundi MSCI Europe ex Switzerland ESG Broad Transition UCITS ETF Acc,X13Z,614.0,equity,EUR,Luxembourg,False,Accumulating,0.13,199.0,MSCI Europe ex Switzerland ESG Broad CTB Select,X13Z.BE,EUR 575 m,13.12%,+16.24%,+37.48%,+53.08%
LU1681044480,Amundi MSCI Emerging Markets Asia UCITS ETF EUR (C),AMEA,1447.0,equity,EUR,Luxembourg,False,Accumulating,0.2,,MSCI Emerging Markets Asia,AMEA.BE,"EUR 1,743 m",20.01%,+54.15%,+85.54%,+53.99%
LU1681044563,Amundi MSCI Emerging Markets Asia UCITS ETF USD,XPAM,695.0,equity,USD,Luxembourg,False,Accumulating,0.2,,MSCI Emerging Markets Asia,XPAM.MU,EUR 943 m,19.19%,+53.41%,+85.88%,+53.65%
LU1681044647,Amundi MSCI Nordic UCITS ETF EUR (C),CN1G,274.0,equity,EUR,Luxembourg,False,Accumulating,0.25,80.0,MSCI Nordic Countries,CN1G.BE,EUR 314 m,14.77%,+12.97%,+26.21%,+30.67%
LU1681044720,Amundi MSCI Switzerland UCITS ETF EUR (C),540J,225.0,equity,EUR,Luxembourg,False,Accumulating,0.25,,MSCI Switzerland,540J.BE,EUR 234 m,11.88%,+15.99%,+30.70%,+49.67%
LU1681044993,Amundi MSCI Switzerland UCITS ETF CHF,18MN,323.0,equity,CHF,Luxembourg,False,Accumulating,0.25,,MSCI Switzerland,,EUR 354 m,11.88%,+16.07%,+30.79%,+49.78%
LU1681045024,Amundi MSCI Emerging Markets Latin America UCITS ETF EUR (C),AMEL,608.0,equity,EUR,Luxembourg,False,Accumulating,0.2,,MSCI Emerging Markets Latin America,AMEL.BE,EUR 976 m,17.52%,+35.92%,+41.45%,+67.84%
LU1681045297,Amundi MSCI Emerging Markets Latin America UCITS ETF USD,10AR,94.0,equity,USD,Luxembourg,False,Accumulating,0.2,,MSCI Emerging Markets Latin America,10AR.BE,EUR 562 m,18.66%,+35.57%,+42.03%,+68.00%
LU1681045370,Amundi MSCI Emerging Markets Swap UCITS ETF EUR Acc,AMEM,3506.0,equity,EUR,Luxembourg,False,Accumulating,0.2,,MSCI Emerging Markets,AMEM.BE,"EUR 4,276 m",17.23%,+48.66%,+77.57%,+51.56%
LU1681045453,Amundi MSCI Emerging Markets Swap UCITS ETF USD Acc,X9I1,1262.0,equity,USD,Luxembourg,False,Accumulating,0.2,,MSCI Emerging Markets,X9I1.BE,"EUR 1,479 m",16.64%,+48.00%,+77.80%,+51.17%
LU1681045537,Amundi MSCI World ex Europe UCITS ETF EUR (C),CE8G,723.0,equity,EUR,Luxembourg,False,Accumulating,0.35,,MSCI World ex Europe,CE8G.BE,EUR 786 m,10.78%,+25.29%,+67.88%,+87.16%
LU1681046006,Amundi Global Bioenergy UCITS ETF EUR Acc,WDNR,33.0,equity,EUR,Luxembourg,False,Accumulating,0.35,26.0,Bloomberg BioEnergy Screened,WDNR.DE,EUR 65 m,15.44%,+47.88%,+25.44%,+110.20%
LU1681046188,Amundi Global Bioenergy UCITS ETF USD Acc,X136,4.0,equity,USD,Luxembourg,False,Accumulating,0.35,26.0,Bloomberg BioEnergy Screened,X136.MU,EUR 7 m,15.63%,+46.81%,+26.23%,+110.73%
LU1681046931,Amundi CAC 40 ESG UCITS ETF DR - EUR (C),GC40,609.0,equity,EUR,Luxembourg,False,Accumulating,0.25,38.0,CAC 40® ESG,GC40.BE,EUR 752 m,15.18%,+5.16%,+23.00%,+45.30%
LU1681047236,Amundi Core EURO STOXX 50 UCITS ETF EUR Acc,V50A,3282.0,equity,EUR,Luxembourg,False,Accumulating,0.09,56.0,EURO STOXX® 50,V50A.BE,"EUR 3,822 m",15.44%,+15.69%,+52.52%,+71.95%
LU1681047400,Amundi Core EURO STOXX 50 UCITS ETF USD Acc,X13U,40.0,equity,USD,Luxembourg,False,Accumulating,0.09,56.0,EURO STOXX® 50,X13U.BE,EUR 46 m,15.70%,+14.63%,+52.13%,+70.88%
LU1681047665,Amundi ETF JPX Nikkei 400 UCITS ETF Daily Hedged CHF,JPHC,7.0,equity,CHF,Luxembourg,True,Accumulating,0.18,,JPX-Nikkei 400 (CHF Hedged),,EUR 8 m,19.06%,+45.59%,+104.66%,+166.83%
LU1681048127,Amundi S&P 500 Buyback UCITS ETF EUR (C),B500,55.0,equity,EUR,Luxembourg,False,Accumulating,0.15,,S&P 500 Buyback,B500.DE,EUR 55 m,13.07%,+18.90%,+52.18%,+67.79%
LU1681048556,Amundi ETF S&P 500 Buyback UCITS ETF USD,AFIA,15.0,equity,USD,Luxembourg,False,Accumulating,0.15,,S&P 500 Buyback,AFIA.BE,EUR 21 m,12.94%,+18.16%,+52.26%,+67.24%
LU1681048630,Amundi Global Luxury UCITS ETF EUR Acc,GLUX,371.0,equity,EUR,Luxembourg,False,Accumulating,0.25,,S&P Global Luxury,GLUX.BE,EUR 366 m,17.68%,+4.25%,-1.21%,+3.37%
LU1681048713,Amundi Global Luxury UCITS ETF USD Acc,AFID,40.0,equity,USD,Luxembourg,False,Accumulating,0.25,,S&P Global Luxury,AFID.BE,EUR 41 m,17.78%,+3.69%,-1.10%,+3.09%
LU1681048804,Amundi S&P 500 Swap UCITS ETF EUR Acc,AUM5,2375.0,equity,EUR,Luxembourg,False,Accumulating,0.15,,S&P 500®,AUM5.BE,"EUR 2,544 m",11.87%,+26.03%,+71.40%,+100.59%
LU1681049018,Amundi S&P 500 Swap UCITS ETF USD Acc,10AP,2864.0,equity,USD,Luxembourg,False,Accumulating,0.15,,S&P 500®,,"EUR 3,177 m",11.64%,+25.37%,+71.62%,+100.09%
LU1681049109,Amundi S&P 500 Swap UCITS ETF EUR Hedged Acc,H1D5,781.0,equity,EUR,Luxembourg,True,Accumulating,0.28,,S&P 500® (EUR Hedged),H1D5.BE,EUR 866 m,11.74%,+26.10%,+74.03%,+69.91%
LU1691909508,Amundi Global Gender Equality UCITS ETF Acc,VOOM,48.0,equity,USD,Luxembourg,False,Accumulating,0.2,153.0,Solactive Equileap Global Gender Equality,VOOM.BE,EUR 37 m,9.13%,+13.16%,+41.80%,+42.26%
LU1750178011,Market Access STOXX China A Minimum Variance UCITS ETF,M9SV,36.0,equity,EUR,Luxembourg,False,Accumulating,0.45,,STOXX® China A 900 Minimum Variance Unconstrained AM,M9SV.DE,EUR 38 m,14.26%,+5.17%,+13.47%,+25.65%
LU1753045332,BNP Paribas Easy MSCI Europe SRI S-Series PAB 5% Capped UCITS ETF EUR Acc,ASRR,71.0,equity,EUR,Luxembourg,False,Accumulating,0.25,114.0,MSCI Europe SRI S-Series PAB 5% Capped,,EUR 82 m,12.63%,+10.29%,+32.90%,+38.53%
LU1753045845,BNP Paribas Easy MSCI Japan SRI S-Series PAB 5% Capped UCITS ETF EUR Acc,QUEJ,6.0,equity,EUR,Luxembourg,False,Accumulating,0.26,39.0,MSCI Japan SRI S-Series PAB 5% Capped,QUEJ.BE,EUR 9 m,16.53%,+9.31%,+9.78%,+9.66%
LU1772333404,Xtrackers Stoxx Europe 600 UCITS ETF 2C - EUR Hedged,XSXE,11.0,equity,EUR,Luxembourg,True,Accumulating,0.25,603.0,STOXX® Europe 600 (EUR Hedged),XSXE.DE,EUR 12 m,11.68%,+17.24%,+45.32%,+55.93%
LU1781541252,Amundi Core MSCI Japan UCITS ETF Acc,LCUJ,4360.0,equity,JPY,Luxembourg,False,Accumulating,0.12,180.0,MSCI Japan,LCUJ.BE,"EUR 5,396 m",18.75%,+26.52%,+57.07%,+61.34%
LU1781541849,Amundi MSCI EM Asia ESG Broad Transition UCITS ETF Acc,LCUA,434.0,equity,USD,Luxembourg,False,Accumulating,0.25,685.0,MSCI EM Asia ESG Broad CTB Select,LCUA.BE,EUR 679 m,19.39%,+52.88%,+85.19%,+53.99%
LU1804202403,UBS MSCI EMU Select Factor Mix UCITS ETF EUR acc,UIQN,15.0,equity,EUR,Luxembourg,False,Accumulating,0.34,553.0,MSCI EMU Select Factor Mix,UIQN.DE,EUR 16 m,12.29%,+15.03%,+53.37%,+59.27%
LU1829219390,Amundi Euro Stoxx Banks UCITS ETF Acc,LYBK,4909.0,equity,EUR,Luxembourg,False,Accumulating,0.3,29.0,EURO STOXX® Banks,LYBK.BE,"EUR 5,207 m",23.38%,+41.99%,+214.82%,+264.83%
LU1829220133,Amundi MSCI All Country World UCITS ETF USD Acc,LYAC,178.0,equity,USD,Luxembourg,False,Accumulating,0.45,,MSCI All Country World (ACWI),,EUR 110 m,9.51%,+25.74%,+65.64%,+77.88%
LU1829220216,Amundi MSCI All Country World UCITS ETF EUR Acc,LYY0,1910.0,equity,EUR,Luxembourg,False,Accumulating,0.45,,MSCI All Country World (ACWI),LYY0.BE,"EUR 2,255 m",9.66%,+26.41%,+65.41%,+78.31%
LU1829221024,Amundi Core Nasdaq-100 Swap UCITS ETF Acc,LYMS,4644.0,equity,EUR,Luxembourg,False,Accumulating,0.22,,Nasdaq 100®,LYMS.BE,"EUR 5,796 m",15.78%,+38.67%,+97.02%,+137.57%
LU1834983477,Amundi STOXX Europe 600 Banks UCITS ETF Acc,LBNK,2392.0,equity,EUR,Luxembourg,False,Accumulating,0.3,,STOXX® Europe 600 Banks,LBNK.BE,"EUR 2,605 m",21.47%,+41.82%,+191.60%,+243.23%
LU1834983550,Amundi STOXX Europe 600 Basic Resources UCITS ETF Acc,LBRE,353.0,equity,EUR,Luxembourg,False,Accumulating,0.3,,STOXX® Europe 600 Basic Resources,LBRE.BE,EUR 524 m,24.64%,+78.73%,+74.88%,+75.75%
LU1834983634,Amundi STOXX Europe 600 Basic Materials UCITS ETF Acc,LCHM,16.0,equity,EUR,Luxembourg,False,Accumulating,0.3,,STOXX® Europe 600 Industry Basic Materials 30-15,LCHM.BE,EUR 24 m,17.03%,+33.87%,+34.34%,+37.91%
LU1834985845,Amundi STOXX Europe 600 Consumer Staples UCITS ETF Acc,LFOD,64.0,equity,EUR,Luxembourg,False,Accumulating,0.3,,STOXX® Europe 600 Industry Consumer Staples 30-15,LFOD.BE,EUR 63 m,12.65%,-3.00%,-6.50%,-2.46%
LU1834986900,Amundi STOXX Europe 600 Healthcare UCITS ETF Acc,LHTC,909.0,equity,EUR,Luxembourg,False,Accumulating,0.3,,STOXX® Europe 600 Health Care,LHTC.BE,EUR 838 m,15.48%,+8.05%,+7.75%,+29.97%
LU1834987890,Amundi STOXX Europe 600 Industrials UCITS ETF Acc,LIGS,368.0,equity,EUR,Luxembourg,False,Accumulating,0.3,,STOXX® Europe 600 Industry Industrials 30-15,LIGS.BE,EUR 366 m,18.19%,+15.14%,+65.25%,+71.17%
LU1834987973,Amundi STOXX Europe 600 Insurance UCITS ETF Acc,LIRU,128.0,equity,EUR,Luxembourg,False,Accumulating,0.3,,STOXX® Europe 600 Insurance,LIRU.BE,EUR 150 m,14.24%,+6.02%,+69.78%,+95.89%
LU1834988278,Amundi STOXX Europe 600 Energy ESG Screened UCITS ETF Acc,LOGS,136.0,equity,EUR,Luxembourg,False,Accumulating,0.3,20.0,STOXX® Europe 600 Energy ESG+,LOGS.BE,EUR 212 m,16.57%,+63.81%,+88.22%,+165.95%
LU1834988518,Amundi STOXX Europe 600 Technology UCITS ETF Acc,LTUG,164.0,equity,EUR,Luxembourg,False,Accumulating,0.3,,STOXX® Europe 600 Technology,LTUG.BE,EUR 192 m,22.42%,+19.74%,+43.45%,+47.67%
LU1834988609,Amundi STOXX Europe 600 Telecommunications UCITS ETF Acc,LTCM,34.0,equity,EUR,Luxembourg,False,Accumulating,0.3,,STOXX® Europe 600 Telecommunications,LTCM.BE,EUR 42 m,14.69%,+24.28%,+72.44%,+63.81%
LU1834988781,Amundi STOXX Europe 600 Consumer Discretionary UCITS ETF Acc,LTVL,101.0,equity,EUR,Luxembourg,False,Accumulating,0.3,,STOXX® Europe 600 Industry Consumer Discretionary 30-15,LTVL.BE,EUR 95 m,17.71%,-3.83%,-12.35%,-16.68%
LU1834988864,Amundi STOXX Europe 600 Utilities UCITS ETF Acc,LUTI,116.0,equity,EUR,Luxembourg,False,Accumulating,0.3,,STOXX® Europe 600 Utilities,LUTI.BE,EUR 212 m,14.41%,+26.56%,+59.47%,+69.89%
LU1841731745,Amundi MSCI China UCITS ETF Acc,L4K3,598.0,equity,USD,Luxembourg,False,Accumulating,0.29,,MSCI China,L4K3.BE,EUR 567 m,17.84%,+1.18%,+27.00%,-18.79%
LU1847674733,Ossiam Bloomberg Eurozone PAB NR UCITS ETF 1C (EUR),OP2E,307.0,equity,EUR,Luxembourg,False,Accumulating,0.17,97.0,Bloomberg PAB Eurozone DM Large & Mid Cap,,EUR 263 m,14.68%,+12.34%,+36.91%,+46.07%
LU1861132840,Amundi MSCI Robotics & AI UCITS ETF Acc,GOAI,995.0,equity,EUR,Luxembourg,False,Accumulating,0.4,161.0,MSCI ACWI IMI Robotics & AI Filtered,GOAI.BE,"EUR 1,165 m",18.08%,+45.45%,+79.88%,+82.58%
LU1861137484,Amundi MSCI Europe SRI Climate Paris Aligned UCITS ETF DR (C),MIVB,1249.0,equity,EUR,Luxembourg,False,Accumulating,0.18,112.0,MSCI Europe SRI Filtered PAB,MIVB.BE,EUR 948 m,13.01%,+3.62%,+22.62%,+31.32%
LU1861138961,Amundi MSCI Emerging Markets SRI Climate Paris Aligned UCITS ETF DR (C),AMEI,1577.0,equity,USD,Luxembourg,False,Accumulating,0.25,162.0,MSCI Emerging Markets SRI Filtered PAB,AMEI.BE,"EUR 1,821 m",14.86%,+31.75%,+46.61%,+25.90%
LU1900065811,Amundi MSCI Indonesia UCITS ETF Acc,LYXI,74.0,equity,EUR,Luxembourg,False,Accumulating,0.45,,MSCI Indonesia,LYXI.DE,EUR 82 m,22.96%,-39.91%,-52.17%,-30.62%
LU1900066033,Amundi MSCI Semiconductors UCITS ETF Acc,LSMC,1089.0,equity,EUR,Luxembourg,False,Accumulating,0.35,61.0,MSCI ACWI Semiconductors & Semiconductor Equipment Filtered,,"EUR 1,881 m",25.12%,+129.22%,+313.51%,+368.13%
LU1900066207,Amundi MSCI Brazil UCITS ETF Acc,LBRA,261.0,equity,EUR,Luxembourg,False,Accumulating,0.65,,MSCI Brazil,LBRA.BE,EUR 353 m,20.64%,+32.96%,+34.55%,+43.25%
LU1900066462,Amundi MSCI Eastern Europe Ex Russia UCITS ETF Acc,LEER,413.0,equity,EUR,Luxembourg,False,Accumulating,0.5,,MSCI Emerging Markets Eastern Europe ex Russia,LEER.BE,EUR 546 m,19.52%,+40.76%,+131.52%,+119.82%
LU1900066975,Amundi MSCI Korea UCITS ETF Acc,LKOR,329.0,equity,EUR,Luxembourg,False,Accumulating,0.45,,MSCI Korea 20/35,LKOR.BE,EUR 850 m,44.32%,+237.62%,+217.26%,+153.52%
LU1900067601,Amundi MSCI Turkey UCITS ETF Acc,LTUR,115.0,equity,EUR,Luxembourg,False,Accumulating,0.45,,MSCI Turkey,LTUR.BE,EUR 83 m,24.89%,+27.61%,+36.90%,+126.38%
LU1900068161,Amundi MSCI AC Asia Ex Japan UCITS ETF Acc,LASI,393.0,equity,EUR,Luxembourg,False,Accumulating,0.5,,MSCI AC Asia ex Japan,LASI.BE,EUR 419 m,19.10%,+50.29%,+79.32%,+48.73%
LU1900068328,Amundi MSCI AC Asia Pacific Ex Japan UCITS ETF Acc,LASP,623.0,equity,EUR,Luxembourg,False,Accumulating,0.6,,MSCI AC Asia Pacific ex Japan,LASP.BE,EUR 804 m,17.74%,+45.06%,+71.82%,+47.56%
LU1900068914,Amundi MSCI China ESG Selection Extra UCITS ETF Acc,LCHI,528.0,equity,EUR,Luxembourg,False,Accumulating,0.65,164.0,MSCI China Select ESG Rating and Trend Leaders,LCHI.BE,EUR 429 m,20.03%,+1.53%,+22.20%,-27.41%
LU1920015366,Xtrackers MSCI EMU UCITS ETF 4C,XEMU,7.0,equity,EUR,Luxembourg,False,Accumulating,0.12,222.0,MSCI EMU,,EUR 5 m,14.13%,+17.99%,-,-
LU1940199711,Amundi MSCI Europe ESG Selection UCITS ETF Acc,LEAD,1022.0,equity,EUR,Luxembourg,False,Accumulating,0.2,219.0,MSCI Europe ESG Selection P-Series 5% Issuer Capped,LEAD.DE,"EUR 1,048 m",12.89%,+17.49%,+39.11%,+52.60%
LU1940199984,Amundi MSCI Europe ESG Selection UCITS ETF EUR Hedged Acc,BUN5,78.0,equity,EUR,Luxembourg,True,Accumulating,0.25,219.0,MSCI Europe ESG Selection P-Series 5% Issuer Capped (EUR Hedged),,EUR 56 m,12.56%,+16.94%,+37.19%,+50.23%
LU1953136527,BNP Paribas Easy ECPI Circular Economy Leaders UCITS ETF EUR,EMEC,393.0,equity,EUR,Luxembourg,False,Accumulating,0.3,51.0,ECPI Circular Economy Leaders Equity,EMEC.BE,EUR 353 m,10.68%,+20.82%,+37.99%,+59.15%
LU1953137681,BNP Paribas Easy MSCI EMU SRI S-Series PAB 5% Capped UCITS ETF,EMUS,139.0,equity,EUR,Luxembourg,False,Accumulating,0.25,59.0,MSCI EMU SRI S-Series PAB 5% Capped,CSEMUS.MI,EUR 142 m,12.97%,+12.73%,+41.54%,+46.35%
LU1954152853,Amundi Core Nasdaq-100 Swap UCITS ETF EUR Hedged Acc,BUNH,176.0,equity,EUR,Luxembourg,True,Accumulating,0.2,,Nasdaq 100® (EUR Hedged),BUNH.DE,EUR 256 m,15.80%,+38.51%,+100.28%,+102.18%
LU1971906984,UBS EURO STOXX 50 ESG UCITS ETF EUR acc,CHSE,84.0,equity,EUR,Luxembourg,False,Accumulating,0.1,50.0,EURO STOXX® 50 ESG,,EUR 418 m,16.44%,+18.38%,-,-
LU2009202107,Amundi MSCI Emerging Ex China UCITS ETF Acc,EMXC,3457.0,equity,USD,Luxembourg,False,Accumulating,0.15,,MSCI Emerging Markets ex China,EMXC.BE,"EUR 4,791 m",18.70%,+66.91%,+97.61%,+92.82%
LU2023678282,Amundi MSCI Disruptive Technology UCITS ETF Acc,DRUP,135.0,equity,USD,Luxembourg,False,Accumulating,0.45,228.0,MSCI ACWI IMI Disruptive Technology Filtered,DRUP.BE,EUR 155 m,15.11%,+38.77%,+69.47%,+48.22%
LU2023678449,Amundi MSCI Millennials UCITS ETF Acc,GENY,29.0,equity,USD,Luxembourg,False,Accumulating,0.45,225.0,MSCI ACWI IMI Millennials Filtered,GENY.DE,EUR 20 m,9.70%,-1.14%,+27.40%,+5.88%
LU2023678878,Amundi MSCI Digital Economy UCITS ETF Acc,EBUY,129.0,equity,USD,Luxembourg,False,Accumulating,0.45,183.0,MSCI ACWI IMI Digital Economy & Metaverse Filtered,EBUY.DE,EUR 106 m,16.26%,+28.89%,+86.10%,+52.99%
LU2023679090,Amundi MSCI Smart Mobility UCITS ETF Acc,ELCR,189.0,equity,USD,Luxembourg,False,Accumulating,0.45,80.0,MSCI ACWI IMI Future Mobility Filtered,ELCR.DE,EUR 204 m,16.45%,+42.12%,+62.09%,+53.07%
LU2037748345,Amundi MSCI Smart Cities UCITS ETF - Acc,AMEC,70.0,equity,EUR,Luxembourg,False,Accumulating,0.45,148.0,MSCI ACWI IMI Smart Cities Filtered,AMEC.DE,EUR 79 m,14.32%,+44.70%,+62.34%,+38.34%
LU2050966394,UBS MSCI EM ex China UCITS ETF USD acc,4UBL,47.0,equity,USD,Luxembourg,False,Accumulating,0.16,642.0,MSCI Emerging Markets ex China,,EUR 89 m,18.68%,+68.25%,-,-
LU2089238039,Amundi Prime Europe UCITS ETF DR (C),PRAE,167.0,equity,EUR,Luxembourg,False,Accumulating,0.05,415.0,Solactive GBS Developed Markets Europe Large & Mid Cap,PRAE.DE,EUR 212 m,12.12%,+18.02%,+47.99%,+62.90%
LU2089238112,Amundi Prime Eurozone UCITS ETF DR (C),PRAZ,77.0,equity,EUR,Luxembourg,False,Accumulating,0.05,195.0,Solactive GBS Developed Markets Eurozone Large & Mid Cap,PRAZ.DE,EUR 95 m,14.16%,+18.85%,+56.38%,+67.74%
LU2089238385,Amundi Prime Japan UCITS ETF DR (C),PRAJ,355.0,equity,JPY,Luxembourg,False,Accumulating,0.05,304.0,Solactive GBS Japan Large & Mid Cap,PRAJ.DE,EUR 537 m,18.08%,+25.63%,+56.18%,+61.08%
LU2109787049,Amundi MSCI Emerging Markets ESG Broad Transition UCITS ETF DR (C),SBIM,1272.0,equity,USD,Luxembourg,False,Accumulating,0.18,950.0,MSCI Emerging Markets ESG Broad CTB Select,SBIM.DE,"EUR 1,933 m",16.56%,+47.68%,+75.03%,+48.40%
LU2109787551,Amundi MSCI Emerging Markets ESG Selection UCITS ETF DR (C),SADM,1379.0,equity,USD,Luxembourg,False,Accumulating,0.18,396.0,MSCI EM ESG Selection P-Series 5% Issuer Capped,SADM.DE,"EUR 1,186 m",14.94%,+29.23%,+54.02%,+27.04%
LU2109787635,Amundi MSCI EMU SRI Climate Paris Aligned UCITS ETF DR (C),SRHE,136.0,equity,EUR,Luxembourg,False,Accumulating,0.18,65.0,MSCI EMU SRI Filtered PAB,SRHE.DE,EUR 125 m,12.77%,+12.37%,+42.60%,+49.23%
LU2130768844,Amundi MSCI Europe Climate Paris Aligned UCITS ETF Acc,EABE,115.0,equity,EUR,Luxembourg,False,Accumulating,0.15,255.0,MSCI Europe Climate Paris Aligned Filtered,EABE.DE,EUR 92 m,12.71%,+12.66%,+36.32%,+49.54%
LU2182388582,Amundi MSCI EMU Climate Paris Aligned UCITS ETF Acc,XAMJ,251.0,equity,EUR,Luxembourg,False,Accumulating,0.15,137.0,MSCI EMU Climate Paris Aligned Filtered,XAMJ.MU,EUR 259 m,14.50%,+11.55%,+36.09%,+42.13%
LU2194447293,BNP Paribas Easy ECPI Global ESG Blue Economy UCITS ETF EUR,BJLE,102.0,equity,EUR,Luxembourg,False,Accumulating,0.31,50.0,ECPI Global ESG Blue Economy,BJLE.BE,EUR 100 m,9.90%,+12.40%,+27.30%,+35.41%
LU2194449075,BNP Paribas Easy Low Carbon 300 World PAB UCITS ETF Acc,LOWD,103.0,equity,EUR,Luxembourg,False,Accumulating,0.31,300.0,Low Carbon 300 World PAB,,EUR 123 m,10.38%,+14.49%,+55.36%,-
LU2195226068,Amundi S&P Eurozone Climate Paris Aligned UCITS ETF Acc,ZPAB,2608.0,equity,EUR,Luxembourg,False,Accumulating,0.2,94.0,S&P Eurozone LargeMidCap Net Zero 2050 Paris-Aligned ESG,ZPAB.DE,"EUR 2,623 m",15.35%,+13.15%,+56.20%,+59.32%
LU2196470426,Xtrackers Nikkei 225 UCITS ETF 1C,XNKY,231.0,equity,JPY,Luxembourg,False,Accumulating,0.09,225.0,Nikkei 225®,XNKY.DE,EUR 294 m,22.74%,+53.66%,+78.84%,+76.88%
LU2196472984,Xtrackers S&P 500 Swap UCITS ETF 5C EUR Hedged,XS5E,250.0,equity,EUR,Luxembourg,True,Accumulating,0.2,,S&P 500® (EUR Hedged),,EUR 288 m,12.48%,+25.62%,+74.73%,-
LU2206597804,UBS MSCI Europe Socially Responsible UCITS ETF EUR acc,UIW1,62.0,equity,EUR,Luxembourg,False,Accumulating,0.18,120.0,MSCI Europe SRI Low Carbon Select 5% Issuer Capped,UIW1.DE,EUR 58 m,12.60%,+6.07%,+29.97%,+42.45%
LU2206598109,UBS MSCI Europe Socially Responsible UCITS ETF hEUR acc,UIW3,2.0,equity,EUR,Luxembourg,True,Accumulating,0.21,120.0,MSCI Europe SRI Low Carbon Select 5% Issuer Capped (EUR Hedged),UIW3.DE,EUR 3 m,12.24%,+6.21%,+29.05%,+40.03%
LU2233156749,Amundi MSCI Japan SRI Climate Paris Aligned UCITS ETF DR (C),JARI,191.0,equity,JPY,Luxembourg,False,Accumulating,0.18,36.0,MSCI Japan SRI Filtered PAB,JARI.DE,EUR 183 m,15.88%,+6.99%,+7.49%,+7.49%
LU2240851688,Amundi DAX 50 ESG UCITS ETF DR (C),DECD,40.0,equity,EUR,Luxembourg,False,Accumulating,0.15,50.0,DAX® 50 ESG+,DECD.DE,EUR 98 m,14.85%,+9.07%,+54.98%,+52.95%
LU2244387887,BNP Paribas Easy Growth Europe UCITS ETF Acc,EGRE,60.0,equity,EUR,Luxembourg,False,Accumulating,0.31,68.0,BNP Paribas Growth Europe,,EUR 62 m,13.66%,+4.81%,+10.10%,+9.04%
LU2250132763,UBS MSCI Switzerland IMI Socially Responsible UCITS ETF CHF acc,CHSR,242.0,equity,CHF,Luxembourg,False,Accumulating,0.28,55.0,MSCI Switzerland IMI Extended SRI Low Carbon Select 5% Issuer Capped,CHSR.DE,EUR 270 m,11.92%,+8.57%,+30.73%,+36.49%
LU2265794276,UBS Solactive China Technology UCITS ETF USD acc,UIC2,590.0,equity,USD,Luxembourg,False,Accumulating,0.47,91.0,Solactive China Technology,UIC2.DE,EUR 233 m,23.00%,+0.00%,+32.15%,-32.80%
LU2265794946,UBS Solactive China Technology UCITS ETF hEUR acc,UIC1,179.0,equity,EUR,Luxembourg,True,Accumulating,0.5,91.0,Solactive China Technology (EUR Hedged),UIC1.DE,EUR 159 m,24.25%,+1.31%,+39.28%,-40.50%
LU2269164310,Amundi MSCI Japan SRI Climate Paris Aligned UCITS ETF DR - EUR Hedged (C),JARH,196.0,equity,EUR,Luxembourg,True,Accumulating,0.2,36.0,MSCI Japan SRI Filtered PAB (EUR Hedged),JARH.DE,EUR 203 m,16.98%,+22.36%,+42.39%,+59.39%
LU2300295123,Amundi Prime Emerging Markets UCITS ETF DR (C),PRAM,249.0,equity,USD,Luxembourg,False,Accumulating,0.1,1710.0,Solactive GBS Emerging Markets Large & Mid Cap,,EUR 791 m,16.21%,+46.11%,+74.90%,-
LU2314312849,BNP Paribas Easy MSCI China Min TE UCITS ETF EUR Acc,9W1,81.0,equity,EUR,Luxembourg,False,Accumulating,0.27,494.0,MSCI China Select Filtered Min TE,,EUR 133 m,17.61%,+2.07%,+16.78%,-
LU2314312922,BNP Paribas Easy MSCI China Min TE UCITS ETF USD Acc,9W1A,61.0,equity,USD,Luxembourg,False,Accumulating,0.27,494.0,MSCI China Select Filtered Min TE,,EUR 13 m,17.52%,+1.22%,+16.90%,-
LU2343997487,Amundi MSCI China ESG Selection UCITS ETF DR (C),SADC,152.0,equity,USD,Luxembourg,False,Accumulating,0.35,171.0,MSCI China ESG Selection P-Series 5% Issuer Capped,,EUR 148 m,20.06%,-1.97%,+13.35%,-
LU2345046655,Amundi MSCI Emerging Ex China ESG Selection UCITS ETF DR (C),EMXU,720.0,equity,USD,Luxembourg,False,Accumulating,0.35,247.0,MSCI EM ex China ESG Selection P-Series 5% Issuer Capped,,EUR 989 m,14.30%,+35.50%,+55.51%,-
LU2365458145,BNP Paribas Easy ECPI Global ESG Hydrogen Economy UCITS ETF EUR,ASRS,14.0,equity,EUR,Luxembourg,False,Accumulating,0.31,40.0,ECPI Global ESG Hydrogen Economy,,EUR 20 m,15.59%,+61.73%,+56.49%,-
LU2376679564,Xtrackers Harvest MSCI China Tech 100 UCITS ETF 1C,XCTE,34.0,equity,USD,Luxembourg,False,Accumulating,0.44,105.0,MSCI China All Shares Tech Select Screened 100,,EUR 34 m,19.87%,+24.84%,+36.81%,-
LU2439119236,Amundi MSCI AC Far East Ex Japan ESG Selection UCITS ETF DR - USD (C),ACUU,4.0,equity,USD,Luxembourg,False,Accumulating,0.25,277.0,MSCI AC Far East ex Japan ESG Selection P-Series 5% Issuer Capped,,EUR 4 m,16.84%,+32.88%,+52.71%,-
LU2439874319,Frankfurter UCITS ETF Modern Value,C9DF,83.0,equity,EUR,Luxembourg,False,Accumulating,0.54,,Frankfurter Modern Value,,EUR 76 m,12.74%,-0.42%,+27.27%,-
LU2446381555,BNP Paribas Easy ESG Eurozone Biodiversity Leaders PAB UCITS ETF,ASRV,17.0,equity,EUR,Luxembourg,False,Accumulating,0.35,66.0,Euronext ESG Eurozone Biodiversity Leaders PAB,,EUR 5 m,14.97%,+5.27%,+34.30%,-
LU2469465822,Xtrackers MSCI China A Screened Swap UCITS ETF 1C,XCNA,81.0,equity,USD,Luxembourg,False,Accumulating,0.29,,MSCI China A Inclusion Select Screened,,EUR 79 m,14.20%,+39.49%,+41.60%,-
LU2490201840,Amundi MSCI Japan ESG Broad Transition UCITS ETF - Hedged EUR (C),AHYZ,90.0,equity,EUR,Luxembourg,True,Accumulating,0.2,167.0,MSCI Japan ESG Broad CTB Select (EUR Hedged),,EUR 93 m,19.99%,+43.73%,+97.55%,-
LU2491210618,Ossiam Bloomberg Asia Pacific ex Japan PAB NR UCITS ETF 1C (EUR),OP6E,146.0,equity,EUR,Luxembourg,False,Accumulating,0.29,64.0,Bloomberg PAB APAC DM ex-Japan Large & Mid Cap,,EUR 170 m,11.97%,+10.64%,+30.88%,-
LU2491211004,Ossiam Barclays Quantic Global E NR UCITS ETF 1C (EUR),BQGE,112.0,equity,EUR,Luxembourg,False,Accumulating,0.7,,Barclays Quantic Global E,,EUR 111 m,11.37%,+19.27%,+45.80%,-
LU2533810276,BNP Paribas Easy ECPI Circular Economy Leaders UCITS ETF USD,BJLC,2.0,equity,USD,Luxembourg,False,Accumulating,0.3,51.0,ECPI Circular Economy Leaders Equity,,EUR 2 m,10.83%,+19.83%,+38.31%,-
LU2533813023,BNP Paribas Easy ECPI Global ESG Hydrogen Economy UCITS ETF USD,ASRZ,0.0,equity,USD,Luxembourg,False,Accumulating,0.31,40.0,ECPI Global ESG Hydrogen Economy,,EUR 0 m,16.44%,+60.70%,+56.72%,-
LU2533813296,BNP Paribas Easy ECPI Global ESG Blue Economy UCITS ETF USD,ASR1,1.0,equity,USD,Luxembourg,False,Accumulating,0.31,50.0,ECPI Global ESG Blue Economy,ASR1.BE,EUR 1 m,10.35%,+11.58%,+27.53%,-
LU2555926372,Ossiam Shiller Barclays CAPE® Global Sector Value UCITS ETF 1C (USD),EUPA,3.0,equity,USD,Luxembourg,False,Accumulating,0.65,,Shiller Barclays CAPE® Global Sector,EUPA.MI,EUR 4 m,9.34%,+15.13%,+51.27%,-
LU2555926455,Ossiam Shiller Barclays CAPE Global Sector Value UCITS ETF 1C (EUR),EUPB,10.0,equity,EUR,Luxembourg,False,Accumulating,0.65,,Shiller Barclays CAPE® Global Sector,,EUR 10 m,9.37%,+15.89%,+50.98%,-
LU2564007743,CASE Invest Sustainable Future UCITS ETF (Acc),CSE,6.0,equity,EUR,Luxembourg,False,Accumulating,0.75,,CASE Invest Sustainable Future,CSEMAS.MI,EUR 7 m,16.40%,+12.14%,-,-
LU2573967036,Amundi Core MSCI Emerging Markets Swap UCITS ETF Acc,AE51,3683.0,equity,USD,Luxembourg,False,Accumulating,0.14,,MSCI Emerging Markets,,"EUR 4,893 m",16.53%,+48.27%,+78.78%,-
LU2679277744,UmweltBank UCITS ETF - Global SDG Focus,C9DY,66.0,equity,EUR,Luxembourg,False,Accumulating,0.8,,Solactive UmweltBank Global Investable Universe SDG PAB,,EUR 77 m,11.66%,+17.56%,-,-
LU2788421340,Xtrackers CSI500 Swap UCITS ETF 1C,XCSI,416.0,equity,USD,Luxembourg,False,Accumulating,0.35,,CSI SmallCap 500,,EUR 270 m,20.43%,+68.32%,-,-
LU2800573128,BNP Paribas Easy MSCI Japan Min TE UCITS ETF USD,EJAPU,1.0,equity,USD,Luxembourg,False,Accumulating,0.15,163.0,MSCI Japan Select Filtered Min TE,,EUR 1 m,19.36%,+28.11%,-,-
LU2807512947,UBS MSCI World ex USA UCITS ETF USD acc,CHSI,54.0,equity,USD,Luxembourg,False,Accumulating,0.14,777.0,MSCI World ex USA,,EUR 100 m,10.66%,+19.93%,-,-
LU2859297330,Xtrackers World Small Cap Green Tech Innovators UCITS ETF 1C,GTIS,34.0,equity,USD,Luxembourg,False,Accumulating,0.45,202.0,Xtrackers World Small Cap Green Tech Innovators,,EUR 67 m,14.44%,+35.68%,-,-
LU2859392081,Xtrackers World Green Tech Innovators UCITS ETF 1C,GTIL,13.0,equity,USD,Luxembourg,False,Accumulating,0.35,182.0,Xtrackers World Green Tech Innovators,,EUR 16 m,10.47%,+22.30%,-,-
LU2872291948,Amundi Lifecycle 2030 UCITS ETF Acc,LC30,6.0,equity,EUR,Luxembourg,False,Accumulating,0.18,,FTSE Lifecycle 2030 Screened Select,,EUR 6 m,3.98%,+6.53%,-,-
LU2872292086,Amundi Lifecycle 2033 UCITS ETF Acc,LC33,5.0,equity,EUR,Luxembourg,False,Accumulating,0.18,,FTSE Lifecycle 2033 Screened Select,,EUR 5 m,4.59%,+9.76%,-,-
LU2872292169,Amundi Lifecycle 2036 UCITS ETF Acc,LC36,6.0,equity,EUR,Luxembourg,False,Accumulating,0.18,,FTSE Lifecycle 2036 Screened Select,,EUR 6 m,5.57%,+12.73%,-,-
LU2872292243,Amundi Lifecycle 2039 UCITS ETF Acc,LC39,5.0,equity,EUR,Luxembourg,False,Accumulating,0.18,,FTSE Lifecycle 2039 Screened Select,,EUR 6 m,6.23%,+16.30%,-,-
LU2873560481,Amundi MSCI Europe ESG Broad Transition UCITS ETF EUR Hedged Acc,CEUH,60.0,equity,EUR,Luxembourg,True,Accumulating,0.14,372.0,MSCI Europe ESG Broad CTB Select (EUR Hedged),,EUR 61 m,12.16%,+17.09%,-,-
LU2873560564,Amundi Core Stoxx Europe 600 UCITS ETF USD Hedged Acc,MEUH,111.0,equity,USD,Luxembourg,True,Accumulating,0.09,612.0,STOXX® Europe 600 (USD Hedged),,EUR 126 m,11.19%,+16.35%,-,-
LU2881684745,BNP Paribas Easy ESG Enhanced Europe UCITS ETF Acc,BJL6,347.0,equity,EUR,Luxembourg,False,Accumulating,0.2,237.0,BNP Paribas Easy ESG Enhanced Europe,,EUR 559 m,13.06%,+17.12%,-,-
LU2903252349,Scalable MSCI AC World Xtrackers UCITS ETF 1C,SCWX,403.0,equity,USD,Luxembourg,False,Accumulating,0.0,2310.0,MSCI All Country World (ACWI),,EUR 613 m,9.51%,+26.27%,-,-
LU2914157412,Amundi Core MSCI Japan UCITS ETF USD Hedged Acc,AMEV,14.0,equity,USD,Luxembourg,True,Accumulating,0.14,180.0,MSCI Japan (USD Hedged),,EUR 20 m,19.45%,+45.96%,-,-
LU2951555403,iMGP DBi Managed Futures Fund R EUR ETF UCITS ETF,DBMFE,12.0,equity,EUR,Luxembourg,False,Accumulating,0.75,,iMGP DBi Managed Futures Fund,,EUR 63 m,12.94%,+26.25%,-,-
LU2951555585,iMGP DBi Managed Futures Fund R USD UCITS ETF,DBMF,39.0,equity,USD,Luxembourg,False,Accumulating,0.75,,iMGP DBi Managed Futures Fund,,EUR 85 m,12.95%,+26.13%,-,-
LU2976311444,Eurizon YIS MSCI Europe Universal UCITS ETF EUR Hedged (Acc),YIUUH,9.0,equity,EUR,Luxembourg,True,Accumulating,0.21,,MSCI Europe Universal (EUR Hedged),,EUR 8 m,-,-,-,-
LU2976312335,Eurizon YIS MSCI Europe Selection UCITS ETF EUR (Acc),YIEUS,158.0,equity,EUR,Luxembourg,False,Accumulating,0.19,,MSCI Europe Selection,,EUR 201 m,-,-,-,-
LU2976313655,Eurizon YIS MSCI North America Universal UCITS ETF EUR Hedged (Acc),YIAUH,30.0,equity,EUR,Luxembourg,True,Accumulating,0.21,,MSCI North America Universal (EUR Hedged),,EUR 37 m,-,-,-,-
LU2976313812,Eurizon YIS MSCI Japan Universal UCITS ETF EUR (Acc),YIJU,111.0,equity,EUR,Luxembourg,False,Accumulating,0.19,,MSCI Japan Universal,,EUR 158 m,-,-,-,-
LU2976314208,Eurizon YIS MSCI Japan Universal UCITS ETF EUR Hedged (Acc),YIJUH,20.0,equity,EUR,Luxembourg,True,Accumulating,0.21,,MSCI Japan Universal (EUR Hedged),,EUR 19 m,-,-,-,-
LU2976314463,Eurizon YIS MSCI Pacific ex Japan Universal UCITS ETF EUR (Acc),YIPU,134.0,equity,EUR,Luxembourg,False,Accumulating,0.19,,MSCI Pacific ex Japan Universal,,EUR 141 m,-,-,-,-
LU2976314620,Eurizon YIS MSCI Pacific ex Japan Universal UCITS ETF EUR Hedged (Acc),YIPUH,4.0,equity,EUR,Luxembourg,True,Accumulating,0.21,,MSCI Pacific ex Japan Universal (EUR Hedged),,EUR 1 m,-,-,-,-
LU2976315601,Eurizon YIS MSCI EMU Universal UCITS ETF EUR (Acc),YIEMU,47.0,equity,EUR,Luxembourg,False,Accumulating,0.19,,MSCI EMU Universal,,EUR 37 m,-,-,-,-
LU2976315866,Eurizon YIS MSCI Europe Universal UCITS ETF EUR (Acc),YIEUU,110.0,equity,EUR,Luxembourg,False,Accumulating,0.19,,MSCI Europe Universal,,EUR 101 m,-,-,-,-
LU2991918421,Amundi S&P 500 Equal Weight UCITS ETF Acc,EQSP,99.0,equity,USD,Luxembourg,False,Accumulating,0.12,,S&P 500® Equal Weight,,EUR 124 m,11.58%,+16.17%,-,-
LU2993390504,BNP Paribas Easy S&P 500 II UCITS ETF USD (Acc),EDEE,112.0,equity,USD,Luxembourg,False,Accumulating,0.08,503.0,S&P 500®,,EUR 154 m,11.55%,+26.26%,-,-
LU2993390769,BNP Paribas Easy S&P 500 II UCITS ETF EUR (Acc),EDED,126.0,equity,EUR,Luxembourg,False,Accumulating,0.08,503.0,S&P 500®,,EUR 233 m,11.54%,+26.09%,-,-
LU2993390843,BNP Paribas Easy S&P 500 II UCITS ETF EUR Hedged (Acc),EDEA,61.0,equity,EUR,Luxembourg,True,Accumulating,0.08,503.0,S&P 500® (EUR Hedged),,EUR 109 m,12.30%,+26.76%,-,-
LU2993402101,BNP Paribas Easy Alpha Enhanced Europe UCITS ETF Acc,EDEJ,34.0,equity,EUR,Luxembourg,False,Accumulating,0.13,,BNP Paribas Easy Alpha Enhanced Europe,,EUR 66 m,-,-,-,-
LU2997383372,Ossiam S&P 500 UCITS ETF 1C (EUR),0USE,524.0,equity,EUR,Luxembourg,False,Accumulating,0.05,,S&P 500®,,EUR 637 m,11.79%,+26.11%,-,-
LU3038520774,Amundi Stoxx Europe Defense UCITS ETF Acc,EDFS,381.0,equity,EUR,Luxembourg,False,Accumulating,0.35,22.0,STOXX Europe Total Market Defense Capped,,EUR 553 m,27.42%,+4.63%,-,-
LU3046617984,Ossiam MSCI Europe UCITS ETF 1C/A (EUR),MEUR,133.0,equity,EUR,Luxembourg,False,Accumulating,0.12,,MSCI Europe,,EUR 156 m,-,-,-,-
LU3046618362,Ossiam Shiller Barclays CAPE® US Sector Tilted TR UCITS ETF 1C (USD),SHTU,18.0,equity,USD,Luxembourg,False,Accumulating,0.65,,Ossiam Shiller Barclays CAPE® US Sector Tilted,,EUR 3 m,-,-,-,-
LU3046618446,Ossiam Shiller Barclays CAPE® US Sector Tilted TR UCITS ETF 1C (EUR),SHTE,16.0,equity,EUR,Luxembourg,False,Accumulating,0.65,,Ossiam Shiller Barclays CAPE® US Sector Tilted,,EUR 18 m,-,-,-,-
LU3047998896,BNP Paribas Easy Bloomberg Europe Defense UCITS ETF Acc,BJL8,389.0,equity,EUR,Luxembourg,False,Accumulating,0.18,34.0,Bloomberg Europe Defense Select,,EUR 525 m,27.14%,+4.75%,-,-
LU3053349364,Eurizon YIS MSCI USA Universal UCITS ETF USD (Acc),YIUU2,368.0,equity,USD,Luxembourg,False,Accumulating,0.19,,MSCI USA Universal,,EUR 404 m,-,-,-,-
LU3053349448,Eurizon YIS MSCI North America Universal UCITS ETF USD (Acc),YINA2,675.0,equity,USD,Luxembourg,False,Accumulating,0.19,,MSCI North America Universal,,EUR 705 m,-,-,-,-
LU3053350610,Eurizon YIS MSCI USA Selection UCITS ETF USD (Acc),YIUS2,436.0,equity,USD,Luxembourg,False,Accumulating,0.19,,MSCI USA Selection,,EUR 500 m,-,-,-,-
LU3061478973,Xtrackers Europe Defence Technologies UCITS ETF 1C,XDEF,38.0,equity,EUR,Luxembourg,False,Accumulating,0.15,28.0,STOXX Europe Total Market Defence Space and Cybersecurity Innovation,,EUR 39 m,-,-,-,-
LU3075459852,Inyova Impact Investing Active Equity Fund EUR UCITS ETF,INY0,4.0,equity,EUR,Luxembourg,False,Accumulating,0.95,,Inyova Impact Investing Active Equity Fund,,EUR 132 m,-,-,-,-
LU3078637405,Ossiam MSCI World UCITS ETF 1C/A (USD),0SWU,2.0,equity,USD,Luxembourg,False,Accumulating,0.12,,MSCI World,,EUR 2 m,-,-,-,-
LU3078637660,Ossiam MSCI World UCITS ETF 1C/A (EUR),0SWE,19.0,equity,EUR,Luxembourg,False,Accumulating,0.12,,MSCI World,,EUR 21 m,-,-,-,-
LU3086265710,BNP Paribas Easy MSCI ACWI UCITS ETF (Acc),EDEL,50.0,equity,USD,Luxembourg,False,Accumulating,0.06,,MSCI All Country World (ACWI),,EUR 57 m,-,-,-,-
LU3086268227,BNP Paribas Easy ESG Enhanced EMU UCITS ETF Acc,EDEQ,103.0,equity,EUR,Luxembourg,False,Accumulating,0.1,,BNP Paribas Easy ESG Enhanced EMU,,EUR 128 m,-,-,-,-
LU3086268573,BNP Paribas Easy MSCI Europe UCITS ETF Acc,EDEX,55.0,equity,EUR,Luxembourg,False,Accumulating,0.06,,MSCI Europe,,EUR 81 m,-,-,-,-
LU3086269894,BNP Paribas Easy MSCI Japan UCITS ETF Acc,EDEY,54.0,equity,EUR,Luxembourg,False,Accumulating,0.06,,MSCI Japan,,EUR 37 m,-,-,-,-
LU3086388124,Amundi MSCI Europe Screened UCITS ETF (Acc),EUSC,389.0,equity,EUR,Luxembourg,False,Accumulating,0.12,375.0,MSCI Europe Screened Select ex Thermal Coal,,EUR 575 m,-,-,-,-
LU3098954871,TEQ - General Artificial Intelligence R EUR UCITS ETF (Acc),TGAI,3.0,equity,EUR,Luxembourg,False,Accumulating,0.69,,TEQ – General Artificial Intelligence,,EUR 11 m,-,-,-,-
LU3104524593,Amundi S&P 400 US Mid Cap UCITS ETF Acc,MDUC,91.0,equity,USD,Luxembourg,False,Accumulating,0.2,,S&P MidCap 400,,EUR 101 m,-,-,-,-
LU3121015138,State Street EMU Screened Equity Fund UCITS ETF (Acc),SEZA,1.0,equity,EUR,Luxembourg,False,Accumulating,0.6,,State Street EMU Screened Equity Fund,,EUR 1 m,-,-,-,-
LU3121015211,State Street Emerging Markets Screened Enhanced Equity Fund UCITS ETF (Acc),SEMR,0.0,equity,USD,Luxembourg,False,Accumulating,0.6,,State Street Emerging Markets Screened Enhanced Equity Fund,,EUR 1 m,-,-,-,-
LU3121015302,State Street Climate Transition Emerging Markets Enhanced Equity Fund UCITS ETF (Acc),SECM,0.0,equity,USD,Luxembourg,False,Accumulating,0.6,,State Street Climate Transition Emerging Markets Enhanced Equity Fund,,EUR 1 m,-,-,-,-
LU3121015484,State Street Europe Small Cap Screened Equity Fund UCITS ETF (Acc),SEAP,1.0,equity,EUR,Luxembourg,False,Accumulating,0.6,,State Street Europe Small Cap Screened Equity Fund,,EUR 5 m,-,-,-,-
LU3121015567,State Street Europe Screened Enhanced Equity Fund UCITS ETF (Acc),SEPE,1.0,equity,EUR,Luxembourg,False,Accumulating,0.25,,State Street Europe Screened Enhanced Equity Fund,,EUR 1 m,-,-,-,-
LU3121015641,State Street Global Screened Enhanced Equity Fund UCITS ETF (Acc),SGBE,0.0,equity,USD,Luxembourg,False,Accumulating,0.45,,State Street Global Screened Enhanced Equity Fund,,EUR 0 m,-,-,-,-
LU3142893745,TOBAM Global Blockchain Equity UCITS ETF (Acc),,2.0,equity,EUR,Luxembourg,False,Accumulating,0.91,,TOBAM Global Blockchain Equity,,EUR 2 m,-,-,-,-
LU3146950038,Xtrackers Zurich ESG Allocation Equities UCITS ETF 1C,XZEA,2.0,equity,EUR,Luxembourg,False,Accumulating,0.17,,Solactive Zurich ESG Allocation Equities,,EUR 270 m,-,-,-,-
LU3180074463,Amundi European Strategic Autonomy UCITS ETF Acc,INDEP,6.0,equity,EUR,Luxembourg,False,Accumulating,0.4,221.0,Euronext European Strategic Autonomy,,EUR 17 m,-,-,-,-
LU3206582846,Amundi Core MSCI World Swap UCITS ETF Acc,AHYX,15.0,equity,USD,Luxembourg,False,Accumulating,0.2,,MSCI World,,EUR 19 m,-,-,-,-
LU3206582929,Amundi Core MSCI World Swap UCITS ETF EUR Hedged Acc,AHYY,2.0,equity,EUR,Luxembourg,True,Accumulating,0.22,,MSCI World (EUR Hedged),,EUR 6 m,-,-,-,-
LU3206583067,Amundi Core DAX UCITS ETF Acc,C002,0.0,equity,EUR,Luxembourg,False,Accumulating,0.08,,DAX®,,EUR 5 m,-,-,-,-
LU3206583901,Amundi Core MSCI China A Swap UCITS ETF Acc,C027,38.0,equity,USD,Luxembourg,False,Accumulating,0.25,,MSCI China A,,EUR 63 m,-,-,-,-
LU3243907741,BNP Paribas Easy MSCI ACWI UCITS ETF EUR (Acc),EEAB,0.0,equity,EUR,Luxembourg,False,Accumulating,0.06,,MSCI All Country World (ACWI),,EUR 37 m,-,-,-,-
XS2335553801,Leverage Shares 3x Disney ETP Securities,3DIE,,equity,USD,Ireland,False,Accumulating,0.75,,iSTOXX Leveraged 3x DIS,,EUR 1 m,81.80%,-42.86%,-52.00%,-
XS2337090422,Leverage Shares 3x AMD ETP,AMU3,24.0,equity,USD,Ireland,False,Accumulating,0.75,,iSTOXX Leveraged 3x AMD,,EUR 41 m,188.51%,"+2,184.38%",+162.01%,+61.01%
XS2337090851,Leverage Shares 3x Alibaba ETP,3BBE,12.0,equity,USD,Ireland,False,Accumulating,0.75,,iSTOXX Leveraged 3x BABA,,EUR 9 m,125.32%,-39.58%,-49.46%,-99.72%
XS2399364152,Leverage Shares 5x Long Nasdaq 100 ETP,QQQ5,28.0,equity,USD,Ireland,False,Accumulating,0.75,101.0,Nasdaq 100® Leverage (5x),,EUR 36 m,77.54%,+218.95%,+441.07%,-
XS2399364319,Leverage Shares -5x Short Nasdaq 100 ETP,QQ3S,6.0,equity,USD,Ireland,False,Accumulating,0.75,101.0,Nasdaq 100® Short Leverage (-5x),,EUR 5 m,93.54%,-87.88%,-98.77%,-
XS2399364665,Leverage Shares -5x Short S&P 500 ETP,SSPY,2.0,equity,USD,Ireland,False,Accumulating,0.75,1.0,S&P 500® Short Leverage (-5x),,EUR 2 m,64.80%,-77.46%,-96.13%,-
XS2399367254,Leverage Shares 3x Long Coinbase (COIN) ETP,3COI,22.0,equity,USD,Ireland,False,Accumulating,0.75,,iSTOXX Leveraged 3x COIN,,EUR 25 m,205.56%,-92.36%,-93.03%,-
XS2399369110,Leverage Shares 2x Long Berkshire Hathaway (BRK-B) ETP,2BRE,5.0,equity,USD,Ireland,False,Accumulating,0.75,,Berkshire Hathaway Leverage (2x),,EUR 5 m,28.94%,-22.99%,+42.29%,-
XS2427354985,WisdomTree FTSE MIB,WMIB,15.0,equity,EUR,Ireland,False,Accumulating,0.18,,FTSE MIB,,EUR 21 m,15.43%,+28.04%,+106.85%,-
XS2427355958,WisdomTree S&P 500,WSPX,129.0,equity,USD,Ireland,False,Accumulating,0.05,,S&P 500®,,EUR 154 m,11.50%,+26.12%,+70.99%,-
XS2427362145,WisdomTree Euro Stoxx 50,WS5X,71.0,equity,EUR,Ireland,False,Accumulating,0.05,,EURO STOXX® 50,,EUR 90 m,15.58%,+14.96%,+49.61%,-
XS2427363036,WisdomTree STOXX Europe Travel & Leisure 2x Daily Leveraged,2FLY,1.0,equity,EUR,Ireland,False,Accumulating,0.8,,STOXX® Europe 600 Travel & Leisure Leverage (2x),,EUR 1 m,42.70%,+4.84%,+0.03%,-
XS2427363895,WisdomTree STOXX Europe Automobiles 2x Daily Leveraged,2CAR,1.0,equity,EUR,Ireland,False,Accumulating,0.8,,STOXX® Europe 600 Automobiles & Parts Leverage (2x),,EUR 1 m,63.34%,-27.34%,-44.80%,-
XS2427474023,WisdomTree STOXX Europe Oil & Gas 2x Daily Short,O2IG,0.0,equity,EUR,Ireland,False,Accumulating,0.85,,STOXX® Europe 600 Oil & Gas Short Leverage (-2x),,EUR 1 m,35.12%,-60.81%,-70.61%,-
XS2435550947,GraniteShares 3x Long UniCredit Daily ETP,3LCR,9.0,equity,EUR,Ireland,False,Accumulating,0.99,,Solactive Daily Leveraged 3x Long UniCredit (3x),,EUR 11 m,90.49%,+55.78%,"+2,314.10%",-
XS2437455608,WisdomTree STOXX Europe Travel & Leisure 2x Daily Short,STR2,0.0,equity,EUR,Ireland,False,Accumulating,0.85,,STOXX® Europe 600 Travel & Leisure Short Leverage (-2x),,EUR 1 m,42.77%,-23.67%,-39.34%,-
XS2531767502,GraniteShares 5x Long MIB Daily ETF,5MIB,3.0,equity,EUR,Ireland,False,Accumulating,1.5,,FTSE MIB Leverage (5x),,EUR 4 m,76.84%,+141.35%,-,-
XS2531767767,GraniteShares 5x Short MIB Daily ETF,5SIT,0.0,equity,EUR,Ireland,False,Accumulating,1.5,,FTSE MIB Short Leverage (-5x),,EUR 1 m,77.58%,-79.82%,-,-
XS2575914176,GraniteShares 3x Long Coinbase Daily ETP,3LCO,3.0,equity,USD,Ireland,False,Accumulating,0.99,,Solactive Daily Leveraged 3x Long Coinbase (3x),,EUR 6 m,209.52%,-92.78%,-95.39%,-
XS2617255760,GraniteShares 3x Long MicroStrategy Daily ETP,3LMI,8.0,equity,USD,Ireland,False,Accumulating,0.99,,Solactive Daily Leveraged 3x Long MicroStrategy (3x),,EUR 9 m,204.76%,-99.05%,-98.84%,-
XS2656469561,GraniteShares 3x Long Facebook Daily ETP,3LFB,5.0,equity,USD,Ireland,False,Accumulating,0.99,,Solactive Daily Leveraged 3x Long Facebook (3x),,EUR 4 m,102.54%,-45.38%,-90.91%,-87.82%
XS2656472193,GraniteShares 3x Long Tesla Daily ETP,3LTS,29.0,equity,USD,Ireland,False,Accumulating,0.99,,Solactive Daily Leveraged 3x Long Tesla (3x),,EUR 36 m,139.88%,-31.65%,-70.28%,-97.78%
XS2663694680,Leverage Shares 3x Palantir ETP,PLT3,27.0,equity,USD,Ireland,False,Accumulating,0.75,,iSTOXX Leveraged 3x PLTR,,EUR 25 m,149.48%,-27.17%,"+2,500.04%",-
XS2671672819,GraniteShares 3x Short Facebook Daily ETP,3SFB,1.0,equity,USD,Ireland,False,Accumulating,0.99,,Solactive Daily Leveraged 3x Short Facebook (-3x),,EUR 1 m,112.48%,-45.59%,-99.11%,-99.94%
XS2734938835,GraniteShares 3x Long NVIDIA Daily ETP,3LNV,35.0,equity,USD,Ireland,False,Accumulating,0.99,,Solactive Daily Leveraged 3x Long NVIDIA (3x),,EUR 34 m,111.94%,+115.90%,+49.75%,+185.96%
XS2757381400,Leverage Shares 3x Tesla ETP,3TSE,234.0,equity,USD,Ireland,False,Accumulating,0.75,,iSTOXX Leveraged 3x TSLA,,EUR 244 m,135.26%,-28.80%,-67.81%,-97.51%
XS2779861082,Leverage Shares 4x Long Semiconductors ETP,SOX4,11.0,equity,USD,Ireland,False,Accumulating,0.75,,NYSE Semiconductor Leverage (4x),,EUR 34 m,131.94%,"+2,018.22%",-,-
XS2779861249,Leverage Shares 5x Long Magnificent 7 ETP,5MAG,67.0,equity,USD,Ireland,False,Accumulating,0.75,,Solactive Magnificent 7 Leverage (5x),,EUR 33 m,95.09%,+144.52%,-,-
XS2819843736,WisdomTree S&P 500 VIX Short-Term Futures 2.25x Daily Leveraged,VIXL,40.0,equity,USD,Ireland,False,Accumulating,0.99,,S&P 500 VIX Short-Term Futures Leverage (2.25x),VIXL.MI,EUR 31 m,125.18%,-90.75%,-99.87%,-100.00%
XS2820604770,Leverage Shares 3x NVIDIA ETP,NVI3,101.0,equity,USD,Ireland,False,Accumulating,0.75,,iSTOXX Leveraged 3x NVDA,,EUR 95 m,99.34%,+108.52%,"+1,193.82%","+2,417.84%"
XS2842095320,GraniteShares 3x Long Alibaba Daily ETP,3LAA,8.0,equity,USD,Ireland,False,Accumulating,0.99,,Solactive Daily Leveraged 3x Long Alibaba (3x),,EUR 2 m,125.45%,-39.03%,-50.60%,-
XS2842095676,GraniteShares 3x Short NVIDIA Daily ETP,3SNV,4.0,equity,USD,Ireland,False,Accumulating,0.99,,Solactive Daily Leveraged 3x Short NVIDIA (-3x),,EUR 2 m,105.50%,-86.09%,-99.99%,-100.00%
XS2842095759,GraniteShares 3x Short Alibaba Daily ETP,3SBB,0.0,equity,USD,Ireland,False,Accumulating,0.99,,Solactive Daily Leveraged 3x Short Alibaba (-3x),,EUR 0 m,130.41%,-75.37%,-98.90%,-
XS2846982663,GraniteShares 3x Short UniCredit Daily ETP,3SCR,4.0,equity,EUR,Ireland,False,Accumulating,0.99,,Solactive Daily Leveraged 3x Short UniCredit (-3x),,EUR 2 m,90.68%,-77.73%,-99.80%,-
XS2872232850,WisdomTree STOXX Europe Aerospace & Defence 3x Daily Leveraged,3EDF,11.0,equity,EUR,Ireland,False,Accumulating,0.8,,STOXX Europe Total Market Aerospace & Defense Leverage (3x),,EUR 8 m,79.29%,-2.33%,-,-
XS2901882618,Leverage Shares 3x Long MicroStrategy (MSTR) ETP,MST3,24.0,equity,USD,Ireland,False,Accumulating,0.75,,Euronext 3x Long MicroStrategy,,EUR 16 m,220.33%,-98.99%,-,-
XS2944874416,Leverage Shares -3x Short Nvidia (NVDA) ETP,NVIS,3.0,equity,USD,Ireland,False,Accumulating,0.75,,iSTOXX Inverse Leveraged -3x NVDA,,EUR 4 m,101.51%,-85.87%,-99.99%,-
XS2944889109,Leverage Shares 2x Long Super Micro Computer (SMCI) ETP,SMCI,4.0,equity,USD,Ireland,False,Accumulating,0.75,,Solactive 2x Long SMCI,,EUR 5 m,152.95%,-41.76%,-,-
XS2970736307,Leverage Shares -3x Short MicroStrategy (MSTR) ETP,MSTS,4.0,equity,USD,Ireland,False,Accumulating,0.75,,Euronext -3x Short MicroStrategy,,EUR 6 m,199.25%,-21.72%,-,-
XS3003323741,WisdomTree STOXX Europe Aerospace & Defense 3x Daily Short,3EDS,1.0,equity,EUR,Ireland,False,Accumulating,0.85,,STOXX Europe Total Market Aerospace & Defense Short Leverage (-3x),,EUR 0 m,80.86%,-50.33%,-,-
XS3003324129,WisdomTree Russell 2000,WRTY,4.0,equity,USD,Ireland,False,Accumulating,0.2,,Russell 2000®,,EUR 6 m,18.74%,+39.14%,-,-
XS3003325795,WisdomTree NASDAQ-100,WNAS,7.0,equity,USD,Ireland,False,Accumulating,0.2,,Nasdaq 100®,,EUR 15 m,14.96%,+38.17%,-,-
XS3037640110,Leverage Shares -3x Short Alibaba (BABA) ETP Securities,SBA3,,equity,USD,Ireland,False,Accumulating,0.75,,iSTOXX Inverse Leveraged -3x BABA,,EUR 0 m,128.15%,-76.32%,-98.98%,-
XS3068789307,Leverage Shares 3x Long Broadcom (AVGO) ETP Securities,AVG3,,equity,USD,Ireland,False,Accumulating,0.75,,Euronext 3x Long Broadcom Inc,,EUR 1 m,-,-,-,-
XS3069873134,GraniteShares 3x Short MicroStrategy Daily ETP,3SMI,4.0,equity,USD,Ireland,False,Accumulating,0.99,,Solactive Daily Leveraged 3x Short MicroStrategy (-3x),,EUR 3 m,197.91%,-49.44%,-100.00%,-
XS3075487556,GraniteShares 3x Short Tesla Daily ETP,3STS,6.0,equity,USD,Ireland,False,Accumulating,0.99,,Solactive Daily Leveraged 3x Short Tesla (-3x),,EUR 4 m,"2,387,895.41%",-83.65%,-100.00%,-100.00%
XS3135031279,Leverage Shares -3x Short Tesla ETP,TS3S,9.0,equity,USD,Ireland,False,Accumulating,0.75,,iSTOXX Inverse Leveraged -3x TSLA,,EUR 5 m,137.13%,-84.17%,-99.98%,-
XS3151431957,WisdomTree S&P 500 EUR Daily Hedged,WSPE,1.0,equity,EUR,Ireland,True,Accumulating,0.05,,S&P 500® (EUR Hedged),,EUR 4 m,-,-,-,-
XS3151433813,WisdomTree World,WWRD,2.0,equity,USD,Ireland,False,Accumulating,0.12,,BNP Paribas World Replication Futures,,EUR 12 m,-,-,-,-
